producto,categoria,pais,anio,marca,precio_usd
Producto_1,Belleza,Chile,2018,HP,154.39
Producto_1,Belleza,Chile,2019,Samsung,154.95
Producto_1,Belleza,Chile,2020,LG,127.54
Producto_1,Belleza,Chile,2021,Sony,170.12
Producto_1,Belleza,Chile,2022,Apple,21.02
Producto_1,Belleza,Chile,2023,Dell,73.61
Producto_1,Belleza,Chile,2024,Xiaomi,54.04
Producto_1,Belleza,Peru,2018,HP,114.38
Producto_1,Belleza,Peru,2019,Samsung,135.31
Producto_1,Belleza,Peru,2020,LG,27.15
Producto_1,Belleza,Peru,2021,Sony,169.2
Producto_1,Belleza,Peru,2022,HP,187.7
Producto_1,Belleza,Peru,2023,Samsung,40.69
Producto_1,Belleza,Peru,2024,Dell,45.07
Producto_1,Belleza,Colombia,2018,Samsung,73.38
Producto_1,Belleza,Colombia,2019,Huawei,10.87
Producto_1,Belleza,Colombia,2020,Samsung,182.26
Producto_1,Belleza,Colombia,2021,Samsung,73.13
Producto_1,Belleza,Colombia,2022,LG,61.19
Producto_1,Belleza,Colombia,2023,Huawei,156.89
Producto_1,Belleza,Colombia,2024,Xiaomi,190.22
Producto_1,Belleza,Mexico,2018,LG,148.69
Producto_1,Belleza,Mexico,2019,HP,19.32
Producto_1,Belleza,Mexico,2020,Apple,161.32
Producto_1,Belleza,Mexico,2021,Sony,154.68
Producto_1,Belleza,Mexico,2022,LG,63.73
Producto_1,Belleza,Mexico,2023,Sony,133.49
Producto_1,Belleza,Mexico,2024,Sony,15.82
Producto_1,Belleza,Argentina,2018,LG,63.98
Producto_1,Belleza,Argentina,2019,LG,67.9
Producto_1,Belleza,Argentina,2020,Xiaomi,179.18
Producto_1,Belleza,Argentina,2021,HP,95.78
Producto_1,Belleza,Argentina,2022,Apple,24.37
Producto_1,Belleza,Argentina,2023,Huawei,125.03
Producto_1,Belleza,Argentina,2024,Dell,199.64
Producto_1,Belleza,Brasil,2018,Samsung,79.34
Producto_1,Belleza,Brasil,2019,Dell,29.14
Producto_1,Belleza,Brasil,2020,Xiaomi,98.41
Producto_1,Belleza,Brasil,2021,HP,129.47
Producto_1,Belleza,Brasil,2022,Dell,140.59
Producto_1,Belleza,Brasil,2023,Dell,36.2
Producto_1,Belleza,Brasil,2024,Dell,14.51
Producto_2,Computación,Chile,2018,Dell,1745.88
Producto_2,Computación,Chile,2019,Dell,1441.33
Producto_2,Computación,Chile,2020,Huawei,1660.97
Producto_2,Computación,Chile,2021,Huawei,433.3
Producto_2,Computación,Chile,2022,Xiaomi,114.08
Producto_2,Computación,Chile,2023,Sony,558.64
Producto_2,Computación,Chile,2024,LG,267.84
Producto_2,Computación,Peru,2018,HP,1301.23
Producto_2,Computación,Peru,2019,HP,806.98
Producto_2,Computación,Peru,2020,Xiaomi,189.27
Producto_2,Computación,Peru,2021,Sony,1915.92
Producto_2,Computación,Peru,2022,HP,753.34
Producto_2,Computación,Peru,2023,Sony,1035.68
Producto_2,Computación,Peru,2024,HP,1498.87
Producto_2,Computación,Colombia,2018,LG,438.23
Producto_2,Computación,Colombia,2019,Xiaomi,1239.69
Producto_2,Computación,Colombia,2020,HP,433.45
Producto_2,Computación,Colombia,2021,HP,1991.6
Producto_2,Computación,Colombia,2022,Huawei,1878.23
Producto_2,Computación,Colombia,2023,LG,538.2
Producto_2,Computación,Colombia,2024,Samsung,209.22
Producto_2,Computación,Mexico,2018,HP,107.77
Producto_2,Computación,Mexico,2019,Sony,633.2
Producto_2,Computación,Mexico,2020,LG,1334.01
Producto_2,Computación,Mexico,2021,HP,124.25
Producto_2,Computación,Mexico,2022,Dell,1274.93
Producto_2,Computación,Mexico,2023,Dell,1033.37
Producto_2,Computación,Mexico,2024,Huawei,809.41
Producto_2,Computación,Argentina,2018,Sony,1413.56
Producto_2,Computación,Argentina,2019,HP,1019.35
Producto_2,Computación,Argentina,2020,Apple,859.23
Producto_2,Computación,Argentina,2021,Sony,1288.79
Producto_2,Computación,Argentina,2022,Xiaomi,787.93
Producto_2,Computación,Argentina,2023,Huawei,431.06
Producto_2,Computación,Argentina,2024,HP,209.2
Producto_2,Computación,Brasil,2018,Huawei,1604.61
Producto_2,Computación,Brasil,2019,HP,1404.57
Producto_2,Computación,Brasil,2020,Huawei,1652.29
Producto_2,Computación,Brasil,2021,Samsung,1053.88
Producto_2,Computación,Brasil,2022,Huawei,1772.69
Producto_2,Computación,Brasil,2023,LG,815.32
Producto_2,Computación,Brasil,2024,Dell,1583.2
Producto_3,Automotriz,Chile,2018,Huawei,495.78
Producto_3,Automotriz,Chile,2019,Samsung,644.2
Producto_3,Automotriz,Chile,2020,Apple,400.92
Producto_3,Automotriz,Chile,2021,Samsung,293.79
Producto_3,Automotriz,Chile,2022,Xiaomi,599.56
Producto_3,Automotriz,Chile,2023,Samsung,750.58
Producto_3,Automotriz,Chile,2024,Samsung,250.09
Producto_3,Automotriz,Peru,2018,LG,170.13
Producto_3,Automotriz,Peru,2019,Huawei,338.75
Producto_3,Automotriz,Peru,2020,Sony,720.02
Producto_3,Automotriz,Peru,2021,Apple,194.12
Producto_3,Automotriz,Peru,2022,Sony,396.88
Producto_3,Automotriz,Peru,2023,LG,341.11
Producto_3,Automotriz,Peru,2024,LG,91.67
Producto_3,Automotriz,Colombia,2018,Samsung,551.25
Producto_3,Automotriz,Colombia,2019,Dell,243.61
Producto_3,Automotriz,Colombia,2020,LG,576.44
Producto_3,Automotriz,Colombia,2021,Xiaomi,87.76
Producto_3,Automotriz,Colombia,2022,Dell,427.68
Producto_3,Automotriz,Colombia,2023,Sony,233.94
Producto_3,Automotriz,Colombia,2024,Xiaomi,268.45
Producto_3,Automotriz,Mexico,2018,LG,122.39
Producto_3,Automotriz,Mexico,2019,Huawei,267.95
Producto_3,Automotriz,Mexico,2020,Sony,159.41
Producto_3,Automotriz,Mexico,2021,Xiaomi,277.67
Producto_3,Automotriz,Mexico,2022,Samsung,102.09
Producto_3,Automotriz,Mexico,2023,HP,447.96
Producto_3,Automotriz,Mexico,2024,Apple,23.33
Producto_3,Automotriz,Argentina,2018,Dell,727.81
Producto_3,Automotriz,Argentina,2019,HP,33.77
Producto_3,Automotriz,Argentina,2020,Sony,345.44
Producto_3,Automotriz,Argentina,2021,Samsung,773.16
Producto_3,Automotriz,Argentina,2022,Xiaomi,799.27
Producto_3,Automotriz,Argentina,2023,Huawei,354.31
Producto_3,Automotriz,Argentina,2024,Samsung,572.14
Producto_3,Automotriz,Brasil,2018,LG,325.52
Producto_3,Automotriz,Brasil,2019,HP,475.88
Producto_3,Automotriz,Brasil,2020,HP,544.64
Producto_3,Automotriz,Brasil,2021,HP,256.36
Producto_3,Automotriz,Brasil,2022,Xiaomi,237.18
Producto_3,Automotriz,Brasil,2023,Apple,272.29
Producto_3,Automotriz,Brasil,2024,Huawei,717.5
Producto_4,Juguetería,Chile,2018,Samsung,115.18
Producto_4,Juguetería,Chile,2019,Xiaomi,40.54
Producto_4,Juguetería,Chile,2020,Dell,100.31
Producto_4,Juguetería,Chile,2021,Dell,30.64
Producto_4,Juguetería,Chile,2022,Apple,95.6
Producto_4,Juguetería,Chile,2023,Dell,86.63
Producto_4,Juguetería,Chile,2024,Apple,106.29
Producto_4,Juguetería,Peru,2018,HP,118.73
Producto_4,Juguetería,Peru,2019,Dell,71.11
Producto_4,Juguetería,Peru,2020,Samsung,11.36
Producto_4,Juguetería,Peru,2021,Huawei,113.08
Producto_4,Juguetería,Peru,2022,Apple,60.06
Producto_4,Juguetería,Peru,2023,LG,64.36
Producto_4,Juguetería,Peru,2024,Dell,79.3
Producto_4,Juguetería,Colombia,2018,LG,18.46
Producto_4,Juguetería,Colombia,2019,HP,68.66
Producto_4,Juguetería,Colombia,2020,Dell,94.16
Producto_4,Juguetería,Colombia,2021,LG,49.94
Producto_4,Juguetería,Colombia,2022,Apple,102.54
Producto_4,Juguetería,Colombia,2023,Dell,52.91
Producto_4,Juguetería,Colombia,2024,Apple,32.14
Producto_4,Juguetería,Mexico,2018,Dell,115.35
Producto_4,Juguetería,Mexico,2019,Apple,109.13
Producto_4,Juguetería,Mexico,2020,Apple,35.11
Producto_4,Juguetería,Mexico,2021,Sony,88.94
Producto_4,Juguetería,Mexico,2022,Dell,63.3
Producto_4,Juguetería,Mexico,2023,Huawei,69.17
Producto_4,Juguetería,Mexico,2024,Dell,44.42
Producto_4,Juguetería,Argentina,2018,LG,43.04
Producto_4,Juguetería,Argentina,2019,HP,22.89
Producto_4,Juguetería,Argentina,2020,Apple,63.13
Producto_4,Juguetería,Argentina,2021,LG,37.65
Producto_4,Juguetería,Argentina,2022,Apple,53.52
Producto_4,Juguetería,Argentina,2023,Xiaomi,49.3
Producto_4,Juguetería,Argentina,2024,Sony,117.31
Producto_4,Juguetería,Brasil,2018,Samsung,77.78
Producto_4,Juguetería,Brasil,2019,LG,51.03
Producto_4,Juguetería,Brasil,2020,Huawei,75.36
Producto_4,Juguetería,Brasil,2021,Dell,62.06
Producto_4,Juguetería,Brasil,2022,Samsung,61.18
Producto_4,Juguetería,Brasil,2023,Huawei,19.64
Producto_4,Juguetería,Brasil,2024,Apple,18.02
Producto_5,Juguetería,Chile,2018,Huawei,32.81
Producto_5,Juguetería,Chile,2019,Huawei,47.9
Producto_5,Juguetería,Chile,2020,Dell,119.82
Producto_5,Juguetería,Chile,2021,LG,116.51
Producto_5,Juguetería,Chile,2022,Dell,97.46
Producto_5,Juguetería,Chile,2023,Dell,59.99
Producto_5,Juguetería,Chile,2024,Dell,23.63
Producto_5,Juguetería,Peru,2018,Apple,21.15
Producto_5,Juguetería,Peru,2019,Xiaomi,113.37
Producto_5,Juguetería,Peru,2020,Samsung,115.63
Producto_5,Juguetería,Peru,2021,Dell,89.73
Producto_5,Juguetería,Peru,2022,LG,92.12
Producto_5,Juguetería,Peru,2023,Dell,57.88
Producto_5,Juguetería,Peru,2024,HP,52.06
Producto_5,Juguetería,Colombia,2018,HP,44.19
Producto_5,Juguetería,Colombia,2019,LG,102.02
Producto_5,Juguetería,Colombia,2020,Sony,104.59
Producto_5,Juguetería,Colombia,2021,Samsung,28.15
Producto_5,Juguetería,Colombia,2022,Apple,9.64
Producto_5,Juguetería,Colombia,2023,Sony,60.34
Producto_5,Juguetería,Colombia,2024,Dell,62.59
Producto_5,Juguetería,Mexico,2018,Apple,22.18
Producto_5,Juguetería,Mexico,2019,Xiaomi,36.53
Producto_5,Juguetería,Mexico,2020,HP,72.46
Producto_5,Juguetería,Mexico,2021,LG,84.46
Producto_5,Juguetería,Mexico,2022,LG,44.26
Producto_5,Juguetería,Mexico,2023,HP,20.27
Producto_5,Juguetería,Mexico,2024,Dell,78.15
Producto_5,Juguetería,Argentina,2018,LG,104.13
Producto_5,Juguetería,Argentina,2019,Sony,83.76
Producto_5,Juguetería,Argentina,2020,HP,119.0
Producto_5,Juguetería,Argentina,2021,Huawei,111.21
Producto_5,Juguetería,Argentina,2022,Samsung,80.23
Producto_5,Juguetería,Argentina,2023,Xiaomi,61.52
Producto_5,Juguetería,Argentina,2024,Xiaomi,90.31
Producto_5,Juguetería,Brasil,2018,Dell,28.92
Producto_5,Juguetería,Brasil,2019,Huawei,13.7
Producto_5,Juguetería,Brasil,2020,Sony,43.62
Producto_5,Juguetería,Brasil,2021,Xiaomi,59.73
Producto_5,Juguetería,Brasil,2022,Samsung,90.94
Producto_5,Juguetería,Brasil,2023,Huawei,5.49
Producto_5,Juguetería,Brasil,2024,Samsung,89.74
Producto_6,Automotriz,Chile,2018,Sony,284.95
Producto_6,Automotriz,Chile,2019,LG,479.39
Producto_6,Automotriz,Chile,2020,Sony,692.69
Producto_6,Automotriz,Chile,2021,Apple,422.77
Producto_6,Automotriz,Chile,2022,Xiaomi,535.3
Producto_6,Automotriz,Chile,2023,HP,693.23
Producto_6,Automotriz,Chile,2024,Samsung,297.4
Producto_6,Automotriz,Peru,2018,LG,459.78
Producto_6,Automotriz,Peru,2019,Sony,446.67
Producto_6,Automotriz,Peru,2020,HP,276.83
Producto_6,Automotriz,Peru,2021,Dell,684.41
Producto_6,Automotriz,Peru,2022,Xiaomi,202.13
Producto_6,Automotriz,Peru,2023,Sony,33.85
Producto_6,Automotriz,Peru,2024,Dell,693.91
Producto_6,Automotriz,Colombia,2018,HP,468.46
Producto_6,Automotriz,Colombia,2019,Apple,450.4
Producto_6,Automotriz,Colombia,2020,Sony,369.52
Producto_6,Automotriz,Colombia,2021,Huawei,202.18
Producto_6,Automotriz,Colombia,2022,Xiaomi,95.5
Producto_6,Automotriz,Colombia,2023,Huawei,37.21
Producto_6,Automotriz,Colombia,2024,HP,642.99
Producto_6,Automotriz,Mexico,2018,Apple,725.75
Producto_6,Automotriz,Mexico,2019,HP,80.71
Producto_6,Automotriz,Mexico,2020,Apple,556.48
Producto_6,Automotriz,Mexico,2021,LG,741.9
Producto_6,Automotriz,Mexico,2022,Sony,545.53
Producto_6,Automotriz,Mexico,2023,Huawei,462.65
Producto_6,Automotriz,Mexico,2024,Dell,741.29
Producto_6,Automotriz,Argentina,2018,Xiaomi,449.01
Producto_6,Automotriz,Argentina,2019,LG,726.27
Producto_6,Automotriz,Argentina,2020,Sony,202.23
Producto_6,Automotriz,Argentina,2021,Apple,485.27
Producto_6,Automotriz,Argentina,2022,Dell,404.85
Producto_6,Automotriz,Argentina,2023,Xiaomi,493.0
Producto_6,Automotriz,Argentina,2024,Huawei,289.92
Producto_6,Automotriz,Brasil,2018,Samsung,110.77
Producto_6,Automotriz,Brasil,2019,Huawei,690.8
Producto_6,Automotriz,Brasil,2020,Apple,726.59
Producto_6,Automotriz,Brasil,2021,Huawei,436.3
Producto_6,Automotriz,Brasil,2022,Dell,215.83
Producto_6,Automotriz,Brasil,2023,LG,41.43
Producto_6,Automotriz,Brasil,2024,Huawei,118.25
Producto_7,Deporte,Chile,2018,LG,174.6
Producto_7,Deporte,Chile,2019,Samsung,87.64
Producto_7,Deporte,Chile,2020,Sony,266.09
Producto_7,Deporte,Chile,2021,Dell,17.21
Producto_7,Deporte,Chile,2022,Sony,159.97
Producto_7,Deporte,Chile,2023,Xiaomi,338.65
Producto_7,Deporte,Chile,2024,LG,160.81
Producto_7,Deporte,Peru,2018,HP,251.61
Producto_7,Deporte,Peru,2019,Samsung,211.73
Producto_7,Deporte,Peru,2020,Dell,70.57
Producto_7,Deporte,Peru,2021,Samsung,386.09
Producto_7,Deporte,Peru,2022,Samsung,189.7
Producto_7,Deporte,Peru,2023,Apple,309.64
Producto_7,Deporte,Peru,2024,Huawei,308.88
Producto_7,Deporte,Colombia,2018,Dell,352.91
Producto_7,Deporte,Colombia,2019,LG,136.2
Producto_7,Deporte,Colombia,2020,Apple,53.14
Producto_7,Deporte,Colombia,2021,Apple,294.08
Producto_7,Deporte,Colombia,2022,Xiaomi,316.6
Producto_7,Deporte,Colombia,2023,Sony,259.36
Producto_7,Deporte,Colombia,2024,Sony,269.1
Producto_7,Deporte,Mexico,2018,HP,261.04
Producto_7,Deporte,Mexico,2019,Samsung,318.65
Producto_7,Deporte,Mexico,2020,Samsung,208.44
Producto_7,Deporte,Mexico,2021,Xiaomi,258.86
Producto_7,Deporte,Mexico,2022,Samsung,267.78
Producto_7,Deporte,Mexico,2023,LG,165.19
Producto_7,Deporte,Mexico,2024,HP,391.97
Producto_7,Deporte,Argentina,2018,Apple,355.17
Producto_7,Deporte,Argentina,2019,LG,167.02
Producto_7,Deporte,Argentina,2020,Huawei,317.95
Producto_7,Deporte,Argentina,2021,Samsung,55.88
Producto_7,Deporte,Argentina,2022,Sony,45.09
Producto_7,Deporte,Argentina,2023,Xiaomi,340.39
Producto_7,Deporte,Argentina,2024,Apple,298.84
Producto_7,Deporte,Brasil,2018,LG,332.05
Producto_7,Deporte,Brasil,2019,Apple,15.81
Producto_7,Deporte,Brasil,2020,LG,385.63
Producto_7,Deporte,Brasil,2021,HP,318.65
Producto_7,Deporte,Brasil,2022,Huawei,95.48
Producto_7,Deporte,Brasil,2023,Xiaomi,63.78
Producto_7,Deporte,Brasil,2024,LG,190.97
Producto_8,Computación,Chile,2018,LG,544.12
Producto_8,Computación,Chile,2019,Dell,1410.15
Producto_8,Computación,Chile,2020,LG,782.21
Producto_8,Computación,Chile,2021,HP,162.67
Producto_8,Computación,Chile,2022,LG,1792.78
Producto_8,Computación,Chile,2023,HP,1714.22
Producto_8,Computación,Chile,2024,Samsung,226.95
Producto_8,Computación,Peru,2018,Dell,681.94
Producto_8,Computación,Peru,2019,Apple,1763.15
Producto_8,Computación,Peru,2020,Xiaomi,637.72
Producto_8,Computación,Peru,2021,Huawei,1831.4
Producto_8,Computación,Peru,2022,Apple,948.13
Producto_8,Computación,Peru,2023,Xiaomi,1586.23
Producto_8,Computación,Peru,2024,LG,942.83
Producto_8,Computación,Colombia,2018,Dell,1741.98
Producto_8,Computación,Colombia,2019,HP,1589.69
Producto_8,Computación,Colombia,2020,HP,1537.96
Producto_8,Computación,Colombia,2021,LG,1771.35
Producto_8,Computación,Colombia,2022,Samsung,1380.01
Producto_8,Computación,Colombia,2023,Xiaomi,1853.0
Producto_8,Computación,Colombia,2024,Dell,1308.72
Producto_8,Computación,Mexico,2018,Sony,1759.8
Producto_8,Computación,Mexico,2019,Xiaomi,1269.3
Producto_8,Computación,Mexico,2020,Sony,945.29
Producto_8,Computación,Mexico,2021,Huawei,1151.51
Producto_8,Computación,Mexico,2022,Sony,1632.17
Producto_8,Computación,Mexico,2023,Xiaomi,445.96
Producto_8,Computación,Mexico,2024,HP,342.18
Producto_8,Computación,Argentina,2018,Xiaomi,493.54
Producto_8,Computación,Argentina,2019,Dell,973.92
Producto_8,Computación,Argentina,2020,Huawei,1661.88
Producto_8,Computación,Argentina,2021,Xiaomi,980.68
Producto_8,Computación,Argentina,2022,HP,1076.21
Producto_8,Computación,Argentina,2023,Sony,1345.62
Producto_8,Computación,Argentina,2024,Apple,813.94
Producto_8,Computación,Brasil,2018,Apple,573.27
Producto_8,Computación,Brasil,2019,HP,1150.93
Producto_8,Computación,Brasil,2020,LG,1925.64
Producto_8,Computación,Brasil,2021,Apple,176.12
Producto_8,Computación,Brasil,2022,HP,598.71
Producto_8,Computación,Brasil,2023,Dell,1054.85
Producto_8,Computación,Brasil,2024,LG,217.05
Producto_9,Belleza,Chile,2018,LG,144.72
Producto_9,Belleza,Chile,2019,Apple,53.02
Producto_9,Belleza,Chile,2020,Sony,135.61
Producto_9,Belleza,Chile,2021,Sony,116.8
Producto_9,Belleza,Chile,2022,Xiaomi,196.14
Producto_9,Belleza,Chile,2023,Samsung,29.05
Producto_9,Belleza,Chile,2024,Huawei,100.07
Producto_9,Belleza,Peru,2018,LG,92.24
Producto_9,Belleza,Peru,2019,Dell,45.05
Producto_9,Belleza,Peru,2020,Xiaomi,36.93
Producto_9,Belleza,Peru,2021,Dell,7.55
Producto_9,Belleza,Peru,2022,Huawei,80.64
Producto_9,Belleza,Peru,2023,Huawei,156.87
Producto_9,Belleza,Peru,2024,Dell,29.09
Producto_9,Belleza,Colombia,2018,Apple,149.3
Producto_9,Belleza,Colombia,2019,LG,144.6
Producto_9,Belleza,Colombia,2020,Sony,50.1
Producto_9,Belleza,Colombia,2021,LG,171.94
Producto_9,Belleza,Colombia,2022,Sony,112.4
Producto_9,Belleza,Colombia,2023,Xiaomi,15.85
Producto_9,Belleza,Colombia,2024,Sony,140.9
Producto_9,Belleza,Mexico,2018,Xiaomi,152.58
Producto_9,Belleza,Mexico,2019,Sony,47.33
Producto_9,Belleza,Mexico,2020,Samsung,118.91
Producto_9,Belleza,Mexico,2021,Samsung,34.23
Producto_9,Belleza,Mexico,2022,HP,68.46
Producto_9,Belleza,Mexico,2023,Samsung,198.91
Producto_9,Belleza,Mexico,2024,Dell,108.77
Producto_9,Belleza,Argentina,2018,Xiaomi,167.41
Producto_9,Belleza,Argentina,2019,Xiaomi,94.23
Producto_9,Belleza,Argentina,2020,Samsung,150.31
Producto_9,Belleza,Argentina,2021,Apple,64.64
Producto_9,Belleza,Argentina,2022,Huawei,46.24
Producto_9,Belleza,Argentina,2023,LG,168.82
Producto_9,Belleza,Argentina,2024,Samsung,115.33
Producto_9,Belleza,Brasil,2018,Huawei,128.87
Producto_9,Belleza,Brasil,2019,Apple,165.93
Producto_9,Belleza,Brasil,2020,Samsung,161.95
Producto_9,Belleza,Brasil,2021,Huawei,127.42
Producto_9,Belleza,Brasil,2022,LG,106.68
Producto_9,Belleza,Brasil,2023,Dell,138.19
Producto_9,Belleza,Brasil,2024,Xiaomi,54.69
Producto_10,Belleza,Chile,2018,Xiaomi,66.07
Producto_10,Belleza,Chile,2019,Xiaomi,38.74
Producto_10,Belleza,Chile,2020,LG,132.07
Producto_10,Belleza,Chile,2021,HP,50.77
Producto_10,Belleza,Chile,2022,HP,114.22
Producto_10,Belleza,Chile,2023,LG,139.88
Producto_10,Belleza,Chile,2024,LG,100.45
Producto_10,Belleza,Peru,2018,LG,139.6
Producto_10,Belleza,Peru,2019,HP,148.69
Producto_10,Belleza,Peru,2020,Dell,177.4
Producto_10,Belleza,Peru,2021,HP,15.79
Producto_10,Belleza,Peru,2022,Huawei,104.53
Producto_10,Belleza,Peru,2023,Dell,26.15
Producto_10,Belleza,Peru,2024,Huawei,33.31
Producto_10,Belleza,Colombia,2018,Xiaomi,66.31
Producto_10,Belleza,Colombia,2019,Dell,191.3
Producto_10,Belleza,Colombia,2020,Xiaomi,65.36
Producto_10,Belleza,Colombia,2021,LG,168.66
Producto_10,Belleza,Colombia,2022,Xiaomi,109.83
Producto_10,Belleza,Colombia,2023,Apple,66.81
Producto_10,Belleza,Colombia,2024,Apple,62.33
Producto_10,Belleza,Mexico,2018,Sony,13.71
Producto_10,Belleza,Mexico,2019,Dell,145.59
Producto_10,Belleza,Mexico,2020,Apple,173.74
Producto_10,Belleza,Mexico,2021,HP,173.66
Producto_10,Belleza,Mexico,2022,HP,190.42
Producto_10,Belleza,Mexico,2023,LG,57.32
Producto_10,Belleza,Mexico,2024,LG,109.65
Producto_10,Belleza,Argentina,2018,Samsung,35.81
Producto_10,Belleza,Argentina,2019,Sony,44.41
Producto_10,Belleza,Argentina,2020,LG,113.82
Producto_10,Belleza,Argentina,2021,HP,88.18
Producto_10,Belleza,Argentina,2022,Apple,31.2
Producto_10,Belleza,Argentina,2023,Huawei,190.71
Producto_10,Belleza,Argentina,2024,Dell,8.84
Producto_10,Belleza,Brasil,2018,Xiaomi,122.85
Producto_10,Belleza,Brasil,2019,Xiaomi,30.09
Producto_10,Belleza,Brasil,2020,Xiaomi,27.03
Producto_10,Belleza,Brasil,2021,Apple,99.3
Producto_10,Belleza,Brasil,2022,Sony,37.0
Producto_10,Belleza,Brasil,2023,Huawei,74.72
Producto_10,Belleza,Brasil,2024,Apple,145.82
Producto_11,Automotriz,Chile,2018,Apple,315.29
Producto_11,Automotriz,Chile,2019,LG,149.2
Producto_11,Automotriz,Chile,2020,Samsung,369.91
Producto_11,Automotriz,Chile,2021,Samsung,652.74
Producto_11,Automotriz,Chile,2022,Dell,281.3
Producto_11,Automotriz,Chile,2023,Sony,476.4
Producto_11,Automotriz,Chile,2024,Huawei,449.85
Producto_11,Automotriz,Peru,2018,HP,243.08
Producto_11,Automotriz,Peru,2019,Huawei,478.31
Producto_11,Automotriz,Peru,2020,Xiaomi,131.48
Producto_11,Automotriz,Peru,2021,HP,657.82
Producto_11,Automotriz,Peru,2022,Xiaomi,723.97
Producto_11,Automotriz,Peru,2023,Dell,200.86
Producto_11,Automotriz,Peru,2024,Sony,74.76
Producto_11,Automotriz,Colombia,2018,HP,43.9
Producto_11,Automotriz,Colombia,2019,HP,370.69
Producto_11,Automotriz,Colombia,2020,Sony,25.01
Producto_11,Automotriz,Colombia,2021,Huawei,84.29
Producto_11,Automotriz,Colombia,2022,Apple,268.8
Producto_11,Automotriz,Colombia,2023,Sony,83.62
Producto_11,Automotriz,Colombia,2024,Apple,477.79
Producto_11,Automotriz,Mexico,2018,Samsung,734.9
Producto_11,Automotriz,Mexico,2019,Samsung,785.71
Producto_11,Automotriz,Mexico,2020,Sony,227.05
Producto_11,Automotriz,Mexico,2021,Sony,156.83
Producto_11,Automotriz,Mexico,2022,Apple,58.06
Producto_11,Automotriz,Mexico,2023,HP,128.65
Producto_11,Automotriz,Mexico,2024,Dell,94.26
Producto_11,Automotriz,Argentina,2018,Dell,68.48
Producto_11,Automotriz,Argentina,2019,Apple,623.31
Producto_11,Automotriz,Argentina,2020,LG,566.59
Producto_11,Automotriz,Argentina,2021,HP,76.65
Producto_11,Automotriz,Argentina,2022,Sony,404.31
Producto_11,Automotriz,Argentina,2023,Dell,426.84
Producto_11,Automotriz,Argentina,2024,Dell,400.44
Producto_11,Automotriz,Brasil,2018,Samsung,246.81
Producto_11,Automotriz,Brasil,2019,Dell,319.06
Producto_11,Automotriz,Brasil,2020,Dell,134.71
Producto_11,Automotriz,Brasil,2021,Huawei,576.48
Producto_11,Automotriz,Brasil,2022,LG,249.57
Producto_11,Automotriz,Brasil,2023,Apple,524.67
Producto_11,Automotriz,Brasil,2024,Samsung,388.35
Producto_12,Juguetería,Chile,2018,Dell,25.7
Producto_12,Juguetería,Chile,2019,Xiaomi,44.61
Producto_12,Juguetería,Chile,2020,Sony,30.84
Producto_12,Juguetería,Chile,2021,Dell,108.0
Producto_12,Juguetería,Chile,2022,Huawei,12.85
Producto_12,Juguetería,Chile,2023,Sony,117.48
Producto_12,Juguetería,Chile,2024,LG,112.7
Producto_12,Juguetería,Peru,2018,HP,8.12
Producto_12,Juguetería,Peru,2019,Sony,85.65
Producto_12,Juguetería,Peru,2020,Huawei,108.27
Producto_12,Juguetería,Peru,2021,Huawei,17.3
Producto_12,Juguetería,Peru,2022,Samsung,115.11
Producto_12,Juguetería,Peru,2023,Sony,95.35
Producto_12,Juguetería,Peru,2024,HP,118.27
Producto_12,Juguetería,Colombia,2018,Huawei,43.1
Producto_12,Juguetería,Colombia,2019,Sony,47.31
Producto_12,Juguetería,Colombia,2020,Samsung,102.97
Producto_12,Juguetería,Colombia,2021,Apple,39.06
Producto_12,Juguetería,Colombia,2022,Xiaomi,5.14
Producto_12,Juguetería,Colombia,2023,Sony,62.65
Producto_12,Juguetería,Colombia,2024,LG,118.56
Producto_12,Juguetería,Mexico,2018,Huawei,80.13
Producto_12,Juguetería,Mexico,2019,Apple,35.45
Producto_12,Juguetería,Mexico,2020,Samsung,70.27
Producto_12,Juguetería,Mexico,2021,Samsung,86.99
Producto_12,Juguetería,Mexico,2022,Xiaomi,102.71
Producto_12,Juguetería,Mexico,2023,Sony,15.78
Producto_12,Juguetería,Mexico,2024,HP,94.64
Producto_12,Juguetería,Argentina,2018,Huawei,65.14
Producto_12,Juguetería,Argentina,2019,Dell,108.02
Producto_12,Juguetería,Argentina,2020,Huawei,76.29
Producto_12,Juguetería,Argentina,2021,Sony,63.27
Producto_12,Juguetería,Argentina,2022,Huawei,12.84
Producto_12,Juguetería,Argentina,2023,LG,10.88
Producto_12,Juguetería,Argentina,2024,Samsung,10.58
Producto_12,Juguetería,Brasil,2018,Huawei,58.59
Producto_12,Juguetería,Brasil,2019,Apple,41.56
Producto_12,Juguetería,Brasil,2020,Samsung,114.41
Producto_12,Juguetería,Brasil,2021,Samsung,27.09
Producto_12,Juguetería,Brasil,2022,Sony,96.39
Producto_12,Juguetería,Brasil,2023,HP,26.72
Producto_12,Juguetería,Brasil,2024,LG,37.85
Producto_13,Belleza,Chile,2018,LG,169.99
Producto_13,Belleza,Chile,2019,Sony,133.13
Producto_13,Belleza,Chile,2020,Apple,176.2
Producto_13,Belleza,Chile,2021,Apple,47.33
Producto_13,Belleza,Chile,2022,Apple,59.36
Producto_13,Belleza,Chile,2023,Dell,93.06
Producto_13,Belleza,Chile,2024,Apple,89.34
Producto_13,Belleza,Peru,2018,Huawei,99.38
Producto_13,Belleza,Peru,2019,Huawei,182.24
Producto_13,Belleza,Peru,2020,Apple,75.63
Producto_13,Belleza,Peru,2021,Xiaomi,135.21
Producto_13,Belleza,Peru,2022,Apple,144.79
Producto_13,Belleza,Peru,2023,Dell,199.65
Producto_13,Belleza,Peru,2024,LG,184.19
Producto_13,Belleza,Colombia,2018,LG,180.63
Producto_13,Belleza,Colombia,2019,Apple,180.31
Producto_13,Belleza,Colombia,2020,Xiaomi,39.61
Producto_13,Belleza,Colombia,2021,Samsung,53.13
Producto_13,Belleza,Colombia,2022,Huawei,74.15
Producto_13,Belleza,Colombia,2023,Sony,94.84
Producto_13,Belleza,Colombia,2024,Xiaomi,35.75
Producto_13,Belleza,Mexico,2018,Xiaomi,10.47
Producto_13,Belleza,Mexico,2019,Dell,175.94
Producto_13,Belleza,Mexico,2020,Sony,122.88
Producto_13,Belleza,Mexico,2021,LG,146.28
Producto_13,Belleza,Mexico,2022,HP,146.78
Producto_13,Belleza,Mexico,2023,Xiaomi,157.61
Producto_13,Belleza,Mexico,2024,Apple,110.48
Producto_13,Belleza,Argentina,2018,LG,136.65
Producto_13,Belleza,Argentina,2019,HP,117.0
Producto_13,Belleza,Argentina,2020,Samsung,67.43
Producto_13,Belleza,Argentina,2021,Huawei,181.71
Producto_13,Belleza,Argentina,2022,Xiaomi,27.08
Producto_13,Belleza,Argentina,2023,Sony,79.52
Producto_13,Belleza,Argentina,2024,Xiaomi,193.76
Producto_13,Belleza,Brasil,2018,Huawei,95.22
Producto_13,Belleza,Brasil,2019,Apple,155.06
Producto_13,Belleza,Brasil,2020,Dell,38.05
Producto_13,Belleza,Brasil,2021,Huawei,164.36
Producto_13,Belleza,Brasil,2022,Apple,101.77
Producto_13,Belleza,Brasil,2023,Huawei,94.12
Producto_13,Belleza,Brasil,2024,Apple,111.89
Producto_14,Electrónica,Chile,2018,Apple,1341.25
Producto_14,Electrónica,Chile,2019,HP,109.96
Producto_14,Electrónica,Chile,2020,LG,1147.64
Producto_14,Electrónica,Chile,2021,Samsung,623.73
Producto_14,Electrónica,Chile,2022,Dell,704.06
Producto_14,Electrónica,Chile,2023,Huawei,383.5
Producto_14,Electrónica,Chile,2024,Sony,1112.55
Producto_14,Electrónica,Peru,2018,Samsung,536.26
Producto_14,Electrónica,Peru,2019,Sony,1071.08
Producto_14,Electrónica,Peru,2020,HP,1229.04
Producto_14,Electrónica,Peru,2021,Apple,373.09
Producto_14,Electrónica,Peru,2022,Xiaomi,1449.33
Producto_14,Electrónica,Peru,2023,Xiaomi,1114.9
Producto_14,Electrónica,Peru,2024,HP,483.1
Producto_14,Electrónica,Colombia,2018,Sony,711.2
Producto_14,Electrónica,Colombia,2019,HP,1444.61
Producto_14,Electrónica,Colombia,2020,Sony,127.95
Producto_14,Electrónica,Colombia,2021,Xiaomi,435.26
Producto_14,Electrónica,Colombia,2022,Xiaomi,784.11
Producto_14,Electrónica,Colombia,2023,LG,318.38
Producto_14,Electrónica,Colombia,2024,Samsung,1175.92
Producto_14,Electrónica,Mexico,2018,Apple,143.4
Producto_14,Electrónica,Mexico,2019,Samsung,233.97
Producto_14,Electrónica,Mexico,2020,Xiaomi,893.7
Producto_14,Electrónica,Mexico,2021,HP,1252.35
Producto_14,Electrónica,Mexico,2022,Xiaomi,1216.39
Producto_14,Electrónica,Mexico,2023,HP,113.89
Producto_14,Electrónica,Mexico,2024,Sony,952.81
Producto_14,Electrónica,Argentina,2018,Xiaomi,233.55
Producto_14,Electrónica,Argentina,2019,Apple,285.33
Producto_14,Electrónica,Argentina,2020,Huawei,1117.29
Producto_14,Electrónica,Argentina,2021,HP,939.43
Producto_14,Electrónica,Argentina,2022,HP,805.56
Producto_14,Electrónica,Argentina,2023,Dell,1471.17
Producto_14,Electrónica,Argentina,2024,Apple,848.74
Producto_14,Electrónica,Brasil,2018,Huawei,1003.51
Producto_14,Electrónica,Brasil,2019,Apple,722.58
Producto_14,Electrónica,Brasil,2020,LG,938.87
Producto_14,Electrónica,Brasil,2021,Apple,1492.61
Producto_14,Electrónica,Brasil,2022,Huawei,593.43
Producto_14,Electrónica,Brasil,2023,Sony,160.85
Producto_14,Electrónica,Brasil,2024,Sony,1022.45
Producto_15,Hogar,Chile,2018,Samsung,245.41
Producto_15,Hogar,Chile,2019,Samsung,291.59
Producto_15,Hogar,Chile,2020,Huawei,154.23
Producto_15,Hogar,Chile,2021,Sony,203.7
Producto_15,Hogar,Chile,2022,Apple,57.6
Producto_15,Hogar,Chile,2023,Samsung,177.84
Producto_15,Hogar,Chile,2024,HP,147.49
Producto_15,Hogar,Peru,2018,Huawei,123.09
Producto_15,Hogar,Peru,2019,Sony,177.78
Producto_15,Hogar,Peru,2020,Xiaomi,180.14
Producto_15,Hogar,Peru,2021,LG,116.46
Producto_15,Hogar,Peru,2022,Huawei,177.85
Producto_15,Hogar,Peru,2023,Samsung,272.78
Producto_15,Hogar,Peru,2024,Dell,270.87
Producto_15,Hogar,Colombia,2018,Samsung,29.16
Producto_15,Hogar,Colombia,2019,Huawei,200.74
Producto_15,Hogar,Colombia,2020,Xiaomi,92.25
Producto_15,Hogar,Colombia,2021,Apple,176.92
Producto_15,Hogar,Colombia,2022,Sony,172.54
Producto_15,Hogar,Colombia,2023,LG,230.52
Producto_15,Hogar,Colombia,2024,Sony,105.1
Producto_15,Hogar,Mexico,2018,Apple,286.81
Producto_15,Hogar,Mexico,2019,Dell,178.28
Producto_15,Hogar,Mexico,2020,Samsung,39.2
Producto_15,Hogar,Mexico,2021,Xiaomi,195.28
Producto_15,Hogar,Mexico,2022,Sony,10.45
Producto_15,Hogar,Mexico,2023,Huawei,240.81
Producto_15,Hogar,Mexico,2024,Sony,29.09
Producto_15,Hogar,Argentina,2018,Sony,136.11
Producto_15,Hogar,Argentina,2019,Sony,122.19
Producto_15,Hogar,Argentina,2020,Dell,71.24
Producto_15,Hogar,Argentina,2021,Dell,186.01
Producto_15,Hogar,Argentina,2022,Dell,19.36
Producto_15,Hogar,Argentina,2023,LG,53.51
Producto_15,Hogar,Argentina,2024,HP,82.11
Producto_15,Hogar,Brasil,2018,Dell,18.99
Producto_15,Hogar,Brasil,2019,LG,210.66
Producto_15,Hogar,Brasil,2020,LG,221.75
Producto_15,Hogar,Brasil,2021,Samsung,278.72
Producto_15,Hogar,Brasil,2022,Apple,148.22
Producto_15,Hogar,Brasil,2023,LG,25.58
Producto_15,Hogar,Brasil,2024,HP,21.33
Producto_16,Automotriz,Chile,2018,Apple,486.74
Producto_16,Automotriz,Chile,2019,Xiaomi,171.7
Producto_16,Automotriz,Chile,2020,Xiaomi,322.64
Producto_16,Automotriz,Chile,2021,Apple,104.77
Producto_16,Automotriz,Chile,2022,Sony,302.81
Producto_16,Automotriz,Chile,2023,Sony,491.21
Producto_16,Automotriz,Chile,2024,Xiaomi,175.08
Producto_16,Automotriz,Peru,2018,HP,261.19
Producto_16,Automotriz,Peru,2019,Xiaomi,366.84
Producto_16,Automotriz,Peru,2020,Huawei,642.63
Producto_16,Automotriz,Peru,2021,LG,265.59
Producto_16,Automotriz,Peru,2022,Apple,153.06
Producto_16,Automotriz,Peru,2023,Huawei,577.12
Producto_16,Automotriz,Peru,2024,HP,488.12
Producto_16,Automotriz,Colombia,2018,Samsung,204.7
Producto_16,Automotriz,Colombia,2019,HP,405.8
Producto_16,Automotriz,Colombia,2020,Sony,264.16
Producto_16,Automotriz,Colombia,2021,Apple,387.33
Producto_16,Automotriz,Colombia,2022,Huawei,291.57
Producto_16,Automotriz,Colombia,2023,Xiaomi,451.6
Producto_16,Automotriz,Colombia,2024,LG,63.69
Producto_16,Automotriz,Mexico,2018,Apple,244.79
Producto_16,Automotriz,Mexico,2019,Samsung,779.73
Producto_16,Automotriz,Mexico,2020,Huawei,24.39
Producto_16,Automotriz,Mexico,2021,Apple,543.47
Producto_16,Automotriz,Mexico,2022,Apple,464.48
Producto_16,Automotriz,Mexico,2023,HP,55.94
Producto_16,Automotriz,Mexico,2024,Samsung,530.03
Producto_16,Automotriz,Argentina,2018,Sony,533.76
Producto_16,Automotriz,Argentina,2019,LG,109.65
Producto_16,Automotriz,Argentina,2020,Apple,321.55
Producto_16,Automotriz,Argentina,2021,Apple,287.1
Producto_16,Automotriz,Argentina,2022,LG,424.91
Producto_16,Automotriz,Argentina,2023,Samsung,192.09
Producto_16,Automotriz,Argentina,2024,HP,316.22
Producto_16,Automotriz,Brasil,2018,Xiaomi,447.18
Producto_16,Automotriz,Brasil,2019,Dell,110.61
Producto_16,Automotriz,Brasil,2020,Huawei,272.58
Producto_16,Automotriz,Brasil,2021,Dell,471.57
Producto_16,Automotriz,Brasil,2022,Dell,740.54
Producto_16,Automotriz,Brasil,2023,HP,795.22
Producto_16,Automotriz,Brasil,2024,Samsung,493.62
Producto_17,Computación,Chile,2018,HP,1219.75
Producto_17,Computación,Chile,2019,Huawei,941.57
Producto_17,Computación,Chile,2020,Huawei,1635.8
Producto_17,Computación,Chile,2021,HP,683.46
Producto_17,Computación,Chile,2022,LG,1661.81
Producto_17,Computación,Chile,2023,HP,1519.58
Producto_17,Computación,Chile,2024,LG,1064.19
Producto_17,Computación,Peru,2018,HP,1485.51
Producto_17,Computación,Peru,2019,Apple,809.27
Producto_17,Computación,Peru,2020,Xiaomi,1360.81
Producto_17,Computación,Peru,2021,Sony,1679.76
Producto_17,Computación,Peru,2022,Xiaomi,1358.25
Producto_17,Computación,Peru,2023,Huawei,1653.98
Producto_17,Computación,Peru,2024,Sony,1382.99
Producto_17,Computación,Colombia,2018,Huawei,1193.68
Producto_17,Computación,Colombia,2019,Xiaomi,240.8
Producto_17,Computación,Colombia,2020,Xiaomi,891.54
Producto_17,Computación,Colombia,2021,Dell,861.08
Producto_17,Computación,Colombia,2022,LG,950.09
Producto_17,Computación,Colombia,2023,Sony,1010.79
Producto_17,Computación,Colombia,2024,Huawei,1716.47
Producto_17,Computación,Mexico,2018,Sony,1629.5
Producto_17,Computación,Mexico,2019,Samsung,232.09
Producto_17,Computación,Mexico,2020,LG,1445.28
Producto_17,Computación,Mexico,2021,Huawei,1938.07
Producto_17,Computación,Mexico,2022,Samsung,1615.67
Producto_17,Computación,Mexico,2023,Dell,1954.97
Producto_17,Computación,Mexico,2024,Dell,976.71
Producto_17,Computación,Argentina,2018,HP,122.46
Producto_17,Computación,Argentina,2019,Huawei,1219.95
Producto_17,Computación,Argentina,2020,Huawei,131.04
Producto_17,Computación,Argentina,2021,HP,1010.43
Producto_17,Computación,Argentina,2022,Samsung,1895.23
Producto_17,Computación,Argentina,2023,Dell,1781.32
Producto_17,Computación,Argentina,2024,Xiaomi,1895.78
Producto_17,Computación,Brasil,2018,Huawei,1798.13
Producto_17,Computación,Brasil,2019,Huawei,254.82
Producto_17,Computación,Brasil,2020,Huawei,639.4
Producto_17,Computación,Brasil,2021,HP,818.65
Producto_17,Computación,Brasil,2022,Dell,1334.23
Producto_17,Computación,Brasil,2023,Apple,1732.35
Producto_17,Computación,Brasil,2024,Sony,671.21
Producto_18,Electrónica,Chile,2018,Dell,694.12
Producto_18,Electrónica,Chile,2019,HP,723.64
Producto_18,Electrónica,Chile,2020,Samsung,1427.77
Producto_18,Electrónica,Chile,2021,Huawei,219.08
Producto_18,Electrónica,Chile,2022,HP,241.89
Producto_18,Electrónica,Chile,2023,Xiaomi,1423.22
Producto_18,Electrónica,Chile,2024,Apple,901.8
Producto_18,Electrónica,Peru,2018,HP,1343.15
Producto_18,Electrónica,Peru,2019,Xiaomi,1196.97
Producto_18,Electrónica,Peru,2020,Xiaomi,140.88
Producto_18,Electrónica,Peru,2021,Huawei,268.08
Producto_18,Electrónica,Peru,2022,Samsung,939.69
Producto_18,Electrónica,Peru,2023,Samsung,1287.99
Producto_18,Electrónica,Peru,2024,Samsung,539.03
Producto_18,Electrónica,Colombia,2018,Dell,1473.96
Producto_18,Electrónica,Colombia,2019,Xiaomi,1054.17
Producto_18,Electrónica,Colombia,2020,Sony,251.25
Producto_18,Electrónica,Colombia,2021,Sony,155.7
Producto_18,Electrónica,Colombia,2022,Sony,733.81
Producto_18,Electrónica,Colombia,2023,Samsung,1357.83
Producto_18,Electrónica,Colombia,2024,Dell,276.83
Producto_18,Electrónica,Mexico,2018,HP,198.6
Producto_18,Electrónica,Mexico,2019,LG,869.78
Producto_18,Electrónica,Mexico,2020,Huawei,1397.68
Producto_18,Electrónica,Mexico,2021,HP,772.7
Producto_18,Electrónica,Mexico,2022,HP,1099.49
Producto_18,Electrónica,Mexico,2023,Samsung,1155.9
Producto_18,Electrónica,Mexico,2024,Dell,1369.96
Producto_18,Electrónica,Argentina,2018,Dell,1124.15
Producto_18,Electrónica,Argentina,2019,Sony,1070.01
Producto_18,Electrónica,Argentina,2020,Huawei,603.01
Producto_18,Electrónica,Argentina,2021,HP,316.75
Producto_18,Electrónica,Argentina,2022,Huawei,708.27
Producto_18,Electrónica,Argentina,2023,Dell,1499.98
Producto_18,Electrónica,Argentina,2024,Huawei,787.75
Producto_18,Electrónica,Brasil,2018,HP,840.64
Producto_18,Electrónica,Brasil,2019,LG,746.11
Producto_18,Electrónica,Brasil,2020,Xiaomi,726.38
Producto_18,Electrónica,Brasil,2021,Sony,164.22
Producto_18,Electrónica,Brasil,2022,Apple,1450.31
Producto_18,Electrónica,Brasil,2023,Apple,1438.09
Producto_18,Electrónica,Brasil,2024,Dell,889.74
Producto_19,Juguetería,Chile,2018,HP,43.68
Producto_19,Juguetería,Chile,2019,Apple,19.17
Producto_19,Juguetería,Chile,2020,Samsung,42.13
Producto_19,Juguetería,Chile,2021,LG,44.57
Producto_19,Juguetería,Chile,2022,LG,17.77
Producto_19,Juguetería,Chile,2023,Sony,35.9
Producto_19,Juguetería,Chile,2024,Huawei,29.97
Producto_19,Juguetería,Peru,2018,Samsung,70.89
Producto_19,Juguetería,Peru,2019,Xiaomi,56.23
Producto_19,Juguetería,Peru,2020,Sony,73.42
Producto_19,Juguetería,Peru,2021,HP,53.19
Producto_19,Juguetería,Peru,2022,LG,41.7
Producto_19,Juguetería,Peru,2023,Sony,63.59
Producto_19,Juguetería,Peru,2024,LG,42.12
Producto_19,Juguetería,Colombia,2018,Huawei,109.49
Producto_19,Juguetería,Colombia,2019,Huawei,70.53
Producto_19,Juguetería,Colombia,2020,Sony,109.12
Producto_19,Juguetería,Colombia,2021,Samsung,39.03
Producto_19,Juguetería,Colombia,2022,LG,47.39
Producto_19,Juguetería,Colombia,2023,Dell,107.99
Producto_19,Juguetería,Colombia,2024,Xiaomi,94.33
Producto_19,Juguetería,Mexico,2018,Apple,55.56
Producto_19,Juguetería,Mexico,2019,HP,19.84
Producto_19,Juguetería,Mexico,2020,Xiaomi,94.77
Producto_19,Juguetería,Mexico,2021,Dell,7.06
Producto_19,Juguetería,Mexico,2022,Apple,68.72
Producto_19,Juguetería,Mexico,2023,LG,66.13
Producto_19,Juguetería,Mexico,2024,Dell,109.9
Producto_19,Juguetería,Argentina,2018,Xiaomi,14.96
Producto_19,Juguetería,Argentina,2019,Apple,97.05
Producto_19,Juguetería,Argentina,2020,HP,15.33
Producto_19,Juguetería,Argentina,2021,Xiaomi,61.1
Producto_19,Juguetería,Argentina,2022,Apple,8.01
Producto_19,Juguetería,Argentina,2023,Huawei,76.55
Producto_19,Juguetería,Argentina,2024,Samsung,96.58
Producto_19,Juguetería,Brasil,2018,Xiaomi,110.93
Producto_19,Juguetería,Brasil,2019,Apple,64.07
Producto_19,Juguetería,Brasil,2020,Dell,19.4
Producto_19,Juguetería,Brasil,2021,Apple,46.49
Producto_19,Juguetería,Brasil,2022,Xiaomi,89.68
Producto_19,Juguetería,Brasil,2023,Samsung,58.37
Producto_19,Juguetería,Brasil,2024,Dell,64.99
Producto_20,Computación,Chile,2018,Dell,1403.07
Producto_20,Computación,Chile,2019,HP,1035.08
Producto_20,Computación,Chile,2020,Xiaomi,1910.11
Producto_20,Computación,Chile,2021,Apple,857.2
Producto_20,Computación,Chile,2022,LG,1195.19
Producto_20,Computación,Chile,2023,Apple,1778.35
Producto_20,Computación,Chile,2024,HP,1196.21
Producto_20,Computación,Peru,2018,LG,1137.19
Producto_20,Computación,Peru,2019,LG,497.03
Producto_20,Computación,Peru,2020,Huawei,1462.11
Producto_20,Computación,Peru,2021,HP,1808.55
Producto_20,Computación,Peru,2022,LG,1151.46
Producto_20,Computación,Peru,2023,Dell,674.65
Producto_20,Computación,Peru,2024,Xiaomi,824.36
Producto_20,Computación,Colombia,2018,Sony,555.07
Producto_20,Computación,Colombia,2019,Samsung,536.37
Producto_20,Computación,Colombia,2020,Huawei,1714.25
Producto_20,Computación,Colombia,2021,LG,1197.92
Producto_20,Computación,Colombia,2022,HP,1017.13
Producto_20,Computación,Colombia,2023,Apple,1274.66
Producto_20,Computación,Colombia,2024,Dell,920.05
Producto_20,Computación,Mexico,2018,HP,804.17
Producto_20,Computación,Mexico,2019,LG,333.52
Producto_20,Computación,Mexico,2020,Sony,1742.36
Producto_20,Computación,Mexico,2021,Xiaomi,246.35
Producto_20,Computación,Mexico,2022,Huawei,1143.54
Producto_20,Computación,Mexico,2023,Samsung,1054.25
Producto_20,Computación,Mexico,2024,Huawei,602.19
Producto_20,Computación,Argentina,2018,LG,1235.02
Producto_20,Computación,Argentina,2019,Dell,831.72
Producto_20,Computación,Argentina,2020,Huawei,1962.73
Producto_20,Computación,Argentina,2021,Samsung,391.28
Producto_20,Computación,Argentina,2022,LG,275.43
Producto_20,Computación,Argentina,2023,Apple,1401.05
Producto_20,Computación,Argentina,2024,HP,1212.07
Producto_20,Computación,Brasil,2018,Apple,908.64
Producto_20,Computación,Brasil,2019,Xiaomi,1138.34
Producto_20,Computación,Brasil,2020,Xiaomi,212.28
Producto_20,Computación,Brasil,2021,Sony,1809.4
Producto_20,Computación,Brasil,2022,Dell,1819.51
Producto_20,Computación,Brasil,2023,Apple,1458.2
Producto_20,Computación,Brasil,2024,Dell,408.3
Producto_21,Hogar,Chile,2018,Samsung,242.23
Producto_21,Hogar,Chile,2019,LG,283.03
Producto_21,Hogar,Chile,2020,HP,143.01
Producto_21,Hogar,Chile,2021,Xiaomi,27.48
Producto_21,Hogar,Chile,2022,Xiaomi,27.45
Producto_21,Hogar,Chile,2023,Dell,68.33
Producto_21,Hogar,Chile,2024,Dell,25.85
Producto_21,Hogar,Peru,2018,Huawei,55.28
Producto_21,Hogar,Peru,2019,Dell,134.99
Producto_21,Hogar,Peru,2020,Xiaomi,270.95
Producto_21,Hogar,Peru,2021,Huawei,11.47
Producto_21,Hogar,Peru,2022,LG,43.59
Producto_21,Hogar,Peru,2023,Sony,19.16
Producto_21,Hogar,Peru,2024,Sony,24.9
Producto_21,Hogar,Colombia,2018,Huawei,112.69
Producto_21,Hogar,Colombia,2019,HP,65.09
Producto_21,Hogar,Colombia,2020,Samsung,184.96
Producto_21,Hogar,Colombia,2021,Sony,290.02
Producto_21,Hogar,Colombia,2022,Samsung,27.38
Producto_21,Hogar,Colombia,2023,Xiaomi,119.41
Producto_21,Hogar,Colombia,2024,LG,81.15
Producto_21,Hogar,Mexico,2018,Dell,27.19
Producto_21,Hogar,Mexico,2019,Xiaomi,38.94
Producto_21,Hogar,Mexico,2020,LG,284.5
Producto_21,Hogar,Mexico,2021,Apple,125.82
Producto_21,Hogar,Mexico,2022,Dell,52.2
Producto_21,Hogar,Mexico,2023,Xiaomi,177.03
Producto_21,Hogar,Mexico,2024,HP,46.96
Producto_21,Hogar,Argentina,2018,Apple,201.6
Producto_21,Hogar,Argentina,2019,Huawei,98.53
Producto_21,Hogar,Argentina,2020,Dell,175.11
Producto_21,Hogar,Argentina,2021,Huawei,63.7
Producto_21,Hogar,Argentina,2022,Apple,265.78
Producto_21,Hogar,Argentina,2023,Dell,165.97
Producto_21,Hogar,Argentina,2024,LG,35.3
Producto_21,Hogar,Brasil,2018,Xiaomi,257.92
Producto_21,Hogar,Brasil,2019,LG,20.01
Producto_21,Hogar,Brasil,2020,Sony,90.49
Producto_21,Hogar,Brasil,2021,Apple,36.75
Producto_21,Hogar,Brasil,2022,LG,149.36
Producto_21,Hogar,Brasil,2023,Sony,207.58
Producto_21,Hogar,Brasil,2024,Huawei,155.06
Producto_22,Belleza,Chile,2018,Apple,81.04
Producto_22,Belleza,Chile,2019,Huawei,15.14
Producto_22,Belleza,Chile,2020,Xiaomi,176.56
Producto_22,Belleza,Chile,2021,Sony,90.17
Producto_22,Belleza,Chile,2022,Samsung,31.73
Producto_22,Belleza,Chile,2023,Sony,74.16
Producto_22,Belleza,Chile,2024,LG,103.93
Producto_22,Belleza,Peru,2018,Sony,56.92
Producto_22,Belleza,Peru,2019,LG,199.81
Producto_22,Belleza,Peru,2020,LG,96.02
Producto_22,Belleza,Peru,2021,Sony,146.06
Producto_22,Belleza,Peru,2022,Dell,9.39
Producto_22,Belleza,Peru,2023,Sony,31.15
Producto_22,Belleza,Peru,2024,Dell,42.7
Producto_22,Belleza,Colombia,2018,Dell,70.41
Producto_22,Belleza,Colombia,2019,LG,131.59
Producto_22,Belleza,Colombia,2020,Huawei,128.36
Producto_22,Belleza,Colombia,2021,Apple,48.54
Producto_22,Belleza,Colombia,2022,Dell,166.88
Producto_22,Belleza,Colombia,2023,Huawei,184.18
Producto_22,Belleza,Colombia,2024,Samsung,182.31
Producto_22,Belleza,Mexico,2018,LG,6.94
Producto_22,Belleza,Mexico,2019,LG,96.15
Producto_22,Belleza,Mexico,2020,Dell,86.24
Producto_22,Belleza,Mexico,2021,Sony,183.44
Producto_22,Belleza,Mexico,2022,Xiaomi,125.9
Producto_22,Belleza,Mexico,2023,Apple,46.75
Producto_22,Belleza,Mexico,2024,LG,188.11
Producto_22,Belleza,Argentina,2018,Samsung,183.36
Producto_22,Belleza,Argentina,2019,Sony,62.22
Producto_22,Belleza,Argentina,2020,Apple,110.71
Producto_22,Belleza,Argentina,2021,HP,44.14
Producto_22,Belleza,Argentina,2022,LG,195.1
Producto_22,Belleza,Argentina,2023,Sony,120.58
Producto_22,Belleza,Argentina,2024,Dell,28.65
Producto_22,Belleza,Brasil,2018,Huawei,103.95
Producto_22,Belleza,Brasil,2019,Sony,42.49
Producto_22,Belleza,Brasil,2020,Apple,123.38
Producto_22,Belleza,Brasil,2021,Dell,135.07
Producto_22,Belleza,Brasil,2022,Apple,46.79
Producto_22,Belleza,Brasil,2023,Samsung,34.17
Producto_22,Belleza,Brasil,2024,HP,113.59
Producto_23,Electrónica,Chile,2018,LG,396.19
Producto_23,Electrónica,Chile,2019,Sony,1157.66
Producto_23,Electrónica,Chile,2020,HP,1472.78
Producto_23,Electrónica,Chile,2021,Huawei,270.87
Producto_23,Electrónica,Chile,2022,Apple,368.13
Producto_23,Electrónica,Chile,2023,Xiaomi,1174.24
Producto_23,Electrónica,Chile,2024,Huawei,639.38
Producto_23,Electrónica,Peru,2018,Sony,1441.93
Producto_23,Electrónica,Peru,2019,Samsung,391.71
Producto_23,Electrónica,Peru,2020,Dell,1090.66
Producto_23,Electrónica,Peru,2021,Huawei,622.44
Producto_23,Electrónica,Peru,2022,Apple,345.09
Producto_23,Electrónica,Peru,2023,Huawei,1357.02
Producto_23,Electrónica,Peru,2024,HP,885.21
Producto_23,Electrónica,Colombia,2018,Apple,175.27
Producto_23,Electrónica,Colombia,2019,HP,989.52
Producto_23,Electrónica,Colombia,2020,Sony,1128.28
Producto_23,Electrónica,Colombia,2021,Samsung,590.61
Producto_23,Electrónica,Colombia,2022,Huawei,949.73
Producto_23,Electrónica,Colombia,2023,Xiaomi,1498.94
Producto_23,Electrónica,Colombia,2024,Xiaomi,966.66
Producto_23,Electrónica,Mexico,2018,Dell,648.4
Producto_23,Electrónica,Mexico,2019,Apple,547.37
Producto_23,Electrónica,Mexico,2020,Apple,518.31
Producto_23,Electrónica,Mexico,2021,Samsung,1308.2
Producto_23,Electrónica,Mexico,2022,Apple,552.9
Producto_23,Electrónica,Mexico,2023,Dell,1272.24
Producto_23,Electrónica,Mexico,2024,Sony,1277.96
Producto_23,Electrónica,Argentina,2018,Sony,737.23
Producto_23,Electrónica,Argentina,2019,Apple,569.96
Producto_23,Electrónica,Argentina,2020,Sony,161.96
Producto_23,Electrónica,Argentina,2021,Sony,1255.95
Producto_23,Electrónica,Argentina,2022,Dell,974.28
Producto_23,Electrónica,Argentina,2023,LG,838.65
Producto_23,Electrónica,Argentina,2024,Apple,978.39
Producto_23,Electrónica,Brasil,2018,Huawei,1136.57
Producto_23,Electrónica,Brasil,2019,LG,714.65
Producto_23,Electrónica,Brasil,2020,Dell,731.21
Producto_23,Electrónica,Brasil,2021,Huawei,228.1
Producto_23,Electrónica,Brasil,2022,Dell,1342.7
Producto_23,Electrónica,Brasil,2023,HP,704.78
Producto_23,Electrónica,Brasil,2024,LG,922.2
Producto_24,Deporte,Chile,2018,Sony,285.94
Producto_24,Deporte,Chile,2019,Dell,365.12
Producto_24,Deporte,Chile,2020,Xiaomi,36.64
Producto_24,Deporte,Chile,2021,Dell,309.56
Producto_24,Deporte,Chile,2022,Xiaomi,126.42
Producto_24,Deporte,Chile,2023,Sony,175.35
Producto_24,Deporte,Chile,2024,Sony,20.24
Producto_24,Deporte,Peru,2018,HP,142.61
Producto_24,Deporte,Peru,2019,Sony,376.1
Producto_24,Deporte,Peru,2020,LG,394.95
Producto_24,Deporte,Peru,2021,Huawei,280.49
Producto_24,Deporte,Peru,2022,HP,108.2
Producto_24,Deporte,Peru,2023,LG,173.76
Producto_24,Deporte,Peru,2024,LG,173.56
Producto_24,Deporte,Colombia,2018,Xiaomi,312.52
Producto_24,Deporte,Colombia,2019,Huawei,274.99
Producto_24,Deporte,Colombia,2020,Sony,337.39
Producto_24,Deporte,Colombia,2021,HP,151.75
Producto_24,Deporte,Colombia,2022,Samsung,97.61
Producto_24,Deporte,Colombia,2023,Samsung,291.78
Producto_24,Deporte,Colombia,2024,Xiaomi,145.64
Producto_24,Deporte,Mexico,2018,Apple,200.94
Producto_24,Deporte,Mexico,2019,Samsung,47.64
Producto_24,Deporte,Mexico,2020,HP,59.3
Producto_24,Deporte,Mexico,2021,Apple,148.02
Producto_24,Deporte,Mexico,2022,LG,222.48
Producto_24,Deporte,Mexico,2023,Xiaomi,139.5
Producto_24,Deporte,Mexico,2024,Sony,18.19
Producto_24,Deporte,Argentina,2018,HP,210.71
Producto_24,Deporte,Argentina,2019,Dell,249.1
Producto_24,Deporte,Argentina,2020,Sony,105.2
Producto_24,Deporte,Argentina,2021,Apple,229.8
Producto_24,Deporte,Argentina,2022,LG,127.44
Producto_24,Deporte,Argentina,2023,Dell,267.87
Producto_24,Deporte,Argentina,2024,LG,308.93
Producto_24,Deporte,Brasil,2018,Huawei,317.36
Producto_24,Deporte,Brasil,2019,Huawei,119.98
Producto_24,Deporte,Brasil,2020,Dell,390.08
Producto_24,Deporte,Brasil,2021,HP,229.1
Producto_24,Deporte,Brasil,2022,Dell,85.23
Producto_24,Deporte,Brasil,2023,Apple,193.18
Producto_24,Deporte,Brasil,2024,Sony,39.56
Producto_25,Deporte,Chile,2018,Xiaomi,376.2
Producto_25,Deporte,Chile,2019,Dell,357.41
Producto_25,Deporte,Chile,2020,Samsung,179.99
Producto_25,Deporte,Chile,2021,Xiaomi,239.01
Producto_25,Deporte,Chile,2022,Apple,178.97
Producto_25,Deporte,Chile,2023,HP,97.33
Producto_25,Deporte,Chile,2024,LG,185.69
Producto_25,Deporte,Peru,2018,Apple,244.56
Producto_25,Deporte,Peru,2019,Apple,354.71
Producto_25,Deporte,Peru,2020,Apple,258.08
Producto_25,Deporte,Peru,2021,Apple,31.92
Producto_25,Deporte,Peru,2022,Xiaomi,169.16
Producto_25,Deporte,Peru,2023,Apple,160.58
Producto_25,Deporte,Peru,2024,Dell,353.18
Producto_25,Deporte,Colombia,2018,Huawei,98.49
Producto_25,Deporte,Colombia,2019,LG,153.39
Producto_25,Deporte,Colombia,2020,Sony,193.75
Producto_25,Deporte,Colombia,2021,Sony,264.04
Producto_25,Deporte,Colombia,2022,Huawei,91.54
Producto_25,Deporte,Colombia,2023,Xiaomi,257.83
Producto_25,Deporte,Colombia,2024,Sony,142.99
Producto_25,Deporte,Mexico,2018,LG,381.6
Producto_25,Deporte,Mexico,2019,Dell,186.93
Producto_25,Deporte,Mexico,2020,Sony,179.85
Producto_25,Deporte,Mexico,2021,HP,282.29
Producto_25,Deporte,Mexico,2022,LG,280.09
Producto_25,Deporte,Mexico,2023,HP,160.65
Producto_25,Deporte,Mexico,2024,Dell,313.3
Producto_25,Deporte,Argentina,2018,HP,23.38
Producto_25,Deporte,Argentina,2019,Xiaomi,89.19
Producto_25,Deporte,Argentina,2020,Xiaomi,17.43
Producto_25,Deporte,Argentina,2021,Huawei,223.88
Producto_25,Deporte,Argentina,2022,Apple,311.51
Producto_25,Deporte,Argentina,2023,Sony,325.68
Producto_25,Deporte,Argentina,2024,Samsung,368.22
Producto_25,Deporte,Brasil,2018,Huawei,280.26
Producto_25,Deporte,Brasil,2019,Apple,77.41
Producto_25,Deporte,Brasil,2020,Apple,386.61
Producto_25,Deporte,Brasil,2021,Samsung,264.85
Producto_25,Deporte,Brasil,2022,LG,151.21
Producto_25,Deporte,Brasil,2023,HP,354.56
Producto_25,Deporte,Brasil,2024,Apple,133.18
Producto_26,Hogar,Chile,2018,Dell,34.88
Producto_26,Hogar,Chile,2019,Samsung,229.58
Producto_26,Hogar,Chile,2020,Huawei,297.8
Producto_26,Hogar,Chile,2021,Samsung,72.05
Producto_26,Hogar,Chile,2022,Xiaomi,172.64
Producto_26,Hogar,Chile,2023,Huawei,236.69
Producto_26,Hogar,Chile,2024,Apple,104.88
Producto_26,Hogar,Peru,2018,Xiaomi,81.7
Producto_26,Hogar,Peru,2019,Sony,237.95
Producto_26,Hogar,Peru,2020,Huawei,265.54
Producto_26,Hogar,Peru,2021,Dell,298.46
Producto_26,Hogar,Peru,2022,Apple,190.52
Producto_26,Hogar,Peru,2023,Dell,64.02
Producto_26,Hogar,Peru,2024,Xiaomi,280.5
Producto_26,Hogar,Colombia,2018,Samsung,261.13
Producto_26,Hogar,Colombia,2019,Sony,178.99
Producto_26,Hogar,Colombia,2020,Samsung,83.16
Producto_26,Hogar,Colombia,2021,HP,282.7
Producto_26,Hogar,Colombia,2022,HP,113.76
Producto_26,Hogar,Colombia,2023,LG,288.71
Producto_26,Hogar,Colombia,2024,Apple,27.65
Producto_26,Hogar,Mexico,2018,Huawei,217.17
Producto_26,Hogar,Mexico,2019,LG,141.49
Producto_26,Hogar,Mexico,2020,Dell,126.06
Producto_26,Hogar,Mexico,2021,Xiaomi,270.43
Producto_26,Hogar,Mexico,2022,Xiaomi,96.67
Producto_26,Hogar,Mexico,2023,Xiaomi,59.49
Producto_26,Hogar,Mexico,2024,HP,244.68
Producto_26,Hogar,Argentina,2018,Samsung,132.17
Producto_26,Hogar,Argentina,2019,Apple,91.41
Producto_26,Hogar,Argentina,2020,Xiaomi,214.88
Producto_26,Hogar,Argentina,2021,Samsung,258.38
Producto_26,Hogar,Argentina,2022,Dell,176.64
Producto_26,Hogar,Argentina,2023,LG,144.96
Producto_26,Hogar,Argentina,2024,HP,143.28
Producto_26,Hogar,Brasil,2018,HP,239.78
Producto_26,Hogar,Brasil,2019,HP,179.79
Producto_26,Hogar,Brasil,2020,Dell,52.45
Producto_26,Hogar,Brasil,2021,Xiaomi,79.96
Producto_26,Hogar,Brasil,2022,Apple,200.63
Producto_26,Hogar,Brasil,2023,Samsung,276.83
Producto_26,Hogar,Brasil,2024,LG,88.98
Producto_27,Computación,Chile,2018,HP,1503.91
Producto_27,Computación,Chile,2019,Xiaomi,1835.44
Producto_27,Computación,Chile,2020,Huawei,623.57
Producto_27,Computación,Chile,2021,LG,354.73
Producto_27,Computación,Chile,2022,Dell,1794.22
Producto_27,Computación,Chile,2023,Apple,1515.36
Producto_27,Computación,Chile,2024,LG,1645.26
Producto_27,Computación,Peru,2018,Dell,334.43
Producto_27,Computación,Peru,2019,Huawei,1975.6
Producto_27,Computación,Peru,2020,Apple,1021.27
Producto_27,Computación,Peru,2021,LG,324.81
Producto_27,Computación,Peru,2022,Apple,1195.18
Producto_27,Computación,Peru,2023,Xiaomi,952.74
Producto_27,Computación,Peru,2024,HP,379.95
Producto_27,Computación,Colombia,2018,LG,844.56
Producto_27,Computación,Colombia,2019,Dell,1382.89
Producto_27,Computación,Colombia,2020,Apple,625.63
Producto_27,Computación,Colombia,2021,LG,1604.8
Producto_27,Computación,Colombia,2022,Apple,1155.99
Producto_27,Computación,Colombia,2023,LG,253.25
Producto_27,Computación,Colombia,2024,LG,876.03
Producto_27,Computación,Mexico,2018,Apple,1376.25
Producto_27,Computación,Mexico,2019,Huawei,390.48
Producto_27,Computación,Mexico,2020,Sony,1378.68
Producto_27,Computación,Mexico,2021,Huawei,1635.64
Producto_27,Computación,Mexico,2022,HP,1008.12
Producto_27,Computación,Mexico,2023,Huawei,408.11
Producto_27,Computación,Mexico,2024,Dell,1914.39
Producto_27,Computación,Argentina,2018,Apple,1515.01
Producto_27,Computación,Argentina,2019,HP,98.73
Producto_27,Computación,Argentina,2020,Dell,357.44
Producto_27,Computación,Argentina,2021,Huawei,1763.41
Producto_27,Computación,Argentina,2022,HP,133.24
Producto_27,Computación,Argentina,2023,Apple,1145.2
Producto_27,Computación,Argentina,2024,Sony,1423.0
Producto_27,Computación,Brasil,2018,HP,1022.5
Producto_27,Computación,Brasil,2019,HP,858.75
Producto_27,Computación,Brasil,2020,Dell,1980.85
Producto_27,Computación,Brasil,2021,Huawei,817.42
Producto_27,Computación,Brasil,2022,Xiaomi,233.53
Producto_27,Computación,Brasil,2023,HP,759.32
Producto_27,Computación,Brasil,2024,LG,430.65
Producto_28,Electrónica,Chile,2018,Huawei,813.01
Producto_28,Electrónica,Chile,2019,Apple,937.87
Producto_28,Electrónica,Chile,2020,LG,1193.31
Producto_28,Electrónica,Chile,2021,Samsung,1495.25
Producto_28,Electrónica,Chile,2022,Xiaomi,918.41
Producto_28,Electrónica,Chile,2023,LG,1097.44
Producto_28,Electrónica,Chile,2024,Sony,497.82
Producto_28,Electrónica,Peru,2018,Dell,1029.54
Producto_28,Electrónica,Peru,2019,Apple,756.12
Producto_28,Electrónica,Peru,2020,Huawei,770.48
Producto_28,Electrónica,Peru,2021,HP,946.39
Producto_28,Electrónica,Peru,2022,Xiaomi,1313.31
Producto_28,Electrónica,Peru,2023,Xiaomi,1079.52
Producto_28,Electrónica,Peru,2024,LG,722.07
Producto_28,Electrónica,Colombia,2018,LG,87.11
Producto_28,Electrónica,Colombia,2019,LG,451.0
Producto_28,Electrónica,Colombia,2020,Xiaomi,824.87
Producto_28,Electrónica,Colombia,2021,Sony,844.87
Producto_28,Electrónica,Colombia,2022,Sony,1367.76
Producto_28,Electrónica,Colombia,2023,LG,946.22
Producto_28,Electrónica,Colombia,2024,Sony,343.68
Producto_28,Electrónica,Mexico,2018,HP,1497.31
Producto_28,Electrónica,Mexico,2019,Samsung,1016.56
Producto_28,Electrónica,Mexico,2020,Huawei,1212.43
Producto_28,Electrónica,Mexico,2021,Sony,915.32
Producto_28,Electrónica,Mexico,2022,Samsung,299.66
Producto_28,Electrónica,Mexico,2023,Apple,130.92
Producto_28,Electrónica,Mexico,2024,Sony,128.9
Producto_28,Electrónica,Argentina,2018,Huawei,251.23
Producto_28,Electrónica,Argentina,2019,Dell,1326.77
Producto_28,Electrónica,Argentina,2020,Dell,1155.93
Producto_28,Electrónica,Argentina,2021,Dell,1243.76
Producto_28,Electrónica,Argentina,2022,HP,1167.51
Producto_28,Electrónica,Argentina,2023,Sony,695.98
Producto_28,Electrónica,Argentina,2024,Dell,923.88
Producto_28,Electrónica,Brasil,2018,Dell,226.77
Producto_28,Electrónica,Brasil,2019,Xiaomi,1454.58
Producto_28,Electrónica,Brasil,2020,Huawei,535.5
Producto_28,Electrónica,Brasil,2021,Sony,1095.14
Producto_28,Electrónica,Brasil,2022,Xiaomi,1062.43
Producto_28,Electrónica,Brasil,2023,Sony,1476.16
Producto_28,Electrónica,Brasil,2024,Xiaomi,1013.31
Producto_29,Computación,Chile,2018,Sony,1001.76
Producto_29,Computación,Chile,2019,Xiaomi,577.08
Producto_29,Computación,Chile,2020,Samsung,1916.69
Producto_29,Computación,Chile,2021,Huawei,133.94
Producto_29,Computación,Chile,2022,Apple,381.82
Producto_29,Computación,Chile,2023,LG,1421.84
Producto_29,Computación,Chile,2024,Apple,1300.91
Producto_29,Computación,Peru,2018,Samsung,1062.18
Producto_29,Computación,Peru,2019,Huawei,930.79
Producto_29,Computación,Peru,2020,Xiaomi,1314.23
Producto_29,Computación,Peru,2021,Apple,345.94
Producto_29,Computación,Peru,2022,Dell,208.2
Producto_29,Computación,Peru,2023,Sony,1939.89
Producto_29,Computación,Peru,2024,HP,1901.4
Producto_29,Computación,Colombia,2018,Huawei,627.37
Producto_29,Computación,Colombia,2019,Apple,1323.27
Producto_29,Computación,Colombia,2020,LG,858.23
Producto_29,Computación,Colombia,2021,Samsung,1116.78
Producto_29,Computación,Colombia,2022,HP,1056.09
Producto_29,Computación,Colombia,2023,Samsung,531.35
Producto_29,Computación,Colombia,2024,Huawei,1831.37
Producto_29,Computación,Mexico,2018,LG,1507.41
Producto_29,Computación,Mexico,2019,HP,1135.61
Producto_29,Computación,Mexico,2020,Huawei,406.74
Producto_29,Computación,Mexico,2021,Xiaomi,1029.81
Producto_29,Computación,Mexico,2022,Samsung,1140.37
Producto_29,Computación,Mexico,2023,Dell,1542.62
Producto_29,Computación,Mexico,2024,Xiaomi,1993.5
Producto_29,Computación,Argentina,2018,Xiaomi,122.95
Producto_29,Computación,Argentina,2019,Samsung,1309.09
Producto_29,Computación,Argentina,2020,Sony,1505.45
Producto_29,Computación,Argentina,2021,HP,706.96
Producto_29,Computación,Argentina,2022,HP,288.89
Producto_29,Computación,Argentina,2023,Huawei,1675.89
Producto_29,Computación,Argentina,2024,Xiaomi,361.11
Producto_29,Computación,Brasil,2018,Samsung,1318.26
Producto_29,Computación,Brasil,2019,Sony,1781.07
Producto_29,Computación,Brasil,2020,Samsung,926.22
Producto_29,Computación,Brasil,2021,HP,271.94
Producto_29,Computación,Brasil,2022,Samsung,1635.98
Producto_29,Computación,Brasil,2023,Dell,742.59
Producto_29,Computación,Brasil,2024,Sony,905.65
Producto_30,Hogar,Chile,2018,HP,156.94
Producto_30,Hogar,Chile,2019,Xiaomi,91.93
Producto_30,Hogar,Chile,2020,Huawei,121.75
Producto_30,Hogar,Chile,2021,LG,120.14
Producto_30,Hogar,Chile,2022,HP,282.3
Producto_30,Hogar,Chile,2023,Xiaomi,43.56
Producto_30,Hogar,Chile,2024,Samsung,267.13
Producto_30,Hogar,Peru,2018,Dell,26.85
Producto_30,Hogar,Peru,2019,Sony,215.57
Producto_30,Hogar,Peru,2020,Samsung,84.99
Producto_30,Hogar,Peru,2021,Sony,18.62
Producto_30,Hogar,Peru,2022,Huawei,151.99
Producto_30,Hogar,Peru,2023,Xiaomi,38.3
Producto_30,Hogar,Peru,2024,Xiaomi,283.75
Producto_30,Hogar,Colombia,2018,Huawei,10.4
Producto_30,Hogar,Colombia,2019,Huawei,49.54
Producto_30,Hogar,Colombia,2020,Sony,152.48
Producto_30,Hogar,Colombia,2021,HP,197.69
Producto_30,Hogar,Colombia,2022,LG,157.64
Producto_30,Hogar,Colombia,2023,Xiaomi,29.12
Producto_30,Hogar,Colombia,2024,HP,265.56
Producto_30,Hogar,Mexico,2018,Huawei,203.9
Producto_30,Hogar,Mexico,2019,Xiaomi,63.13
Producto_30,Hogar,Mexico,2020,Samsung,168.03
Producto_30,Hogar,Mexico,2021,Sony,70.03
Producto_30,Hogar,Mexico,2022,Samsung,129.6
Producto_30,Hogar,Mexico,2023,Huawei,259.28
Producto_30,Hogar,Mexico,2024,Huawei,95.38
Producto_30,Hogar,Argentina,2018,Dell,25.42
Producto_30,Hogar,Argentina,2019,Dell,229.92
Producto_30,Hogar,Argentina,2020,Samsung,187.28
Producto_30,Hogar,Argentina,2021,Dell,259.06
Producto_30,Hogar,Argentina,2022,Huawei,257.22
Producto_30,Hogar,Argentina,2023,Huawei,29.09
Producto_30,Hogar,Argentina,2024,Xiaomi,275.82
Producto_30,Hogar,Brasil,2018,Xiaomi,157.72
Producto_30,Hogar,Brasil,2019,Dell,142.29
Producto_30,Hogar,Brasil,2020,Dell,278.09
Producto_30,Hogar,Brasil,2021,Sony,159.18
Producto_30,Hogar,Brasil,2022,Sony,51.38
Producto_30,Hogar,Brasil,2023,Dell,192.93
Producto_30,Hogar,Brasil,2024,Huawei,129.28
Producto_31,Deporte,Chile,2018,HP,340.0
Producto_31,Deporte,Chile,2019,Dell,47.26
Producto_31,Deporte,Chile,2020,Samsung,230.63
Producto_31,Deporte,Chile,2021,LG,62.55
Producto_31,Deporte,Chile,2022,Xiaomi,28.38
Producto_31,Deporte,Chile,2023,Xiaomi,292.96
Producto_31,Deporte,Chile,2024,Huawei,373.66
Producto_31,Deporte,Peru,2018,Xiaomi,119.1
Producto_31,Deporte,Peru,2019,LG,104.33
Producto_31,Deporte,Peru,2020,HP,366.16
Producto_31,Deporte,Peru,2021,Dell,166.8
Producto_31,Deporte,Peru,2022,Apple,57.52
Producto_31,Deporte,Peru,2023,Apple,39.23
Producto_31,Deporte,Peru,2024,HP,325.3
Producto_31,Deporte,Colombia,2018,Huawei,299.08
Producto_31,Deporte,Colombia,2019,Dell,20.44
Producto_31,Deporte,Colombia,2020,HP,43.47
Producto_31,Deporte,Colombia,2021,Sony,201.18
Producto_31,Deporte,Colombia,2022,Xiaomi,46.49
Producto_31,Deporte,Colombia,2023,Xiaomi,217.24
Producto_31,Deporte,Colombia,2024,Huawei,73.84
Producto_31,Deporte,Mexico,2018,HP,224.7
Producto_31,Deporte,Mexico,2019,Samsung,255.34
Producto_31,Deporte,Mexico,2020,Samsung,394.32
Producto_31,Deporte,Mexico,2021,Dell,168.81
Producto_31,Deporte,Mexico,2022,Huawei,169.59
Producto_31,Deporte,Mexico,2023,Samsung,133.4
Producto_31,Deporte,Mexico,2024,Apple,324.2
Producto_31,Deporte,Argentina,2018,Xiaomi,361.72
Producto_31,Deporte,Argentina,2019,Sony,132.2
Producto_31,Deporte,Argentina,2020,Samsung,16.85
Producto_31,Deporte,Argentina,2021,Samsung,112.04
Producto_31,Deporte,Argentina,2022,Huawei,159.53
Producto_31,Deporte,Argentina,2023,LG,387.85
Producto_31,Deporte,Argentina,2024,Huawei,166.85
Producto_31,Deporte,Brasil,2018,Huawei,141.63
Producto_31,Deporte,Brasil,2019,LG,227.91
Producto_31,Deporte,Brasil,2020,HP,81.87
Producto_31,Deporte,Brasil,2021,Huawei,333.22
Producto_31,Deporte,Brasil,2022,Sony,293.92
Producto_31,Deporte,Brasil,2023,Dell,89.83
Producto_31,Deporte,Brasil,2024,Apple,337.47
Producto_32,Computación,Chile,2018,Sony,1799.06
Producto_32,Computación,Chile,2019,Xiaomi,1766.82
Producto_32,Computación,Chile,2020,LG,1123.14
Producto_32,Computación,Chile,2021,LG,431.34
Producto_32,Computación,Chile,2022,Samsung,795.2
Producto_32,Computación,Chile,2023,Samsung,424.34
Producto_32,Computación,Chile,2024,HP,639.16
Producto_32,Computación,Peru,2018,Dell,1374.96
Producto_32,Computación,Peru,2019,Sony,1045.53
Producto_32,Computación,Peru,2020,Dell,624.99
Producto_32,Computación,Peru,2021,Sony,1058.34
Producto_32,Computación,Peru,2022,Dell,1555.65
Producto_32,Computación,Peru,2023,HP,247.08
Producto_32,Computación,Peru,2024,HP,718.44
Producto_32,Computación,Colombia,2018,Dell,802.76
Producto_32,Computación,Colombia,2019,Samsung,1644.77
Producto_32,Computación,Colombia,2020,Xiaomi,1075.97
Producto_32,Computación,Colombia,2021,Apple,1699.23
Producto_32,Computación,Colombia,2022,Xiaomi,993.57
Producto_32,Computación,Colombia,2023,Sony,1690.27
Producto_32,Computación,Colombia,2024,Apple,1190.25
Producto_32,Computación,Mexico,2018,Dell,1548.78
Producto_32,Computación,Mexico,2019,Xiaomi,1847.18
Producto_32,Computación,Mexico,2020,Huawei,584.98
Producto_32,Computación,Mexico,2021,Sony,1850.71
Producto_32,Computación,Mexico,2022,LG,108.75
Producto_32,Computación,Mexico,2023,HP,729.62
Producto_32,Computación,Mexico,2024,Samsung,1958.5
Producto_32,Computación,Argentina,2018,Dell,944.8
Producto_32,Computación,Argentina,2019,Huawei,637.38
Producto_32,Computación,Argentina,2020,HP,1900.36
Producto_32,Computación,Argentina,2021,Xiaomi,1252.1
Producto_32,Computación,Argentina,2022,Xiaomi,1498.98
Producto_32,Computación,Argentina,2023,Sony,1307.62
Producto_32,Computación,Argentina,2024,HP,1103.33
Producto_32,Computación,Brasil,2018,Dell,1984.89
Producto_32,Computación,Brasil,2019,Samsung,576.69
Producto_32,Computación,Brasil,2020,Xiaomi,797.58
Producto_32,Computación,Brasil,2021,Apple,1318.64
Producto_32,Computación,Brasil,2022,HP,1844.42
Producto_32,Computación,Brasil,2023,Huawei,555.11
Producto_32,Computación,Brasil,2024,LG,773.91
Producto_33,Automotriz,Chile,2018,Huawei,242.09
Producto_33,Automotriz,Chile,2019,Xiaomi,313.13
Producto_33,Automotriz,Chile,2020,Dell,698.24
Producto_33,Automotriz,Chile,2021,Sony,25.58
Producto_33,Automotriz,Chile,2022,LG,577.06
Producto_33,Automotriz,Chile,2023,Huawei,757.18
Producto_33,Automotriz,Chile,2024,Sony,538.53
Producto_33,Automotriz,Peru,2018,HP,634.2
Producto_33,Automotriz,Peru,2019,HP,60.02
Producto_33,Automotriz,Peru,2020,Huawei,69.97
Producto_33,Automotriz,Peru,2021,HP,119.01
Producto_33,Automotriz,Peru,2022,HP,680.18
Producto_33,Automotriz,Peru,2023,LG,417.74
Producto_33,Automotriz,Peru,2024,Sony,273.18
Producto_33,Automotriz,Colombia,2018,LG,138.31
Producto_33,Automotriz,Colombia,2019,Dell,674.68
Producto_33,Automotriz,Colombia,2020,LG,89.83
Producto_33,Automotriz,Colombia,2021,Huawei,379.67
Producto_33,Automotriz,Colombia,2022,Xiaomi,493.23
Producto_33,Automotriz,Colombia,2023,Apple,648.0
Producto_33,Automotriz,Colombia,2024,LG,508.16
Producto_33,Automotriz,Mexico,2018,Apple,476.22
Producto_33,Automotriz,Mexico,2019,LG,265.2
Producto_33,Automotriz,Mexico,2020,LG,719.76
Producto_33,Automotriz,Mexico,2021,Apple,767.4
Producto_33,Automotriz,Mexico,2022,LG,334.0
Producto_33,Automotriz,Mexico,2023,LG,784.53
Producto_33,Automotriz,Mexico,2024,Apple,24.75
Producto_33,Automotriz,Argentina,2018,LG,792.41
Producto_33,Automotriz,Argentina,2019,Sony,669.89
Producto_33,Automotriz,Argentina,2020,LG,268.6
Producto_33,Automotriz,Argentina,2021,Apple,755.43
Producto_33,Automotriz,Argentina,2022,Huawei,384.62
Producto_33,Automotriz,Argentina,2023,Apple,738.39
Producto_33,Automotriz,Argentina,2024,HP,164.27
Producto_33,Automotriz,Brasil,2018,Dell,516.25
Producto_33,Automotriz,Brasil,2019,Huawei,196.63
Producto_33,Automotriz,Brasil,2020,Dell,359.35
Producto_33,Automotriz,Brasil,2021,Apple,660.44
Producto_33,Automotriz,Brasil,2022,Huawei,170.1
Producto_33,Automotriz,Brasil,2023,Dell,169.47
Producto_33,Automotriz,Brasil,2024,Dell,32.65
Producto_34,Computación,Chile,2018,Xiaomi,1686.08
Producto_34,Computación,Chile,2019,Huawei,1390.56
Producto_34,Computación,Chile,2020,HP,747.0
Producto_34,Computación,Chile,2021,Apple,972.99
Producto_34,Computación,Chile,2022,Apple,1379.43
Producto_34,Computación,Chile,2023,Sony,303.51
Producto_34,Computación,Chile,2024,Dell,467.74
Producto_34,Computación,Peru,2018,LG,1874.24
Producto_34,Computación,Peru,2019,Dell,161.69
Producto_34,Computación,Peru,2020,Samsung,1204.13
Producto_34,Computación,Peru,2021,Huawei,441.28
Producto_34,Computación,Peru,2022,Samsung,280.47
Producto_34,Computación,Peru,2023,LG,624.22
Producto_34,Computación,Peru,2024,Xiaomi,1731.23
Producto_34,Computación,Colombia,2018,Samsung,1729.11
Producto_34,Computación,Colombia,2019,Apple,1175.8
Producto_34,Computación,Colombia,2020,Samsung,1588.89
Producto_34,Computación,Colombia,2021,LG,955.86
Producto_34,Computación,Colombia,2022,HP,1110.06
Producto_34,Computación,Colombia,2023,HP,682.76
Producto_34,Computación,Colombia,2024,Xiaomi,1006.77
Producto_34,Computación,Mexico,2018,Apple,1927.75
Producto_34,Computación,Mexico,2019,HP,992.48
Producto_34,Computación,Mexico,2020,LG,1929.35
Producto_34,Computación,Mexico,2021,LG,1389.11
Producto_34,Computación,Mexico,2022,Huawei,1580.05
Producto_34,Computación,Mexico,2023,Samsung,324.94
Producto_34,Computación,Mexico,2024,Xiaomi,870.43
Producto_34,Computación,Argentina,2018,Samsung,565.25
Producto_34,Computación,Argentina,2019,Samsung,573.91
Producto_34,Computación,Argentina,2020,Huawei,1425.49
Producto_34,Computación,Argentina,2021,Samsung,1474.29
Producto_34,Computación,Argentina,2022,LG,798.45
Producto_34,Computación,Argentina,2023,Dell,277.26
Producto_34,Computación,Argentina,2024,Apple,1734.93
Producto_34,Computación,Brasil,2018,Xiaomi,995.06
Producto_34,Computación,Brasil,2019,Xiaomi,617.32
Producto_34,Computación,Brasil,2020,Apple,818.01
Producto_34,Computación,Brasil,2021,Apple,1689.92
Producto_34,Computación,Brasil,2022,Xiaomi,303.03
Producto_34,Computación,Brasil,2023,Sony,356.14
Producto_34,Computación,Brasil,2024,Sony,1126.57
Producto_35,Electrónica,Chile,2018,Apple,1035.63
Producto_35,Electrónica,Chile,2019,Apple,471.01
Producto_35,Electrónica,Chile,2020,Huawei,869.37
Producto_35,Electrónica,Chile,2021,HP,373.81
Producto_35,Electrónica,Chile,2022,Sony,848.96
Producto_35,Electrónica,Chile,2023,Huawei,835.99
Producto_35,Electrónica,Chile,2024,Apple,1302.28
Producto_35,Electrónica,Peru,2018,Samsung,1470.32
Producto_35,Electrónica,Peru,2019,Xiaomi,679.1
Producto_35,Electrónica,Peru,2020,Xiaomi,1192.12
Producto_35,Electrónica,Peru,2021,Sony,358.83
Producto_35,Electrónica,Peru,2022,LG,992.02
Producto_35,Electrónica,Peru,2023,HP,1346.67
Producto_35,Electrónica,Peru,2024,Xiaomi,127.85
Producto_35,Electrónica,Colombia,2018,Sony,1444.9
Producto_35,Electrónica,Colombia,2019,Dell,155.21
Producto_35,Electrónica,Colombia,2020,Apple,1023.76
Producto_35,Electrónica,Colombia,2021,Samsung,686.59
Producto_35,Electrónica,Colombia,2022,LG,242.83
Producto_35,Electrónica,Colombia,2023,Huawei,1259.0
Producto_35,Electrónica,Colombia,2024,Sony,245.0
Producto_35,Electrónica,Mexico,2018,Samsung,164.39
Producto_35,Electrónica,Mexico,2019,Dell,82.87
Producto_35,Electrónica,Mexico,2020,Apple,333.68
Producto_35,Electrónica,Mexico,2021,Dell,781.98
Producto_35,Electrónica,Mexico,2022,LG,207.23
Producto_35,Electrónica,Mexico,2023,LG,609.56
Producto_35,Electrónica,Mexico,2024,Xiaomi,709.93
Producto_35,Electrónica,Argentina,2018,Xiaomi,1252.52
Producto_35,Electrónica,Argentina,2019,LG,726.16
Producto_35,Electrónica,Argentina,2020,Huawei,837.07
Producto_35,Electrónica,Argentina,2021,Xiaomi,246.56
Producto_35,Electrónica,Argentina,2022,LG,817.22
Producto_35,Electrónica,Argentina,2023,Huawei,835.33
Producto_35,Electrónica,Argentina,2024,Dell,138.89
Producto_35,Electrónica,Brasil,2018,LG,421.96
Producto_35,Electrónica,Brasil,2019,Sony,1237.03
Producto_35,Electrónica,Brasil,2020,Dell,1073.07
Producto_35,Electrónica,Brasil,2021,HP,735.49
Producto_35,Electrónica,Brasil,2022,Dell,576.15
Producto_35,Electrónica,Brasil,2023,HP,1118.96
Producto_35,Electrónica,Brasil,2024,Samsung,590.81
Producto_36,Computación,Chile,2018,Xiaomi,276.9
Producto_36,Computación,Chile,2019,Huawei,340.08
Producto_36,Computación,Chile,2020,HP,1999.62
Producto_36,Computación,Chile,2021,LG,1322.22
Producto_36,Computación,Chile,2022,Apple,599.13
Producto_36,Computación,Chile,2023,Huawei,637.85
Producto_36,Computación,Chile,2024,Huawei,1986.03
Producto_36,Computación,Peru,2018,Huawei,874.37
Producto_36,Computación,Peru,2019,Huawei,236.46
Producto_36,Computación,Peru,2020,Samsung,496.3
Producto_36,Computación,Peru,2021,HP,1126.59
Producto_36,Computación,Peru,2022,Huawei,602.59
Producto_36,Computación,Peru,2023,Sony,97.58
Producto_36,Computación,Peru,2024,Xiaomi,1745.57
Producto_36,Computación,Colombia,2018,Xiaomi,1514.74
Producto_36,Computación,Colombia,2019,Samsung,439.52
Producto_36,Computación,Colombia,2020,Huawei,1285.48
Producto_36,Computación,Colombia,2021,Apple,1820.14
Producto_36,Computación,Colombia,2022,Xiaomi,1926.37
Producto_36,Computación,Colombia,2023,Xiaomi,1705.7
Producto_36,Computación,Colombia,2024,LG,324.25
Producto_36,Computación,Mexico,2018,Sony,333.32
Producto_36,Computación,Mexico,2019,Samsung,1965.53
Producto_36,Computación,Mexico,2020,Sony,628.7
Producto_36,Computación,Mexico,2021,HP,324.67
Producto_36,Computación,Mexico,2022,Xiaomi,1529.0
Producto_36,Computación,Mexico,2023,Samsung,1630.12
Producto_36,Computación,Mexico,2024,Dell,1673.23
Producto_36,Computación,Argentina,2018,Sony,395.21
Producto_36,Computación,Argentina,2019,Xiaomi,1481.08
Producto_36,Computación,Argentina,2020,Samsung,1539.1
Producto_36,Computación,Argentina,2021,Apple,336.2
Producto_36,Computación,Argentina,2022,LG,1383.18
Producto_36,Computación,Argentina,2023,Sony,1004.73
Producto_36,Computación,Argentina,2024,LG,456.31
Producto_36,Computación,Brasil,2018,Huawei,367.0
Producto_36,Computación,Brasil,2019,Samsung,912.69
Producto_36,Computación,Brasil,2020,Dell,1270.45
Producto_36,Computación,Brasil,2021,Sony,1152.63
Producto_36,Computación,Brasil,2022,Samsung,1566.9
Producto_36,Computación,Brasil,2023,Huawei,1641.39
Producto_36,Computación,Brasil,2024,Samsung,1039.1
Producto_37,Belleza,Chile,2018,Sony,131.36
Producto_37,Belleza,Chile,2019,Xiaomi,186.67
Producto_37,Belleza,Chile,2020,HP,146.88
Producto_37,Belleza,Chile,2021,Xiaomi,125.69
Producto_37,Belleza,Chile,2022,Huawei,83.45
Producto_37,Belleza,Chile,2023,Apple,96.54
Producto_37,Belleza,Chile,2024,Huawei,143.24
Producto_37,Belleza,Peru,2018,LG,43.79
Producto_37,Belleza,Peru,2019,Huawei,55.97
Producto_37,Belleza,Peru,2020,LG,168.18
Producto_37,Belleza,Peru,2021,Apple,17.2
Producto_37,Belleza,Peru,2022,Samsung,92.32
Producto_37,Belleza,Peru,2023,Xiaomi,84.65
Producto_37,Belleza,Peru,2024,LG,155.43
Producto_37,Belleza,Colombia,2018,Samsung,66.64
Producto_37,Belleza,Colombia,2019,Dell,152.86
Producto_37,Belleza,Colombia,2020,Apple,189.78
Producto_37,Belleza,Colombia,2021,Samsung,116.93
Producto_37,Belleza,Colombia,2022,Huawei,69.69
Producto_37,Belleza,Colombia,2023,Dell,119.87
Producto_37,Belleza,Colombia,2024,Apple,53.6
Producto_37,Belleza,Mexico,2018,LG,9.99
Producto_37,Belleza,Mexico,2019,Samsung,194.5
Producto_37,Belleza,Mexico,2020,Huawei,97.87
Producto_37,Belleza,Mexico,2021,Xiaomi,14.94
Producto_37,Belleza,Mexico,2022,Apple,112.89
Producto_37,Belleza,Mexico,2023,Xiaomi,162.04
Producto_37,Belleza,Mexico,2024,Dell,72.67
Producto_37,Belleza,Argentina,2018,Huawei,22.53
Producto_37,Belleza,Argentina,2019,Dell,90.29
Producto_37,Belleza,Argentina,2020,HP,63.84
Producto_37,Belleza,Argentina,2021,Sony,157.76
Producto_37,Belleza,Argentina,2022,Apple,37.04
Producto_37,Belleza,Argentina,2023,HP,43.8
Producto_37,Belleza,Argentina,2024,Huawei,38.26
Producto_37,Belleza,Brasil,2018,HP,169.98
Producto_37,Belleza,Brasil,2019,HP,90.01
Producto_37,Belleza,Brasil,2020,Apple,109.25
Producto_37,Belleza,Brasil,2021,LG,96.19
Producto_37,Belleza,Brasil,2022,Huawei,174.9
Producto_37,Belleza,Brasil,2023,Dell,171.67
Producto_37,Belleza,Brasil,2024,Samsung,14.96
Producto_38,Belleza,Chile,2018,Apple,8.05
Producto_38,Belleza,Chile,2019,Huawei,191.15
Producto_38,Belleza,Chile,2020,Sony,31.64
Producto_38,Belleza,Chile,2021,LG,188.86
Producto_38,Belleza,Chile,2022,Sony,127.0
Producto_38,Belleza,Chile,2023,Sony,144.64
Producto_38,Belleza,Chile,2024,LG,136.03
Producto_38,Belleza,Peru,2018,Sony,113.26
Producto_38,Belleza,Peru,2019,Huawei,72.01
Producto_38,Belleza,Peru,2020,Huawei,35.02
Producto_38,Belleza,Peru,2021,LG,164.57
Producto_38,Belleza,Peru,2022,Apple,39.42
Producto_38,Belleza,Peru,2023,Dell,199.45
Producto_38,Belleza,Peru,2024,Huawei,38.1
Producto_38,Belleza,Colombia,2018,Xiaomi,199.57
Producto_38,Belleza,Colombia,2019,HP,6.78
Producto_38,Belleza,Colombia,2020,Sony,117.91
Producto_38,Belleza,Colombia,2021,Huawei,25.79
Producto_38,Belleza,Colombia,2022,Samsung,154.35
Producto_38,Belleza,Colombia,2023,HP,196.2
Producto_38,Belleza,Colombia,2024,Sony,5.08
Producto_38,Belleza,Mexico,2018,Dell,196.41
Producto_38,Belleza,Mexico,2019,LG,72.77
Producto_38,Belleza,Mexico,2020,Apple,74.99
Producto_38,Belleza,Mexico,2021,Dell,115.15
Producto_38,Belleza,Mexico,2022,Samsung,173.28
Producto_38,Belleza,Mexico,2023,Samsung,112.11
Producto_38,Belleza,Mexico,2024,LG,150.91
Producto_38,Belleza,Argentina,2018,Apple,63.09
Producto_38,Belleza,Argentina,2019,Samsung,22.0
Producto_38,Belleza,Argentina,2020,Huawei,10.78
Producto_38,Belleza,Argentina,2021,Samsung,18.56
Producto_38,Belleza,Argentina,2022,HP,57.25
Producto_38,Belleza,Argentina,2023,Apple,123.11
Producto_38,Belleza,Argentina,2024,HP,126.97
Producto_38,Belleza,Brasil,2018,Xiaomi,118.81
Producto_38,Belleza,Brasil,2019,Xiaomi,94.72
Producto_38,Belleza,Brasil,2020,Samsung,192.12
Producto_38,Belleza,Brasil,2021,Dell,174.95
Producto_38,Belleza,Brasil,2022,Huawei,181.16
Producto_38,Belleza,Brasil,2023,HP,48.31
Producto_38,Belleza,Brasil,2024,Samsung,23.59
Producto_39,Hogar,Chile,2018,HP,218.34
Producto_39,Hogar,Chile,2019,HP,193.62
Producto_39,Hogar,Chile,2020,Apple,211.17
Producto_39,Hogar,Chile,2021,Huawei,226.25
Producto_39,Hogar,Chile,2022,Huawei,51.86
Producto_39,Hogar,Chile,2023,Xiaomi,184.07
Producto_39,Hogar,Chile,2024,HP,285.5
Producto_39,Hogar,Peru,2018,Huawei,162.13
Producto_39,Hogar,Peru,2019,Dell,29.21
Producto_39,Hogar,Peru,2020,HP,292.83
Producto_39,Hogar,Peru,2021,HP,265.58
Producto_39,Hogar,Peru,2022,Dell,160.23
Producto_39,Hogar,Peru,2023,Samsung,92.59
Producto_39,Hogar,Peru,2024,Apple,113.65
Producto_39,Hogar,Colombia,2018,LG,42.12
Producto_39,Hogar,Colombia,2019,Sony,200.11
Producto_39,Hogar,Colombia,2020,Huawei,86.69
Producto_39,Hogar,Colombia,2021,LG,23.68
Producto_39,Hogar,Colombia,2022,Samsung,95.06
Producto_39,Hogar,Colombia,2023,LG,256.06
Producto_39,Hogar,Colombia,2024,LG,213.1
Producto_39,Hogar,Mexico,2018,Apple,277.59
Producto_39,Hogar,Mexico,2019,Sony,28.62
Producto_39,Hogar,Mexico,2020,HP,207.96
Producto_39,Hogar,Mexico,2021,Samsung,244.22
Producto_39,Hogar,Mexico,2022,Sony,14.0
Producto_39,Hogar,Mexico,2023,HP,214.55
Producto_39,Hogar,Mexico,2024,Sony,212.54
Producto_39,Hogar,Argentina,2018,Samsung,139.07
Producto_39,Hogar,Argentina,2019,LG,63.64
Producto_39,Hogar,Argentina,2020,Dell,41.03
Producto_39,Hogar,Argentina,2021,Huawei,35.98
Producto_39,Hogar,Argentina,2022,Huawei,185.71
Producto_39,Hogar,Argentina,2023,Sony,143.98
Producto_39,Hogar,Argentina,2024,Samsung,52.83
Producto_39,Hogar,Brasil,2018,Dell,82.44
Producto_39,Hogar,Brasil,2019,HP,55.65
Producto_39,Hogar,Brasil,2020,Apple,46.93
Producto_39,Hogar,Brasil,2021,LG,245.29
Producto_39,Hogar,Brasil,2022,Dell,214.63
Producto_39,Hogar,Brasil,2023,Huawei,90.54
Producto_39,Hogar,Brasil,2024,LG,203.0
Producto_40,Deporte,Chile,2018,Dell,215.95
Producto_40,Deporte,Chile,2019,Sony,107.56
Producto_40,Deporte,Chile,2020,Dell,81.69
Producto_40,Deporte,Chile,2021,Sony,17.68
Producto_40,Deporte,Chile,2022,HP,353.59
Producto_40,Deporte,Chile,2023,Dell,30.51
Producto_40,Deporte,Chile,2024,Xiaomi,379.0
Producto_40,Deporte,Peru,2018,Huawei,50.12
Producto_40,Deporte,Peru,2019,Apple,89.82
Producto_40,Deporte,Peru,2020,Dell,156.4
Producto_40,Deporte,Peru,2021,Sony,356.98
Producto_40,Deporte,Peru,2022,Apple,325.41
Producto_40,Deporte,Peru,2023,Xiaomi,346.61
Producto_40,Deporte,Peru,2024,Sony,128.89
Producto_40,Deporte,Colombia,2018,HP,257.96
Producto_40,Deporte,Colombia,2019,Huawei,79.16
Producto_40,Deporte,Colombia,2020,Sony,331.96
Producto_40,Deporte,Colombia,2021,Sony,130.27
Producto_40,Deporte,Colombia,2022,Sony,183.32
Producto_40,Deporte,Colombia,2023,Dell,224.01
Producto_40,Deporte,Colombia,2024,Dell,183.37
Producto_40,Deporte,Mexico,2018,Apple,188.24
Producto_40,Deporte,Mexico,2019,Dell,125.23
Producto_40,Deporte,Mexico,2020,HP,194.33
Producto_40,Deporte,Mexico,2021,Apple,43.86
Producto_40,Deporte,Mexico,2022,Xiaomi,96.44
Producto_40,Deporte,Mexico,2023,LG,323.31
Producto_40,Deporte,Mexico,2024,HP,356.54
Producto_40,Deporte,Argentina,2018,HP,166.14
Producto_40,Deporte,Argentina,2019,Apple,296.74
Producto_40,Deporte,Argentina,2020,Xiaomi,306.5
Producto_40,Deporte,Argentina,2021,Samsung,280.13
Producto_40,Deporte,Argentina,2022,Xiaomi,66.41
Producto_40,Deporte,Argentina,2023,Samsung,121.83
Producto_40,Deporte,Argentina,2024,LG,62.17
Producto_40,Deporte,Brasil,2018,Xiaomi,236.14
Producto_40,Deporte,Brasil,2019,Sony,238.02
Producto_40,Deporte,Brasil,2020,Apple,232.35
Producto_40,Deporte,Brasil,2021,Samsung,126.21
Producto_40,Deporte,Brasil,2022,Apple,193.43
Producto_40,Deporte,Brasil,2023,Samsung,220.73
Producto_40,Deporte,Brasil,2024,Apple,218.1
Producto_41,Juguetería,Chile,2018,Apple,26.37
Producto_41,Juguetería,Chile,2019,HP,19.31
Producto_41,Juguetería,Chile,2020,Apple,27.83
Producto_41,Juguetería,Chile,2021,HP,119.02
Producto_41,Juguetería,Chile,2022,Samsung,30.99
Producto_41,Juguetería,Chile,2023,HP,5.44
Producto_41,Juguetería,Chile,2024,LG,38.96
Producto_41,Juguetería,Peru,2018,LG,100.18
Producto_41,Juguetería,Peru,2019,Apple,10.52
Producto_41,Juguetería,Peru,2020,LG,70.92
Producto_41,Juguetería,Peru,2021,HP,32.82
Producto_41,Juguetería,Peru,2022,Xiaomi,58.76
Producto_41,Juguetería,Peru,2023,Dell,80.73
Producto_41,Juguetería,Peru,2024,Samsung,34.2
Producto_41,Juguetería,Colombia,2018,Xiaomi,20.44
Producto_41,Juguetería,Colombia,2019,HP,101.28
Producto_41,Juguetería,Colombia,2020,Sony,72.15
Producto_41,Juguetería,Colombia,2021,Huawei,65.25
Producto_41,Juguetería,Colombia,2022,Apple,65.37
Producto_41,Juguetería,Colombia,2023,Huawei,35.24
Producto_41,Juguetería,Colombia,2024,LG,10.85
Producto_41,Juguetería,Mexico,2018,Dell,67.82
Producto_41,Juguetería,Mexico,2019,LG,54.22
Producto_41,Juguetería,Mexico,2020,LG,108.88
Producto_41,Juguetería,Mexico,2021,Xiaomi,61.75
Producto_41,Juguetería,Mexico,2022,Sony,32.95
Producto_41,Juguetería,Mexico,2023,Dell,110.45
Producto_41,Juguetería,Mexico,2024,Huawei,63.51
Producto_41,Juguetería,Argentina,2018,Sony,27.99
Producto_41,Juguetería,Argentina,2019,Xiaomi,58.71
Producto_41,Juguetería,Argentina,2020,Sony,38.7
Producto_41,Juguetería,Argentina,2021,Xiaomi,27.27
Producto_41,Juguetería,Argentina,2022,Apple,113.02
Producto_41,Juguetería,Argentina,2023,Dell,43.26
Producto_41,Juguetería,Argentina,2024,Huawei,79.2
Producto_41,Juguetería,Brasil,2018,Dell,107.41
Producto_41,Juguetería,Brasil,2019,LG,109.35
Producto_41,Juguetería,Brasil,2020,Huawei,76.49
Producto_41,Juguetería,Brasil,2021,Apple,104.79
Producto_41,Juguetería,Brasil,2022,LG,112.78
Producto_41,Juguetería,Brasil,2023,Apple,65.07
Producto_41,Juguetería,Brasil,2024,Xiaomi,81.14
Producto_42,Automotriz,Chile,2018,Sony,603.81
Producto_42,Automotriz,Chile,2019,Dell,44.63
Producto_42,Automotriz,Chile,2020,Dell,694.41
Producto_42,Automotriz,Chile,2021,Dell,365.06
Producto_42,Automotriz,Chile,2022,HP,545.92
Producto_42,Automotriz,Chile,2023,Samsung,563.12
Producto_42,Automotriz,Chile,2024,LG,549.68
Producto_42,Automotriz,Peru,2018,Samsung,429.34
Producto_42,Automotriz,Peru,2019,Dell,643.17
Producto_42,Automotriz,Peru,2020,Sony,444.17
Producto_42,Automotriz,Peru,2021,Sony,648.75
Producto_42,Automotriz,Peru,2022,HP,413.91
Producto_42,Automotriz,Peru,2023,HP,595.68
Producto_42,Automotriz,Peru,2024,Apple,367.04
Producto_42,Automotriz,Colombia,2018,Xiaomi,526.54
Producto_42,Automotriz,Colombia,2019,Huawei,743.79
Producto_42,Automotriz,Colombia,2020,Apple,347.15
Producto_42,Automotriz,Colombia,2021,Apple,329.23
Producto_42,Automotriz,Colombia,2022,Xiaomi,746.16
Producto_42,Automotriz,Colombia,2023,Xiaomi,410.57
Producto_42,Automotriz,Colombia,2024,Xiaomi,436.48
Producto_42,Automotriz,Mexico,2018,Huawei,447.69
Producto_42,Automotriz,Mexico,2019,Samsung,260.93
Producto_42,Automotriz,Mexico,2020,Huawei,393.0
Producto_42,Automotriz,Mexico,2021,LG,518.88
Producto_42,Automotriz,Mexico,2022,Dell,229.64
Producto_42,Automotriz,Mexico,2023,Sony,333.83
Producto_42,Automotriz,Mexico,2024,Apple,58.56
Producto_42,Automotriz,Argentina,2018,Apple,133.5
Producto_42,Automotriz,Argentina,2019,Dell,293.31
Producto_42,Automotriz,Argentina,2020,Sony,598.75
Producto_42,Automotriz,Argentina,2021,Samsung,745.37
Producto_42,Automotriz,Argentina,2022,Huawei,654.42
Producto_42,Automotriz,Argentina,2023,LG,700.75
Producto_42,Automotriz,Argentina,2024,LG,524.13
Producto_42,Automotriz,Brasil,2018,LG,733.62
Producto_42,Automotriz,Brasil,2019,HP,247.68
Producto_42,Automotriz,Brasil,2020,Huawei,118.78
Producto_42,Automotriz,Brasil,2021,Huawei,610.65
Producto_42,Automotriz,Brasil,2022,Huawei,115.05
Producto_42,Automotriz,Brasil,2023,Apple,476.76
Producto_42,Automotriz,Brasil,2024,Sony,603.6
Producto_43,Juguetería,Chile,2018,Apple,37.15
Producto_43,Juguetería,Chile,2019,LG,69.54
Producto_43,Juguetería,Chile,2020,Xiaomi,11.32
Producto_43,Juguetería,Chile,2021,LG,44.5
Producto_43,Juguetería,Chile,2022,Dell,68.78
Producto_43,Juguetería,Chile,2023,LG,72.44
Producto_43,Juguetería,Chile,2024,Sony,71.4
Producto_43,Juguetería,Peru,2018,Apple,24.62
Producto_43,Juguetería,Peru,2019,Samsung,58.43
Producto_43,Juguetería,Peru,2020,LG,41.24
Producto_43,Juguetería,Peru,2021,HP,38.16
Producto_43,Juguetería,Peru,2022,HP,47.61
Producto_43,Juguetería,Peru,2023,Dell,59.85
Producto_43,Juguetería,Peru,2024,LG,80.74
Producto_43,Juguetería,Colombia,2018,Xiaomi,68.51
Producto_43,Juguetería,Colombia,2019,Dell,65.78
Producto_43,Juguetería,Colombia,2020,Xiaomi,104.96
Producto_43,Juguetería,Colombia,2021,Huawei,67.32
Producto_43,Juguetería,Colombia,2022,Apple,79.15
Producto_43,Juguetería,Colombia,2023,Sony,8.12
Producto_43,Juguetería,Colombia,2024,LG,11.43
Producto_43,Juguetería,Mexico,2018,Huawei,88.21
Producto_43,Juguetería,Mexico,2019,Huawei,36.41
Producto_43,Juguetería,Mexico,2020,Dell,65.12
Producto_43,Juguetería,Mexico,2021,Xiaomi,115.09
Producto_43,Juguetería,Mexico,2022,Xiaomi,99.69
Producto_43,Juguetería,Mexico,2023,Huawei,65.39
Producto_43,Juguetería,Mexico,2024,Dell,47.18
Producto_43,Juguetería,Argentina,2018,Sony,119.26
Producto_43,Juguetería,Argentina,2019,Dell,41.59
Producto_43,Juguetería,Argentina,2020,Dell,58.05
Producto_43,Juguetería,Argentina,2021,HP,32.6
Producto_43,Juguetería,Argentina,2022,Xiaomi,80.64
Producto_43,Juguetería,Argentina,2023,Dell,33.76
Producto_43,Juguetería,Argentina,2024,Samsung,116.56
Producto_43,Juguetería,Brasil,2018,LG,56.96
Producto_43,Juguetería,Brasil,2019,Sony,97.61
Producto_43,Juguetería,Brasil,2020,HP,51.33
Producto_43,Juguetería,Brasil,2021,Samsung,112.02
Producto_43,Juguetería,Brasil,2022,Samsung,9.21
Producto_43,Juguetería,Brasil,2023,HP,77.15
Producto_43,Juguetería,Brasil,2024,LG,97.45
Producto_44,Electrónica,Chile,2018,Dell,350.47
Producto_44,Electrónica,Chile,2019,Apple,1478.08
Producto_44,Electrónica,Chile,2020,Samsung,365.86
Producto_44,Electrónica,Chile,2021,HP,1121.38
Producto_44,Electrónica,Chile,2022,HP,1127.19
Producto_44,Electrónica,Chile,2023,Apple,585.82
Producto_44,Electrónica,Chile,2024,Samsung,551.76
Producto_44,Electrónica,Peru,2018,Huawei,828.89
Producto_44,Electrónica,Peru,2019,Dell,845.94
Producto_44,Electrónica,Peru,2020,Huawei,1322.84
Producto_44,Electrónica,Peru,2021,Samsung,256.67
Producto_44,Electrónica,Peru,2022,Xiaomi,247.3
Producto_44,Electrónica,Peru,2023,LG,400.05
Producto_44,Electrónica,Peru,2024,LG,1052.37
Producto_44,Electrónica,Colombia,2018,HP,426.38
Producto_44,Electrónica,Colombia,2019,Xiaomi,435.05
Producto_44,Electrónica,Colombia,2020,HP,653.33
Producto_44,Electrónica,Colombia,2021,Samsung,545.46
Producto_44,Electrónica,Colombia,2022,HP,1214.67
Producto_44,Electrónica,Colombia,2023,HP,343.72
Producto_44,Electrónica,Colombia,2024,Huawei,404.05
Producto_44,Electrónica,Mexico,2018,Apple,971.6
Producto_44,Electrónica,Mexico,2019,Huawei,154.52
Producto_44,Electrónica,Mexico,2020,Xiaomi,225.13
Producto_44,Electrónica,Mexico,2021,Dell,1098.62
Producto_44,Electrónica,Mexico,2022,Huawei,968.24
Producto_44,Electrónica,Mexico,2023,Apple,509.54
Producto_44,Electrónica,Mexico,2024,HP,1218.55
Producto_44,Electrónica,Argentina,2018,Samsung,1040.3
Producto_44,Electrónica,Argentina,2019,Huawei,618.76
Producto_44,Electrónica,Argentina,2020,Huawei,1084.89
Producto_44,Electrónica,Argentina,2021,Huawei,424.89
Producto_44,Electrónica,Argentina,2022,Sony,991.57
Producto_44,Electrónica,Argentina,2023,Samsung,1084.91
Producto_44,Electrónica,Argentina,2024,Huawei,1286.52
Producto_44,Electrónica,Brasil,2018,Samsung,349.51
Producto_44,Electrónica,Brasil,2019,HP,625.35
Producto_44,Electrónica,Brasil,2020,Samsung,1463.6
Producto_44,Electrónica,Brasil,2021,HP,1263.81
Producto_44,Electrónica,Brasil,2022,Xiaomi,593.84
Producto_44,Electrónica,Brasil,2023,HP,633.11
Producto_44,Electrónica,Brasil,2024,Samsung,159.29
Producto_45,Computación,Chile,2018,Dell,1461.44
Producto_45,Computación,Chile,2019,Samsung,1677.24
Producto_45,Computación,Chile,2020,LG,1132.38
Producto_45,Computación,Chile,2021,Sony,1880.26
Producto_45,Computación,Chile,2022,Apple,332.38
Producto_45,Computación,Chile,2023,HP,881.05
Producto_45,Computación,Chile,2024,Huawei,813.47
Producto_45,Computación,Peru,2018,Sony,772.96
Producto_45,Computación,Peru,2019,LG,205.85
Producto_45,Computación,Peru,2020,Apple,1342.28
Producto_45,Computación,Peru,2021,HP,1938.08
Producto_45,Computación,Peru,2022,HP,312.15
Producto_45,Computación,Peru,2023,Dell,1529.46
Producto_45,Computación,Peru,2024,Sony,1346.14
Producto_45,Computación,Colombia,2018,Dell,584.82
Producto_45,Computación,Colombia,2019,Huawei,883.25
Producto_45,Computación,Colombia,2020,Samsung,1541.69
Producto_45,Computación,Colombia,2021,Huawei,1002.61
Producto_45,Computación,Colombia,2022,Xiaomi,1438.02
Producto_45,Computación,Colombia,2023,Samsung,918.89
Producto_45,Computación,Colombia,2024,Dell,323.85
Producto_45,Computación,Mexico,2018,Xiaomi,1582.52
Producto_45,Computación,Mexico,2019,LG,1666.25
Producto_45,Computación,Mexico,2020,Xiaomi,1550.84
Producto_45,Computación,Mexico,2021,Xiaomi,1352.64
Producto_45,Computación,Mexico,2022,Xiaomi,168.71
Producto_45,Computación,Mexico,2023,Samsung,310.51
Producto_45,Computación,Mexico,2024,LG,136.85
Producto_45,Computación,Argentina,2018,HP,820.44
Producto_45,Computación,Argentina,2019,Apple,1844.74
Producto_45,Computación,Argentina,2020,HP,462.42
Producto_45,Computación,Argentina,2021,LG,638.68
Producto_45,Computación,Argentina,2022,Dell,1114.61
Producto_45,Computación,Argentina,2023,Huawei,1165.83
Producto_45,Computación,Argentina,2024,LG,1701.5
Producto_45,Computación,Brasil,2018,Apple,343.29
Producto_45,Computación,Brasil,2019,Xiaomi,1943.88
Producto_45,Computación,Brasil,2020,Xiaomi,382.57
Producto_45,Computación,Brasil,2021,Samsung,1609.38
Producto_45,Computación,Brasil,2022,Dell,702.81
Producto_45,Computación,Brasil,2023,Apple,172.8
Producto_45,Computación,Brasil,2024,Dell,1008.25
Producto_46,Belleza,Chile,2018,Xiaomi,7.2
Producto_46,Belleza,Chile,2019,Dell,114.3
Producto_46,Belleza,Chile,2020,HP,10.01
Producto_46,Belleza,Chile,2021,Dell,81.53
Producto_46,Belleza,Chile,2022,Samsung,146.69
Producto_46,Belleza,Chile,2023,Sony,103.04
Producto_46,Belleza,Chile,2024,Huawei,79.37
Producto_46,Belleza,Peru,2018,HP,189.14
Producto_46,Belleza,Peru,2019,LG,179.76
Producto_46,Belleza,Peru,2020,Samsung,172.17
Producto_46,Belleza,Peru,2021,LG,73.29
Producto_46,Belleza,Peru,2022,Huawei,163.04
Producto_46,Belleza,Peru,2023,Huawei,76.06
Producto_46,Belleza,Peru,2024,Dell,56.58
Producto_46,Belleza,Colombia,2018,Huawei,169.57
Producto_46,Belleza,Colombia,2019,HP,15.27
Producto_46,Belleza,Colombia,2020,Dell,99.44
Producto_46,Belleza,Colombia,2021,Apple,152.65
Producto_46,Belleza,Colombia,2022,Xiaomi,64.36
Producto_46,Belleza,Colombia,2023,Huawei,78.63
Producto_46,Belleza,Colombia,2024,HP,84.58
Producto_46,Belleza,Mexico,2018,LG,158.1
Producto_46,Belleza,Mexico,2019,Sony,143.68
Producto_46,Belleza,Mexico,2020,Apple,85.97
Producto_46,Belleza,Mexico,2021,Xiaomi,148.76
Producto_46,Belleza,Mexico,2022,Xiaomi,148.29
Producto_46,Belleza,Mexico,2023,Huawei,61.03
Producto_46,Belleza,Mexico,2024,HP,8.52
Producto_46,Belleza,Argentina,2018,Samsung,72.05
Producto_46,Belleza,Argentina,2019,Samsung,18.05
Producto_46,Belleza,Argentina,2020,LG,182.82
Producto_46,Belleza,Argentina,2021,Apple,187.87
Producto_46,Belleza,Argentina,2022,Sony,55.49
Producto_46,Belleza,Argentina,2023,Xiaomi,110.27
Producto_46,Belleza,Argentina,2024,LG,178.48
Producto_46,Belleza,Brasil,2018,Xiaomi,31.82
Producto_46,Belleza,Brasil,2019,LG,89.33
Producto_46,Belleza,Brasil,2020,Apple,139.43
Producto_46,Belleza,Brasil,2021,Samsung,137.26
Producto_46,Belleza,Brasil,2022,Sony,86.34
Producto_46,Belleza,Brasil,2023,Samsung,6.81
Producto_46,Belleza,Brasil,2024,Huawei,65.12
Producto_47,Computación,Chile,2018,Xiaomi,547.67
Producto_47,Computación,Chile,2019,Dell,1482.59
Producto_47,Computación,Chile,2020,Sony,1525.4
Producto_47,Computación,Chile,2021,Xiaomi,1193.48
Producto_47,Computación,Chile,2022,Apple,499.58
Producto_47,Computación,Chile,2023,Huawei,1682.36
Producto_47,Computación,Chile,2024,LG,1553.04
Producto_47,Computación,Peru,2018,Samsung,1624.76
Producto_47,Computación,Peru,2019,Xiaomi,1779.63
Producto_47,Computación,Peru,2020,Xiaomi,1565.78
Producto_47,Computación,Peru,2021,LG,824.79
Producto_47,Computación,Peru,2022,Samsung,518.41
Producto_47,Computación,Peru,2023,Huawei,215.74
Producto_47,Computación,Peru,2024,Dell,150.06
Producto_47,Computación,Colombia,2018,Huawei,844.39
Producto_47,Computación,Colombia,2019,Xiaomi,1027.38
Producto_47,Computación,Colombia,2020,Xiaomi,1991.86
Producto_47,Computación,Colombia,2021,Apple,141.59
Producto_47,Computación,Colombia,2022,Dell,281.78
Producto_47,Computación,Colombia,2023,Samsung,507.73
Producto_47,Computación,Colombia,2024,Huawei,1471.18
Producto_47,Computación,Mexico,2018,Samsung,832.39
Producto_47,Computación,Mexico,2019,Dell,921.9
Producto_47,Computación,Mexico,2020,Apple,1133.48
Producto_47,Computación,Mexico,2021,Samsung,127.25
Producto_47,Computación,Mexico,2022,Apple,1139.83
Producto_47,Computación,Mexico,2023,Sony,990.16
Producto_47,Computación,Mexico,2024,Samsung,762.77
Producto_47,Computación,Argentina,2018,Apple,1345.59
Producto_47,Computación,Argentina,2019,LG,481.07
Producto_47,Computación,Argentina,2020,Apple,1916.69
Producto_47,Computación,Argentina,2021,Sony,1193.75
Producto_47,Computación,Argentina,2022,Sony,676.08
Producto_47,Computación,Argentina,2023,LG,116.84
Producto_47,Computación,Argentina,2024,Samsung,454.01
Producto_47,Computación,Brasil,2018,Dell,1617.38
Producto_47,Computación,Brasil,2019,Sony,367.76
Producto_47,Computación,Brasil,2020,HP,1234.98
Producto_47,Computación,Brasil,2021,HP,1266.32
Producto_47,Computación,Brasil,2022,Dell,1429.91
Producto_47,Computación,Brasil,2023,LG,1405.55
Producto_47,Computación,Brasil,2024,Apple,460.1
Producto_48,Automotriz,Chile,2018,LG,200.68
Producto_48,Automotriz,Chile,2019,Dell,500.29
Producto_48,Automotriz,Chile,2020,HP,578.26
Producto_48,Automotriz,Chile,2021,Dell,43.43
Producto_48,Automotriz,Chile,2022,LG,570.53
Producto_48,Automotriz,Chile,2023,Dell,654.14
Producto_48,Automotriz,Chile,2024,Samsung,289.85
Producto_48,Automotriz,Peru,2018,Dell,789.87
Producto_48,Automotriz,Peru,2019,HP,557.2
Producto_48,Automotriz,Peru,2020,Apple,516.27
Producto_48,Automotriz,Peru,2021,Apple,159.68
Producto_48,Automotriz,Peru,2022,LG,647.43
Producto_48,Automotriz,Peru,2023,Xiaomi,365.3
Producto_48,Automotriz,Peru,2024,Dell,595.31
Producto_48,Automotriz,Colombia,2018,Samsung,430.56
Producto_48,Automotriz,Colombia,2019,Sony,687.97
Producto_48,Automotriz,Colombia,2020,Dell,557.34
Producto_48,Automotriz,Colombia,2021,Sony,651.58
Producto_48,Automotriz,Colombia,2022,Xiaomi,143.06
Producto_48,Automotriz,Colombia,2023,Sony,74.08
Producto_48,Automotriz,Colombia,2024,Apple,410.93
Producto_48,Automotriz,Mexico,2018,Sony,219.86
Producto_48,Automotriz,Mexico,2019,Xiaomi,559.17
Producto_48,Automotriz,Mexico,2020,Sony,382.64
Producto_48,Automotriz,Mexico,2021,Sony,687.22
Producto_48,Automotriz,Mexico,2022,HP,113.69
Producto_48,Automotriz,Mexico,2023,Samsung,766.77
Producto_48,Automotriz,Mexico,2024,Xiaomi,703.83
Producto_48,Automotriz,Argentina,2018,Sony,307.88
Producto_48,Automotriz,Argentina,2019,LG,38.7
Producto_48,Automotriz,Argentina,2020,Dell,481.72
Producto_48,Automotriz,Argentina,2021,Dell,142.23
Producto_48,Automotriz,Argentina,2022,Samsung,644.56
Producto_48,Automotriz,Argentina,2023,LG,174.43
Producto_48,Automotriz,Argentina,2024,Apple,635.82
Producto_48,Automotriz,Brasil,2018,Samsung,523.96
Producto_48,Automotriz,Brasil,2019,Xiaomi,274.76
Producto_48,Automotriz,Brasil,2020,LG,455.33
Producto_48,Automotriz,Brasil,2021,Apple,730.92
Producto_48,Automotriz,Brasil,2022,Huawei,773.43
Producto_48,Automotriz,Brasil,2023,HP,153.19
Producto_48,Automotriz,Brasil,2024,Xiaomi,176.3
Producto_49,Hogar,Chile,2018,LG,63.91
Producto_49,Hogar,Chile,2019,LG,222.76
Producto_49,Hogar,Chile,2020,Samsung,193.84
Producto_49,Hogar,Chile,2021,LG,56.17
Producto_49,Hogar,Chile,2022,LG,68.45
Producto_49,Hogar,Chile,2023,Huawei,103.06
Producto_49,Hogar,Chile,2024,Apple,163.22
Producto_49,Hogar,Peru,2018,Huawei,279.59
Producto_49,Hogar,Peru,2019,HP,233.37
Producto_49,Hogar,Peru,2020,HP,248.85
Producto_49,Hogar,Peru,2021,Samsung,170.81
Producto_49,Hogar,Peru,2022,Samsung,170.49
Producto_49,Hogar,Peru,2023,Huawei,195.05
Producto_49,Hogar,Peru,2024,Apple,180.09
Producto_49,Hogar,Colombia,2018,LG,196.2
Producto_49,Hogar,Colombia,2019,Samsung,167.96
Producto_49,Hogar,Colombia,2020,Sony,292.18
Producto_49,Hogar,Colombia,2021,Apple,90.43
Producto_49,Hogar,Colombia,2022,Apple,182.75
Producto_49,Hogar,Colombia,2023,Huawei,218.68
Producto_49,Hogar,Colombia,2024,Apple,257.03
Producto_49,Hogar,Mexico,2018,Sony,139.94
Producto_49,Hogar,Mexico,2019,Sony,134.35
Producto_49,Hogar,Mexico,2020,Apple,241.79
Producto_49,Hogar,Mexico,2021,Apple,204.84
Producto_49,Hogar,Mexico,2022,Apple,175.09
Producto_49,Hogar,Mexico,2023,Apple,22.92
Producto_49,Hogar,Mexico,2024,Dell,25.34
Producto_49,Hogar,Argentina,2018,LG,195.4
Producto_49,Hogar,Argentina,2019,Xiaomi,139.24
Producto_49,Hogar,Argentina,2020,LG,225.23
Producto_49,Hogar,Argentina,2021,Samsung,269.91
Producto_49,Hogar,Argentina,2022,Dell,94.21
Producto_49,Hogar,Argentina,2023,Samsung,99.47
Producto_49,Hogar,Argentina,2024,LG,135.0
Producto_49,Hogar,Brasil,2018,Samsung,170.21
Producto_49,Hogar,Brasil,2019,LG,206.71
Producto_49,Hogar,Brasil,2020,Dell,149.9
Producto_49,Hogar,Brasil,2021,LG,119.25
Producto_49,Hogar,Brasil,2022,Apple,189.72
Producto_49,Hogar,Brasil,2023,Huawei,47.86
Producto_49,Hogar,Brasil,2024,Sony,31.52
Producto_50,Juguetería,Chile,2018,Apple,33.11
Producto_50,Juguetería,Chile,2019,Samsung,110.12
Producto_50,Juguetería,Chile,2020,Dell,31.16
Producto_50,Juguetería,Chile,2021,Samsung,48.73
Producto_50,Juguetería,Chile,2022,LG,69.85
Producto_50,Juguetería,Chile,2023,Sony,104.39
Producto_50,Juguetería,Chile,2024,Apple,13.37
Producto_50,Juguetería,Peru,2018,Apple,13.13
Producto_50,Juguetería,Peru,2019,Huawei,78.62
Producto_50,Juguetería,Peru,2020,Sony,84.27
Producto_50,Juguetería,Peru,2021,Sony,16.31
Producto_50,Juguetería,Peru,2022,Xiaomi,74.61
Producto_50,Juguetería,Peru,2023,Xiaomi,86.02
Producto_50,Juguetería,Peru,2024,Apple,7.89
Producto_50,Juguetería,Colombia,2018,Huawei,25.73
Producto_50,Juguetería,Colombia,2019,LG,62.34
Producto_50,Juguetería,Colombia,2020,Sony,35.82
Producto_50,Juguetería,Colombia,2021,HP,27.61
Producto_50,Juguetería,Colombia,2022,Apple,34.06
Producto_50,Juguetería,Colombia,2023,HP,93.4
Producto_50,Juguetería,Colombia,2024,LG,94.26
Producto_50,Juguetería,Mexico,2018,Apple,62.48
Producto_50,Juguetería,Mexico,2019,Dell,54.38
Producto_50,Juguetería,Mexico,2020,Apple,64.34
Producto_50,Juguetería,Mexico,2021,HP,101.72
Producto_50,Juguetería,Mexico,2022,HP,5.98
Producto_50,Juguetería,Mexico,2023,Huawei,98.08
Producto_50,Juguetería,Mexico,2024,Sony,5.86
Producto_50,Juguetería,Argentina,2018,LG,64.74
Producto_50,Juguetería,Argentina,2019,LG,69.08
Producto_50,Juguetería,Argentina,2020,Xiaomi,15.6
Producto_50,Juguetería,Argentina,2021,Sony,100.08
Producto_50,Juguetería,Argentina,2022,Apple,37.01
Producto_50,Juguetería,Argentina,2023,HP,13.6
Producto_50,Juguetería,Argentina,2024,Dell,107.77
Producto_50,Juguetería,Brasil,2018,Apple,28.77
Producto_50,Juguetería,Brasil,2019,Samsung,13.86
Producto_50,Juguetería,Brasil,2020,Sony,13.28
Producto_50,Juguetería,Brasil,2021,Samsung,101.53
Producto_50,Juguetería,Brasil,2022,Huawei,110.12
Producto_50,Juguetería,Brasil,2023,Dell,24.39
Producto_50,Juguetería,Brasil,2024,Apple,118.86
