producto,categoria,pais,anio,marca
Producto_1,Belleza,Chile,2018,Soni
Producto_1,Belleza,Chilee,2019,Xiaoni
Producto_1,Belleza,Chile,2020,GL
Producto_1,Belleza,Chile,2021,Apole
Producto_1,Belleza,Chile,2022,Samsung
Producto_1,Belleza,Chlie,2023,Sony
Producto_1,Belleza,Chile,2024,eDll
Producto_1,Belleza,Peu,2018,Samsung
Producto_1,Belleza,Peru,2019,Dell
Producto_1,Belleza,Peru,2020,Apple
Producto_1,Belleza,Pru,2021,HP
Producto_1,Belleza,Peru,2022,Xiamoi
Producto_1,Belleza,Peur,2023,Xaiomi
Producto_1,Belleza,Peru,2024,Apple
Producto_1,Belleza,Colombia,2018,Sasung
Producto_1,Belleza,Colobmia,2019,Dlel
Producto_1,Belleza,Colimbia,2020,Sony
Producto_1,Belleza,Colombia,2021,HPP
Producto_1,Belleza,Colombia,2022,Huawei
Producto_1,Belleza,Colombbia,2023,Xiaomi
Producto_1,Belleza,Colombia,2024,Huawei
Producto_1,Belleza,Mexico,2018,LG
Producto_1,Belleza,Mexico,2019,Appel
Producto_1,Belleza,Mexico,2020,Apple
Producto_1,Belleza,Mexio,2021,Apple
Producto_1,Belleza,Mexico,2022,Samsung
Producto_1,Belleza,Mexico,2023,Sony
Producto_1,Belleza,Mexico,2024,Dell
Producto_1,Belleza,Argentina,2018,Sony
Producto_1,Belleza,Argenina,2019,Xaiomi
Producto_1,Belleza,Argenitna,2020,Sony
Producto_1,Belleza,Argentina,2021,Xiaomi
Producto_1,Belleza,Argentina,2022,Samsung
Producto_1,Belleza,Argentina,2023,Samsung
Producto_1,Belleza,Argentian,2024,Huawei
Producto_1,Belleza,rBasil,2018,Apple
Producto_1,Belleza,Brasil,2019,L-G
Producto_1,Belleza,Brasil,2020,HHP
Producto_1,Belleza,Brasli,2021,Xiaomi
Producto_1,Belleza,Brasil,2022,Dell
Producto_1,Belleza,Brasil,2023,Samsung
Producto_1,Belleza,Brasil,2024,Huawei
Producto_2,Computación,Chhile,2018,Dell
Producto_2,Computación,Chile,2019,Applr
Producto_2,Computación,Chile,2020,Xiaomi
Producto_2,Computación,Chile,2021,Samsung
Producto_2,Computación,Chile,2022,Xiaomi
Producto_2,Computación,Chle,2023,Soy
Producto_2,Computación,Chkle,2024,Samsung
Producto_2,Computación,Peeru,2018,Samsung
Producto_2,Computación,Pru,2019,HP
Producto_2,Computación,Peru,2020,Sony
Producto_2,Computación,Peru,2021,HP
Producto_2,Computación,PPeru,2022,Soni
Producto_2,Computación,Peru,2023,Xiaomi
Producto_2,Computación,Peru,2024,LG
Producto_2,Computación,CColombia,2018,Apple
Producto_2,Computación,Colombia,2019,LG
Producto_2,Computación,Colombia,2020,HP
Producto_2,Computación,Colombia,2021,Apple
Producto_2,Computación,Colombia,2022,Xaiomi
Producto_2,Computación,Colombia,2023,Apple
Producto_2,Computación,Colombia,2024,Apppe
Producto_2,Computación,Mexico,2018,LLG
Producto_2,Computación,Mexico,2019,Dfll
Producto_2,Computación,Mexico,2020,Dell
Producto_2,Computación,Mexico,2021,Dell
Producto_2,Computación,Mexico,2022,Dell
Producto_2,Computación,Mexio,2023,Apple
Producto_2,Computación,Mexico,2024,Huuawei
Producto_2,Computación,rgentina,2018,Huawie
Producto_2,Computación,Argenntina,2019,Appel
Producto_2,Computación,Argentina,2020,Xiaomi
Producto_2,Computación,Argentia,2021,HP
Producto_2,Computación,Argentina,2022,LG
Producto_2,Computación,Argentina,2023,Huawei
Producto_2,Computación,Argntina,2024,HP
Producto_2,Computación,Brasiil,2018,Apple
Producto_2,Computación,Brasil,2019,Samsung
Producto_2,Computación,Brasil,2020,Sony
Producto_2,Computación,Brsil,2021,HP
Producto_2,Computación,Brasill,2022,LG
Producto_2,Computación,Brasil,2023,Samsung
Producto_2,Computación,Brasil,2024,Samsung
Producto_3,Automotriz,Chile,2018,Huawei
Producto_3,Automotriz,Chile,2019,Xiaomi
Producto_3,Automotriz,Chile,2020,Apple
Producto_3,Automotriz,Chule,2021,Dell
Producto_3,Automotriz,Chile,2022,L-G
Producto_3,Automotriz,Chile,2023,Sony
Producto_3,Automotriz,Chile,2024,Samsung
Producto_3,Automotriz,Peru,2018,L-G
Producto_3,Automotriz,ePru,2019,Xaiomi
Producto_3,Automotriz,Peru,2020,Dell
Producto_3,Automotriz,Peru,2021,HP
Producto_3,Automotriz,Peru,2022,Xiaomi
Producto_3,Automotriz,Peru,2023,Apple
Producto_3,Automotriz,Peru,2024,Xiaomi
Producto_3,Automotriz,Colombia,2018,Huawei
Producto_3,Automotriz,Coolombia,2019,Samsung
Producto_3,Automotriz,Colombia,2020,Dll
Producto_3,Automotriz,Colombia,2021,Huawei
Producto_3,Automotriz,Colombia,2022,Sony
Producto_3,Automotriz,Colmbia,2023,Ho
Producto_3,Automotriz,Colombia,2024,HP
Producto_3,Automotriz,Mexcio,2018,Huawei
Producto_3,Automotriz,Mexico,2019,Appel
Producto_3,Automotriz,Mexico,2020,L-G
Producto_3,Automotriz,Mexico,2021,Sony
Producto_3,Automotriz,Mexico,2022,Sony
Producto_3,Automotriz,Mexico,2023,Huawei
Producto_3,Automotriz,eMxico,2024,HP
Producto_3,Automotriz,Argentina,2018,Dell
Producto_3,Automotriz,Argentina,2019,Samsung
Producto_3,Automotriz,Argentina,2020,Apple
Producto_3,Automotriz,Argntina,2021,Xiaoni
Producto_3,Automotriz,Argenttina,2022,Ho
Producto_3,Automotriz,Argentina,2023,Son
Producto_3,Automotriz,Argentina,2024,Huawei
Producto_3,Automotriz,Brasil,2018,Dell
Producto_3,Automotriz,Brasil,2019,Huawe
Producto_3,Automotriz,Brasil,2020,LGG
Producto_3,Automotriz,Brasil,2021,LG
Producto_3,Automotriz,BBrasil,2022,HP
Producto_3,Automotriz,Brasil,2023,LGG
Producto_3,Automotriz,Brasil,2024,PH
Producto_4,Juguetería,Chile,2018,L
Producto_4,Juguetería,Chile,2019,Sony
Producto_4,Juguetería,Chile,2020,Xiami
Producto_4,Juguetería,Chile,2021,Dell
Producto_4,Juguetería,hile,2022,Dell
Producto_4,Juguetería,Chile,2023,LG
Producto_4,Juguetería,Chile,2024,Huawei
Producto_4,Juguetería,Peru,2018,Xiaomi
Producto_4,Juguetería,Perru,2019,Apple
Producto_4,Juguetería,Perru,2020,wamsung
Producto_4,Juguetería,Peru,2021,Huawei
Producto_4,Juguetería,Peru,2022,Dell
Producto_4,Juguetería,Peru,2023,Sony
Producto_4,Juguetería,Peru,2024,Sony
Producto_4,Juguetería,Colombia,2018,HP
Producto_4,Juguetería,Colombia,2019,Samsung
Producto_4,Juguetería,Colombia,2020,Xiaomi
Producto_4,Juguetería,Colombia,2021,LG
Producto_4,Juguetería,Colombia,2022,oSny
Producto_4,Juguetería,Colombia,2023,Sony
Producto_4,Juguetería,Colombai,2024,LG
Producto_4,Juguetería,Mexico,2018,Son
Producto_4,Juguetería,Mexico,2019,GL
Producto_4,Juguetería,Mexio,2020,L-G
Producto_4,Juguetería,Mexick,2021,Dell
Producto_4,Juguetería,Mexico,2022,HP
Producto_4,Juguetería,Mexico,2023,Huawei
Producto_4,Juguetería,Mexico,2024,Sony
Producto_4,Juguetería,Argentina,2018,Xaiomi
Producto_4,Juguetería,Argentina,2019,Samsung
Producto_4,Juguetería,Argentina,2020,L-G
Producto_4,Juguetería,Argntina,2021,Dell
Producto_4,Juguetería,Argentina,2022,Huwaei
Producto_4,Juguetería,Argentina,2023,Xiaomi
Producto_4,Juguetería,Argntina,2024,Dell
Producto_4,Juguetería,Brasil,2018,Huawei
Producto_4,Juguetería,Brasiil,2019,Xiaomi
Producto_4,Juguetería,Brasil,2020,PH
Producto_4,Juguetería,Brasil,2021,Apple
Producto_4,Juguetería,Brasil,2022,Huawei
Producto_4,Juguetería,Brasil,2023,HP
Producto_4,Juguetería,Brasil,2024,Aplpe
Producto_5,Juguetería,Chile,2018,PH
Producto_5,Juguetería,Chile,2019,Sansung
Producto_5,Juguetería,Chile,2020,Huawei
Producto_5,Juguetería,Chile,2021,HPP
Producto_5,Juguetería,Chle,2022,HP
Producto_5,Juguetería,Chile,2023,HP
Producto_5,Juguetería,Chile,2024,HP
Producto_5,Juguetería,Peru,2018,Huawei
Producto_5,Juguetería,Peru,2019,Delll
Producto_5,Juguetería,Peru,2020,Del
Producto_5,Juguetería,Peru,2021,HP
Producto_5,Juguetería,Peruu,2022,Apple
Producto_5,Juguetería,PPeru,2023,Sony
Producto_5,Juguetería,Peru,2024,PH
Producto_5,Juguetería,Colombia,2018,Soony
Producto_5,Juguetería,Colombia,2019,Sony
Producto_5,Juguetería,olombia,2020,Sony
Producto_5,Juguetería,Colombia,2021,Apple
Producto_5,Juguetería,Colombia,2022,Xiaomi
Producto_5,Juguetería,Colombia,2023,HP
Producto_5,Juguetería,Colomia,2024,LG
Producto_5,Juguetería,Mexico,2018,Dell
Producto_5,Juguetería,Mexico,2019,Samsung
Producto_5,Juguetería,Mexico,2020,Xiaomi
Producto_5,Juguetería,Mexio,2021,Huawei
Producto_5,Juguetería,Mexio,2022,Huawei
Producto_5,Juguetería,Mexico,2023,XXiaomi
Producto_5,Juguetería,Mexico,2024,HP
Producto_5,Juguetería,Argentina,2018,LG
Producto_5,Juguetería,AArgentina,2019,Xiaomi
Producto_5,Juguetería,Argentina,2020,Sony
Producto_5,Juguetería,Argentina,2021,Xiaomi
Producto_5,Juguetería,Argntina,2022,Apple
Producto_5,Juguetería,Argentina,2023,Sony
Producto_5,Juguetería,Argentina,2024,Huawei
Producto_5,Juguetería,Brasil,2018,Dell
Producto_5,Juguetería,Brasil,2019,Soni
Producto_5,Juguetería,Brasil,2020,LG
Producto_5,Juguetería,Brasil,2021,Sony
Producto_5,Juguetería,Brasil,2022,Dell
Producto_5,Juguetería,Brasil,2023,Del
Producto_5,Juguetería,Brasil,2024,Apple
Producto_6,Automotriz,Chile,2018,LG
Producto_6,Automotriz,Chle,2019,Dell
Producto_6,Automotriz,Chile,2020,Dell
Producto_6,Automotriz,Chle,2021,Samsung
Producto_6,Automotriz,Chile,2022,LGG
Producto_6,Automotriz,Chile,2023,uHawei
Producto_6,Automotriz,Chile,2024,LG
Producto_6,Automotriz,Peru,2018,Samsung
Producto_6,Automotriz,Peru,2019,HPP
Producto_6,Automotriz,Peru,2020,Xiaomi
Producto_6,Automotriz,Peru,2021,L-G
Producto_6,Automotriz,PPeru,2022,Sony
Producto_6,Automotriz,Peru,2023,Dell
Producto_6,Automotriz,PPeru,2024,Xiaomi
Producto_6,Automotriz,Colombia,2018,Sony
Producto_6,Automotriz,Colombia,2019,HP
Producto_6,Automotriz,oClombia,2020,Dell
Producto_6,Automotriz,Colombia,2021,Sony
Producto_6,Automotriz,Colomia,2022,Huawei
Producto_6,Automotriz,Colombia,2023,HHP
Producto_6,Automotriz,Colomia,2024,Del
Producto_6,Automotriz,Mexico,2018,Xiamoi
Producto_6,Automotriz,Mxico,2019,LG
Producto_6,Automotriz,Mexoco,2020,PH
Producto_6,Automotriz,Mexico,2021,Xizomi
Producto_6,Automotriz,Mexico,2022,Samsung
Producto_6,Automotriz,Mexico,2023,HP
Producto_6,Automotriz,Mexicoo,2024,HP
Producto_6,Automotriz,Argentina,2018,Lf
Producto_6,Automotriz,Argntina,2019,wony
Producto_6,Automotriz,Argentina,2020,LG
Producto_6,Automotriz,Argentina,2021,HP
Producto_6,Automotriz,Argentinaa,2022,Apple
Producto_6,Automotriz,Agrentina,2023,Soony
Producto_6,Automotriz,Argentina,2024,L
Producto_6,Automotriz,Brasil,2018,Apple
Producto_6,Automotriz,Brasil,2019,Sony
Producto_6,Automotriz,Brasil,2020,Dell
Producto_6,Automotriz,Brasil,2021,LG
Producto_6,Automotriz,Brsil,2022,Sony
Producto_6,Automotriz,Brasil,2023,Dell
Producto_6,Automotriz,Brasil,2024,Huwwei
Producto_7,Deporte,Chile,2018,Sansung
Producto_7,Deporte,Chile,2019,Samsugn
Producto_7,Deporte,Chile,2020,Xiaomi
Producto_7,Deporte,CChile,2021,Samsung
Producto_7,Deporte,Chile,2022,Sasung
Producto_7,Deporte,Chil,2023,Huawei
Producto_7,Deporte,Chle,2024,Samsung
Producto_7,Deporte,Peru,2018,Sony
Producto_7,Deporte,Peru,2019,sell
Producto_7,Deporte,Preu,2020,Huawei
Producto_7,Deporte,Peru,2021,Sony
Producto_7,Deporte,Peru,2022,Huawe
Producto_7,Deporte,PPeru,2023,Xiaomi
Producto_7,Deporte,Peru,2024,Appel
Producto_7,Deporte,Colombia,2018,Apple
Producto_7,Deporte,Colombia,2019,Samsung
Producto_7,Deporte,Colombbia,2020,Sony
Producto_7,Deporte,Colombia,2021,Apple
Producto_7,Deporte,Colombia,2022,Dell
Producto_7,Deporte,Colombi,2023,Apple
Producto_7,Deporte,Colomboa,2024,Sansung
Producto_7,Deporte,Mexico,2018,LGG
Producto_7,Deporte,Mexico,2019,Samsung
Producto_7,Deporte,Mexicoo,2020,Ho
Producto_7,Deporte,Mexico,2021,LG
Producto_7,Deporte,Mexico,2022,HP
Producto_7,Deporte,Mexico,2023,Huawei
Producto_7,Deporte,Meixco,2024,Xiaomi
Producto_7,Deporte,Argentina,2018,HP
Producto_7,Deporte,Argentin,2019,Xioami
Producto_7,Deporte,Argentia,2020,Sny
Producto_7,Deporte,Argntina,2021,HP
Producto_7,Deporte,Argentina,2022,Huawei
Producto_7,Deporte,Argntina,2023,HP
Producto_7,Deporte,Argentina,2024,GL
Producto_7,Deporte,Brasil,2018,Xiaomi
Producto_7,Deporte,Brasil,2019,LGG
Producto_7,Deporte,Brasil,2020,Sansung
Producto_7,Deporte,Brasil,2021,Apple
Producto_7,Deporte,Brasil,2022,Huawei
Producto_7,Deporte,Brasil,2023,Apple
Producto_7,Deporte,Brasil,2024,iXaomi
Producto_8,Computación,Chile,2018,Huawei
Producto_8,Computación,Chile,2019,Huawei
Producto_8,Computación,Chile,2020,Xiaomi
Producto_8,Computación,Chile,2021,Samsung
Producto_8,Computación,Chilr,2022,Apole
Producto_8,Computación,Chile,2023,HP
Producto_8,Computación,Chle,2024,Appke
Producto_8,Computación,Peru,2018,Sansung
Producto_8,Computación,Pru,2019,Hjawei
Producto_8,Computación,oeru,2020,Appel
Producto_8,Computación,Per,2021,Dell
Producto_8,Computación,Peru,2022,Sony
Producto_8,Computación,Peru,2023,Dell
Producto_8,Computación,PPeru,2024,Apple
Producto_8,Computación,Colommbia,2018,Apple
Producto_8,Computación,Colombia,2019,HP
Producto_8,Computación,Colombia,2020,Sony
Producto_8,Computación,Colombia,2021,Dlel
Producto_8,Computación,Colombia,2022,Sony
Producto_8,Computación,Colombia,2023,Xiaomi
Producto_8,Computación,Colombia,2024,Samsung
Producto_8,Computación,eMxico,2018,PH
Producto_8,Computación,Mexico,2019,Xaiomi
Producto_8,Computación,Mexio,2020,Huawei
Producto_8,Computación,Meixco,2021,Huawei
Producto_8,Computación,Mexico,2022,Xiaomi
Producto_8,Computación,Mexico,2023,Huawei
Producto_8,Computación,Mexico,2024,Dell
Producto_8,Computación,Argentina,2018,Skny
Producto_8,Computación,Arentina,2019,Sansung
Producto_8,Computación,Argentinaa,2020,HP
Producto_8,Computación,Argentina,2021,PH
Producto_8,Computación,Argentina,2022,Son
Producto_8,Computación,Argentina,2023,HP
Producto_8,Computación,Argentina,2024,Sony
Producto_8,Computación,rBasil,2018,Xiaomi
Producto_8,Computación,Brasil,2019,LG
Producto_8,Computación,Brasil,2020,Xiaaomi
Producto_8,Computación,Brasil,2021,Apple
Producto_8,Computación,Brasil,2022,Dell
Producto_8,Computación,Brasil,2023,Apple
Producto_8,Computación,Brasil,2024,Samsung
Producto_9,Belleza,Chile,2018,Samsung
Producto_9,Belleza,Chile,2019,Huawei
Producto_9,Belleza,Chile,2020,HP
Producto_9,Belleza,Chile,2021,HPP
Producto_9,Belleza,Chile,2022,Delll
Producto_9,Belleza,Chile,2023,L
Producto_9,Belleza,Chile,2024,Samsung
Producto_9,Belleza,Pru,2018,LG
Producto_9,Belleza,Peruu,2019,P
Producto_9,Belleza,Peru,2020,Huawei
Producto_9,Belleza,Peri,2021,LG
Producto_9,Belleza,Peru,2022,HP
Producto_9,Belleza,Peru,2023,HP
Producto_9,Belleza,Perru,2024,Huawei
Producto_9,Belleza,Colombia,2018,Aple
Producto_9,Belleza,Colombia,2019,Sony
Producto_9,Belleza,Colombia,2020,Samung
Producto_9,Belleza,Colombai,2021,Sony
Producto_9,Belleza,Colombia,2022,Xiaomi
Producto_9,Belleza,Colombia,2023,Huaweei
Producto_9,Belleza,Colombia,2024,Samsung
Producto_9,Belleza,Mexico,2018,Xiaomi
Producto_9,Belleza,Mexico,2019,HPP
Producto_9,Belleza,Mexio,2020,LLG
Producto_9,Belleza,Mexico,2021,HP
Producto_9,Belleza,Mexico,2022,Xiaomi
Producto_9,Belleza,Mexico,2023,Samsnug
Producto_9,Belleza,Mexico,2024,Samsung
Producto_9,Belleza,Argentina,2018,Samsung
Producto_9,Belleza,Argentina,2019,Apple
Producto_9,Belleza,Argentina,2020,LG
Producto_9,Belleza,Argentina,2021,Ho
Producto_9,Belleza,Argentina,2022,Samsungg
Producto_9,Belleza,Argentina,2023,oSny
Producto_9,Belleza,Argentina,2024,Apple
Producto_9,Belleza,Brasil,2018,Apple
Producto_9,Belleza,Brasil,2019,Samsng
Producto_9,Belleza,Brasil,2020,Samsung
Producto_9,Belleza,Brasil,2021,Huawei
Producto_9,Belleza,Brasil,2022,Apple
Producto_9,Belleza,Brasil,2023,Xiaomi
Producto_9,Belleza,Brasil,2024,Dell
Producto_10,Belleza,Chile,2018,Huaawei
Producto_10,Belleza,Chile,2019,Del
Producto_10,Belleza,Chile,2020,Samsung
Producto_10,Belleza,Chile,2021,LG
Producto_10,Belleza,Chile,2022,L-G
Producto_10,Belleza,Chile,2023,Xiaomi
Producto_10,Belleza,Chile,2024,Apple
Producto_10,Belleza,Peru,2018,Apple
Producto_10,Belleza,Peru,2019,LG
Producto_10,Belleza,Peru,2020,Del
Producto_10,Belleza,Peru,2021,LG
Producto_10,Belleza,Peru,2022,Samsung
Producto_10,Belleza,Peru,2023,Sony
Producto_10,Belleza,Peu,2024,GL
Producto_10,Belleza,Colombbia,2018,Snoy
Producto_10,Belleza,Colombia,2019,Samsuung
Producto_10,Belleza,Colombai,2020,Dell
Producto_10,Belleza,Colombia,2021,Apple
Producto_10,Belleza,Colombia,2022,LG
Producto_10,Belleza,Colombia,2023,HP
Producto_10,Belleza,Colombia,2024,Huawei
Producto_10,Belleza,Mexico,2018,Sony
Producto_10,Belleza,Mexico,2019,Huawe
Producto_10,Belleza,Mexic,2020,LG
Producto_10,Belleza,Mexiico,2021,Del
Producto_10,Belleza,Mexico,2022,HP
Producto_10,Belleza,Mexico,2023,Dell
Producto_10,Belleza,Mxeico,2024,Huawei
Producto_10,Belleza,Argenitna,2018,Samsung
Producto_10,Belleza,Argentina,2019,L
Producto_10,Belleza,Argentina,2020,Xiaomi
Producto_10,Belleza,Argentina,2021,Apple
Producto_10,Belleza,Argntina,2022,Sny
Producto_10,Belleza,Argentina,2023,Samsung
Producto_10,Belleza,Argentina,2024,Huawwei
Producto_10,Belleza,Brasil,2018,Smasung
Producto_10,Belleza,Brasil,2019,Sony
Producto_10,Belleza,Brsil,2020,Appple
Producto_10,Belleza,Braisl,2021,Hiawei
Producto_10,Belleza,Brasio,2022,Samsug
Producto_10,Belleza,Brasil,2023,Apple
Producto_10,Belleza,Brasil,2024,Applle
Producto_11,Automotriz,Chile,2018,Xiaomi
Producto_11,Automotriz,Chile,2019,GL
Producto_11,Automotriz,Chile,2020,Apple
Producto_11,Automotriz,Chile,2021,Xiaomi
Producto_11,Automotriz,Chile,2022,Sasung
Producto_11,Automotriz,Chile,2023,Huawei
Producto_11,Automotriz,Chile,2024,HPP
Producto_11,Automotriz,Peru,2018,Hauwei
Producto_11,Automotriz,Peru,2019,Xiaomi
Producto_11,Automotriz,Pdru,2020,Sony
Producto_11,Automotriz,Peru,2021,Sony
Producto_11,Automotriz,Peru,2022,Xiaomi
Producto_11,Automotriz,Peru,2023,LG
Producto_11,Automotriz,Peru,2024,Dell
Producto_11,Automotriz,Colombia,2018,Sony
Producto_11,Automotriz,Colomia,2019,Xaomi
Producto_11,Automotriz,Colombia,2020,Huawei
Producto_11,Automotriz,Colombia,2021,Huawei
Producto_11,Automotriz,Collombia,2022,Soyn
Producto_11,Automotriz,Colombia,2023,oSny
Producto_11,Automotriz,Colombia,2024,Dell
Producto_11,Automotriz,Meixco,2018,Dsll
Producto_11,Automotriz,Mexico,2019,Sony
Producto_11,Automotriz,Mexiico,2020,Xiaomi
Producto_11,Automotriz,Mexico,2021,Sony
Producto_11,Automotriz,Mexico,2022,uawei
Producto_11,Automotriz,Mexico,2023,Huawei
Producto_11,Automotriz,Mexico,2024,Huawei
Producto_11,Automotriz,Argentina,2018,Del
Producto_11,Automotriz,Argentina,2019,Aple
Producto_11,Automotriz,Argeentina,2020,Xiaomi
Producto_11,Automotriz,Argentina,2021,Samsung
Producto_11,Automotriz,Argentina,2022,Huawei
Producto_11,Automotriz,Argentina,2023,HP
Producto_11,Automotriz,Argentina,2024,LG
Producto_11,Automotriz,Brasill,2018,SSamsung
Producto_11,Automotriz,Brrasil,2019,LG
Producto_11,Automotriz,Brasil,2020,Samsung
Producto_11,Automotriz,Brasil,2021,Xiaomi
Producto_11,Automotriz,Brasil,2022,Apple
Producto_11,Automotriz,Brasil,2023,Sony
Producto_11,Automotriz,Brrasil,2024,Huuawei
Producto_12,Juguetería,Chile,2018,Dell
Producto_12,Juguetería,Chile,2019,Sony
Producto_12,Juguetería,Chile,2020,Dell
Producto_12,Juguetería,Chle,2021,Appel
Producto_12,Juguetería,Chile,2022,Sony
Producto_12,Juguetería,Chile,2023,Snoy
Producto_12,Juguetería,Chile,2024,Smsung
Producto_12,Juguetería,Peru,2018,Dell
Producto_12,Juguetería,Peru,2019,Xiaoji
Producto_12,Juguetería,Peru,2020,HP
Producto_12,Juguetería,Peru,2021,HP
Producto_12,Juguetería,Peru,2022,Sony
Producto_12,Juguetería,Peru,2023,HP
Producto_12,Juguetería,Peru,2024,LG
Producto_12,Juguetería,Colombia,2018,Huawei
Producto_12,Juguetería,Colombia,2019,Soni
Producto_12,Juguetería,Colombia,2020,Sony
Producto_12,Juguetería,Colombia,2021,uHawei
Producto_12,Juguetería,Colombai,2022,Dell
Producto_12,Juguetería,Colombia,2023,Dell
Producto_12,Juguetería,Colombia,2024,Apple
Producto_12,Juguetería,Mexico,2018,LG
Producto_12,Juguetería,Mexico,2019,Xiaommi
Producto_12,Juguetería,Mexico,2020,Deell
Producto_12,Juguetería,Mexico,2021,LG
Producto_12,Juguetería,exico,2022,Xiaomi
Producto_12,Juguetería,Mexico,2023,L-G
Producto_12,Juguetería,Mexico,2024,Samsung
Producto_12,Juguetería,Agrentina,2018,Samsung
Producto_12,Juguetería,Argentina,2019,Huawe
Producto_12,Juguetería,Argentina,2020,L-G
Producto_12,Juguetería,Argentina,2021,Dell
Producto_12,Juguetería,Argentina,2022,P
Producto_12,Juguetería,Argentina,2023,Soni
Producto_12,Juguetería,Argentina,2024,LG
Producto_12,Juguetería,Brsail,2018,Sony
Producto_12,Juguetería,Brasil,2019,P
Producto_12,Juguetería,Brasil,2020,Apple
Producto_12,Juguetería,Brasik,2021,Xiaomi
Producto_12,Juguetería,Brasil,2022,HP
Producto_12,Juguetería,Brsail,2023,Sohy
Producto_12,Juguetería,Brasil,2024,HP
Producto_13,Belleza,Chie,2018,Hauwei
Producto_13,Belleza,Chile,2019,Samsung
Producto_13,Belleza,Chle,2020,Apple
Producto_13,Belleza,Chle,2021,Sony
Producto_13,Belleza,Cihle,2022,Dell
Producto_13,Belleza,Chile,2023,Sony
Producto_13,Belleza,Chile,2024,Xiaomi
Producto_13,Belleza,Peru,2018,Samsung
Producto_13,Belleza,Peru,2019,LG
Producto_13,Belleza,Peru,2020,Huawei
Producto_13,Belleza,ePru,2021,Xaiomi
Producto_13,Belleza,ePru,2022,Samsung
Producto_13,Belleza,Peur,2023,Xizomi
Producto_13,Belleza,Peru,2024,Dell
Producto_13,Belleza,Colombia,2018,LG
Producto_13,Belleza,Colombia,2019,Sansung
Producto_13,Belleza,Colombia,2020,Sony
Producto_13,Belleza,Coloombia,2021,SSony
Producto_13,Belleza,Colombia,2022,Xisomi
Producto_13,Belleza,Colombia,2023,Xaiomi
Producto_13,Belleza,Colombia,2024,Xiaomi
Producto_13,Belleza,exico,2018,LG
Producto_13,Belleza,Mexico,2019,HP
Producto_13,Belleza,Mexico,2020,HP
Producto_13,Belleza,Mexico,2021,Xiaomi
Producto_13,Belleza,Mexico,2022,Huawei
Producto_13,Belleza,Mexico,2023,Appld
Producto_13,Belleza,Mexico,2024,Samsung
Producto_13,Belleza,Argentin,2018,LG
Producto_13,Belleza,Argentina,2019,Apple
Producto_13,Belleza,Argentina,2020,Huawei
Producto_13,Belleza,rgentina,2021,LG
Producto_13,Belleza,Argentina,2022,Samsung
Producto_13,Belleza,Argentina,2023,Samsung
Producto_13,Belleza,Argentna,2024,Huawei
Producto_13,Belleza,Brasil,2018,Huawei
Producto_13,Belleza,rBasil,2019,Appe
Producto_13,Belleza,Brasil,2020,HP
Producto_13,Belleza,Brasil,2021,HP
Producto_13,Belleza,Brasil,2022,Xiaoni
Producto_13,Belleza,Brasil,2023,Xaiomi
Producto_13,Belleza,rasil,2024,Samsung
Producto_14,Electrónica,Chile,2018,Dell
Producto_14,Electrónica,Chilr,2019,Dell
Producto_14,Electrónica,Chile,2020,Apple
Producto_14,Electrónica,Chile,2021,Xiaomi
Producto_14,Electrónica,Chile,2022,Dell
Producto_14,Electrónica,Chile,2023,HP
Producto_14,Electrónica,Chiel,2024,Xiami
Producto_14,Electrónica,Peru,2018,Xiaomi
Producto_14,Electrónica,Peru,2019,Samsung
Producto_14,Electrónica,Preu,2020,eDll
Producto_14,Electrónica,Peru,2021,Xiaomi
Producto_14,Electrónica,Peru,2022,LG
Producto_14,Electrónica,Peru,2023,Dwll
Producto_14,Electrónica,Peru,2024,Hjawei
Producto_14,Electrónica,Colombia,2018,Xiaom
Producto_14,Electrónica,Colomia,2019,Apple
Producto_14,Electrónica,Colombia,2020,Samsung
Producto_14,Electrónica,Colobmia,2021,Apple
Producto_14,Electrónica,olombia,2022,HP
Producto_14,Electrónica,Colombia,2023,Apple
Producto_14,Electrónica,Colombia,2024,Samsung
Producto_14,Electrónica,Mexico,2018,Huawei
Producto_14,Electrónica,Mexico,2019,Hhawei
Producto_14,Electrónica,Mexico,2020,HP
Producto_14,Electrónica,Mexico,2021,Appel
Producto_14,Electrónica,Mexico,2022,HP
Producto_14,Electrónica,Mexico,2023,LG
Producto_14,Electrónica,Mexico,2024,Dlel
Producto_14,Electrónica,Argntina,2018,Samsunng
Producto_14,Electrónica,Argentina,2019,Dell
Producto_14,Electrónica,Argentina,2020,aony
Producto_14,Electrónica,Argentina,2021,LG
Producto_14,Electrónica,Argentina,2022,Hjawei
Producto_14,Electrónica,Argentina,2023,Sony
Producto_14,Electrónica,Argentina,2024,Huawe
Producto_14,Electrónica,Brail,2018,LLG
Producto_14,Electrónica,Brasil,2019,HP
Producto_14,Electrónica,Brasil,2020,Hauwei
Producto_14,Electrónica,Brasil,2021,Xiaomi
Producto_14,Electrónica,Brasil,2022,Samsung
Producto_14,Electrónica,Brasil,2023,Samsung
Producto_14,Electrónica,Brasil,2024,Soni
Producto_15,Hogar,Chile,2018,Dell
Producto_15,Hogar,Chille,2019,HPP
Producto_15,Hogar,Chile,2020,Sony
Producto_15,Hogar,Chile,2021,Xiaomi
Producto_15,Hogar,Chle,2022,Sony
Producto_15,Hogar,Chiile,2023,Dell
Producto_15,Hogar,Chile,2024,HP
Producto_15,Hogar,Peru,2018,HP
Producto_15,Hogar,Peru,2019,Delk
Producto_15,Hogar,Peru,2020,LGG
Producto_15,Hogar,Peru,2021,Sony
Producto_15,Hogar,Peru,2022,L
Producto_15,Hogar,Peru,2023,LG
Producto_15,Hogar,Peruu,2024,Xiaom
Producto_15,Hogar,Colombia,2018,LG
Producto_15,Hogar,Colombia,2019,Dell
Producto_15,Hogar,Cloombia,2020,Huawei
Producto_15,Hogar,Colombia,2021,Xiiaomi
Producto_15,Hogar,Colombia,2022,Xiaomi
Producto_15,Hogar,Colombia,2023,LG
Producto_15,Hogar,Colombia,2024,Soni
Producto_15,Hogar,Mexico,2018,HP
Producto_15,Hogar,Mexico,2019,Xaiomi
Producto_15,Hogar,Mexico,2020,Samsung
Producto_15,Hogar,Mexico,2021,Xiaomi
Producto_15,Hogar,Mexico,2022,Dell
Producto_15,Hogar,Mexico,2023,LLG
Producto_15,Hogar,jexico,2024,Aple
Producto_15,Hogar,Argentina,2018,Apple
Producto_15,Hogar,Argentina,2019,Deol
Producto_15,Hogar,Argentina,2020,Dell
Producto_15,Hogar,Argentina,2021,Huawe
Producto_15,Hogar,Argentina,2022,Samsung
Producto_15,Hogar,Argentina,2023,LG
Producto_15,Hogar,Argentian,2024,HP
Producto_15,Hogar,Brasil,2018,Sony
Producto_15,Hogar,Brasik,2019,Apple
Producto_15,Hogar,Brassil,2020,Sansung
Producto_15,Hogar,Brasil,2021,Apple
Producto_15,Hogar,Brasil,2022,Huawei
Producto_15,Hogar,Brasip,2023,Dell
Producto_15,Hogar,Braskl,2024,HP
Producto_16,Automotriz,Chjle,2018,Samsung
Producto_16,Automotriz,Chiile,2019,Sony
Producto_16,Automotriz,Chil,2020,Xiaomi
Producto_16,Automotriz,Chile,2021,H
Producto_16,Automotriz,Chle,2022,L-G
Producto_16,Automotriz,Chile,2023,Dell
Producto_16,Automotriz,Chile,2024,Sony
Producto_16,Automotriz,Peru,2018,Huawei
Producto_16,Automotriz,Peru,2019,HPP
Producto_16,Automotriz,Peru,2020,HP
Producto_16,Automotriz,Peru,2021,uawei
Producto_16,Automotriz,Peru,2022,LG
Producto_16,Automotriz,Peeru,2023,HP
Producto_16,Automotriz,Peur,2024,Huawei
Producto_16,Automotriz,Coloombia,2018,Sony
Producto_16,Automotriz,Colombia,2019,Apple
Producto_16,Automotriz,Colombia,2020,Samsung
Producto_16,Automotriz,Colomia,2021,HP
Producto_16,Automotriz,Colombia,2022,Samsung
Producto_16,Automotriz,Colombia,2023,Sony
Producto_16,Automotriz,Colombia,2024,kG
Producto_16,Automotriz,Mexico,2018,Xiaaomi
Producto_16,Automotriz,Mwxico,2019,kG
Producto_16,Automotriz,MMexico,2020,HP
Producto_16,Automotriz,Mexio,2021,Xiaomi
Producto_16,Automotriz,Mexico,2022,Xiaomi
Producto_16,Automotriz,Mexico,2023,Samsung
Producto_16,Automotriz,Mexco,2024,Huawei
Producto_16,Automotriz,Argentina,2018,Sony
Producto_16,Automotriz,Argentina,2019,HP
Producto_16,Automotriz,Argentina,2020,Xiaomi
Producto_16,Automotriz,Argentinaa,2021,Huawei
Producto_16,Automotriz,Argntina,2022,Samsugn
Producto_16,Automotriz,Argentina,2023,Huawei
Producto_16,Automotriz,Argentina,2024,Samsung
Producto_16,Automotriz,Brasil,2018,Sony
Producto_16,Automotriz,Brasil,2019,Huawei
Producto_16,Automotriz,Brasil,2020,Xiaomi
Producto_16,Automotriz,Brasil,2021,Samsung
Producto_16,Automotriz,Brsil,2022,Samsunng
Producto_16,Automotriz,Brasil,2023,Apple
Producto_16,Automotriz,Brasil,2024,Sony
Producto_17,Computación,Chile,2018,Dell
Producto_17,Computación,Chle,2019,Samsujg
Producto_17,Computación,Chile,2020,Huawei
Producto_17,Computación,CChile,2021,Samsuung
Producto_17,Computación,Chile,2022,Apple
Producto_17,Computación,Chile,2023,LG
Producto_17,Computación,Chils,2024,Samsung
Producto_17,Computación,Peru,2018,Sony
Producto_17,Computación,Preu,2019,Huawei
Producto_17,Computación,Pru,2020,Huawei
Producto_17,Computación,Peru,2021,Sony
Producto_17,Computación,Peeru,2022,Huwaei
Producto_17,Computación,Peru,2023,Xaiomi
Producto_17,Computación,Per,2024,Huawei
Producto_17,Computación,Colombia,2018,Applf
Producto_17,Computación,Colombai,2019,HP
Producto_17,Computación,Colomia,2020,Sony
Producto_17,Computación,Colombia,2021,Sasung
Producto_17,Computación,Colombia,2022,Huawei
Producto_17,Computación,Colombia,2023,LG
Producto_17,Computación,Coloombia,2024,LG
Producto_17,Computación,Mexico,2018,HPP
Producto_17,Computación,Mexico,2019,Samsung
Producto_17,Computación,Mexico,2020,Sony
Producto_17,Computación,Mexcio,2021,Huawei
Producto_17,Computación,Mexio,2022,Apple
Producto_17,Computación,Mexico,2023,Apple
Producto_17,Computación,Mrxico,2024,Samsung
Producto_17,Computación,Argentina,2018,Dlel
Producto_17,Computación,Argentina,2019,Huawei
Producto_17,Computación,Argentina,2020,Sony
Producto_17,Computación,Argentina,2021,Samsung
Producto_17,Computación,Argentina,2022,Delll
Producto_17,Computación,Argentinq,2023,Xiaomi
Producto_17,Computación,Argentina,2024,Huawei
Producto_17,Computación,Brsil,2018,Huawei
Producto_17,Computación,Brasil,2019,Sony
Producto_17,Computación,Brasil,2020,Apple
Producto_17,Computación,Brasil,2021,Samsung
Producto_17,Computación,Brassil,2022,GL
Producto_17,Computación,Braisl,2023,Samsung
Producto_17,Computación,Brassil,2024,LG
Producto_18,Electrónica,Chile,2018,Dell
Producto_18,Electrónica,Chilw,2019,Dell
Producto_18,Electrónica,Chile,2020,Dell
Producto_18,Electrónica,Chile,2021,Sony
Producto_18,Electrónica,Chile,2022,eell
Producto_18,Electrónica,Chile,2023,Huawei
Producto_18,Electrónica,Chilee,2024,Huawei
Producto_18,Electrónica,Peruu,2018,Dell
Producto_18,Electrónica,Peru,2019,Xaiomi
Producto_18,Electrónica,Peru,2020,Sony
Producto_18,Electrónica,Peru,2021,Xiaom
Producto_18,Electrónica,Peru,2022,HPP
Producto_18,Electrónica,Perru,2023,Huawei
Producto_18,Electrónica,Peru,2024,HP
Producto_18,Electrónica,Colombia,2018,Aplle
Producto_18,Electrónica,Coombia,2019,LG
Producto_18,Electrónica,Colombi,2020,Samsung
Producto_18,Electrónica,Colombiz,2021,HP
Producto_18,Electrónica,Colombia,2022,Huawei
Producto_18,Electrónica,Colombia,2023,Dell
Producto_18,Electrónica,Colombia,2024,Dell
Producto_18,Electrónica,Mexico,2018,LG
Producto_18,Electrónica,Mexico,2019,Dell
Producto_18,Electrónica,Mexico,2020,Sony
Producto_18,Electrónica,Mexico,2021,Huawei
Producto_18,Electrónica,Mexico,2022,HHP
Producto_18,Electrónica,jexico,2023,Samsng
Producto_18,Electrónica,Mexio,2024,Apple
Producto_18,Electrónica,Argentina,2018,Samsung
Producto_18,Electrónica,Argeentina,2019,Hl
Producto_18,Electrónica,Argentina,2020,Samsung
Producto_18,Electrónica,Argentia,2021,LG
Producto_18,Electrónica,rgentina,2022,Sony
Producto_18,Electrónica,Argntina,2023,Samsun
Producto_18,Electrónica,Argentina,2024,Xiaomi
Producto_18,Electrónica,Brasil,2018,Sony
Producto_18,Electrónica,Barsil,2019,Huawe
Producto_18,Electrónica,Brasil,2020,Xiaomi
Producto_18,Electrónica,Brasil,2021,Xiaomi
Producto_18,Electrónica,Brasli,2022,Samsung
Producto_18,Electrónica,Brasil,2023,LG
Producto_18,Electrónica,Brasli,2024,Sony
Producto_19,Juguetería,Chile,2018,LG
Producto_19,Juguetería,Chile,2019,LG
Producto_19,Juguetería,Chile,2020,Dell
Producto_19,Juguetería,Chile,2021,Sony
Producto_19,Juguetería,Cihle,2022,LG
Producto_19,Juguetería,Chile,2023,Soni
Producto_19,Juguetería,Chile,2024,Apple
Producto_19,Juguetería,Peru,2018,HP
Producto_19,Juguetería,Peru,2019,Huawei
Producto_19,Juguetería,Peru,2020,ony
Producto_19,Juguetería,Pru,2021,Sony
Producto_19,Juguetería,Peru,2022,LG
Producto_19,Juguetería,Peru,2023,Huawei
Producto_19,Juguetería,Peru,2024,Apple
Producto_19,Juguetería,Colombia,2018,Apple
Producto_19,Juguetería,Colombia,2019,LG
Producto_19,Juguetería,Colombia,2020,Samsugn
Producto_19,Juguetería,Colombia,2021,Hhawei
Producto_19,Juguetería,Colombia,2022,L
Producto_19,Juguetería,Colombja,2023,Dell
Producto_19,Juguetería,Colombia,2024,Samsung
Producto_19,Juguetería,Mexico,2018,Sony
Producto_19,Juguetería,Mexico,2019,HP
Producto_19,Juguetería,Mexico,2020,Huawei
Producto_19,Juguetería,Mexio,2021,Appld
Producto_19,Juguetería,Mexico,2022,Sansung
Producto_19,Juguetería,Mexico,2023,Samsung
Producto_19,Juguetería,Mexico,2024,Samsung
Producto_19,Juguetería,Argentina,2018,Appel
Producto_19,Juguetería,Argentina,2019,aamsung
Producto_19,Juguetería,Argentina,2020,Xiaomi
Producto_19,Juguetería,Argentina,2021,Huawei
Producto_19,Juguetería,Argenitna,2022,Sansung
Producto_19,Juguetería,Argentina,2023,Hl
Producto_19,Juguetería,Argentina,2024,Applle
Producto_19,Juguetería,Brsail,2018,Dll
Producto_19,Juguetería,Brasil,2019,Samsung
Producto_19,Juguetería,Brsil,2020,HP
Producto_19,Juguetería,Brasil,2021,LG
Producto_19,Juguetería,Basil,2022,HP
Producto_19,Juguetería,Brasil,2023,LG
Producto_19,Juguetería,Brasil,2024,HP
Producto_20,Computación,Chile,2018,Apple
Producto_20,Computación,Chile,2019,Dell
Producto_20,Computación,Chile,2020,Sony
Producto_20,Computación,Chile,2021,LG
Producto_20,Computación,Chile,2022,Appe
Producto_20,Computación,Chle,2023,Sony
Producto_20,Computación,Chle,2024,Samsung
Producto_20,Computación,Peru,2018,Sony
Producto_20,Computación,Peru,2019,GL
Producto_20,Computación,Peru,2020,SSony
Producto_20,Computación,Peru,2021,Dell
Producto_20,Computación,Peru,2022,HP
Producto_20,Computación,Peru,2023,Apple
Producto_20,Computación,PPeru,2024,Huawei
Producto_20,Computación,oClombia,2018,Samsung
Producto_20,Computación,Colombia,2019,Del
Producto_20,Computación,Colomia,2020,Huawei
Producto_20,Computación,Colombia,2021,Deol
Producto_20,Computación,Colmobia,2022,Dell
Producto_20,Computación,Colombia,2023,PH
Producto_20,Computación,Colombia,2024,HHP
Producto_20,Computación,Mexioc,2018,Sammsung
Producto_20,Computación,Mexicco,2019,Huawei
Producto_20,Computación,Mexico,2020,Soni
Producto_20,Computación,Mxeico,2021,Huawe
Producto_20,Computación,Meexico,2022,PH
Producto_20,Computación,Mexico,2023,Xiaomi
Producto_20,Computación,eMxico,2024,Apple
Producto_20,Computación,Argenttina,2018,Huawei
Producto_20,Computación,Argentna,2019,Xiaomi
Producto_20,Computación,Argentina,2020,HP
Producto_20,Computación,Argentina,2021,Xiaomi
Producto_20,Computación,Argentina,2022,LG
Producto_20,Computación,Argentina,2023,Huawei
Producto_20,Computación,Argentina,2024,Apple
Producto_20,Computación,Brsail,2018,Sony
Producto_20,Computación,Brasil,2019,Xaiomi
Producto_20,Computación,Brasil,2020,oSny
Producto_20,Computación,Brasil,2021,Apple
Producto_20,Computación,Brasil,2022,Dell
Producto_20,Computación,Brasiil,2023,Huawei
Producto_20,Computación,Brasil,2024,Xiaomi
Producto_21,Hogar,Chle,2018,HP
Producto_21,Hogar,Chile,2019,Apple
Producto_21,Hogar,Chile,2020,Xiaomi
Producto_21,Hogar,Chile,2021,HP
Producto_21,Hogar,Cile,2022,Appel
Producto_21,Hogar,Chile,2023,Huawei
Producto_21,Hogar,Chile,2024,LG
Producto_21,Hogar,Peru,2018,Xiaomi
Producto_21,Hogar,Perru,2019,Apple
Producto_21,Hogar,Preu,2020,Xiaomi
Producto_21,Hogar,Peru,2021,Del
Producto_21,Hogar,Peru,2022,Huawei
Producto_21,Hogar,Peru,2023,Huawei
Producto_21,Hogar,Peru,2024,Sony
Producto_21,Hogar,Colombia,2018,Huawei
Producto_21,Hogar,Colombia,2019,HP
Producto_21,Hogar,Colombja,2020,GL
Producto_21,Hogar,Colombia,2021,Sony
Producto_21,Hogar,Colombia,2022,Samsung
Producto_21,Hogar,Colombia,2023,Sony
Producto_21,Hogar,Colombia,2024,Samsung
Producto_21,Hogar,Mexico,2018,Apple
Producto_21,Hogar,Mexico,2019,Aple
Producto_21,Hogar,Mexcio,2020,Appke
Producto_21,Hogar,Mexio,2021,HP
Producto_21,Hogar,eMxico,2022,Xiaomi
Producto_21,Hogar,Mexico,2023,Samsung
Producto_21,Hogar,exico,2024,Applle
Producto_21,Hogar,Argentina,2018,Dell
Producto_21,Hogar,rAgentina,2019,HP
Producto_21,Hogar,Argentina,2020,xell
Producto_21,Hogar,Argentin,2021,Xiaaomi
Producto_21,Hogar,Argntina,2022,Xiaomi
Producto_21,Hogar,Argentina,2023,L-G
Producto_21,Hogar,Argentina,2024,Dell
Producto_21,Hogar,Brasil,2018,HP
Producto_21,Hogar,Brasik,2019,Dell
Producto_21,Hogar,Brasil,2020,LG
Producto_21,Hogar,Barsil,2021,Xiaomi
Producto_21,Hogar,Brasil,2022,Apple
Producto_21,Hogar,Brasil,2023,P
Producto_21,Hogar,Brasil,2024,Dell
Producto_22,Belleza,Chie,2018,Samsung
Producto_22,Belleza,Chile,2019,LG
Producto_22,Belleza,Chile,2020,Apple
Producto_22,Belleza,Chile,2021,Soby
Producto_22,Belleza,Chioe,2022,Sony
Producto_22,Belleza,Chille,2023,L-G
Producto_22,Belleza,Chile,2024,LG
Producto_22,Belleza,Peru,2018,Dell
Producto_22,Belleza,Peru,2019,Apple
Producto_22,Belleza,Peru,2020,Xaiomi
Producto_22,Belleza,Peru,2021,Sony
Producto_22,Belleza,Pery,2022,Dell
Producto_22,Belleza,Peru,2023,Xiaomi
Producto_22,Belleza,Peru,2024,Apple
Producto_22,Belleza,Colombia,2018,Lt
Producto_22,Belleza,Colombbia,2019,eDll
Producto_22,Belleza,Colombia,2020,Samsung
Producto_22,Belleza,Colombi,2021,ell
Producto_22,Belleza,Colobia,2022,HP
Producto_22,Belleza,Colombia,2023,HP
Producto_22,Belleza,Colombia,2024,Apple
Producto_22,Belleza,Mexico,2018,Xiaomi
Producto_22,Belleza,Mexio,2019,Apple
Producto_22,Belleza,Mexico,2020,Sony
Producto_22,Belleza,Mexcio,2021,Samsung
Producto_22,Belleza,Mexico,2022,dony
Producto_22,Belleza,Mexico,2023,uawei
Producto_22,Belleza,Mexico,2024,HP
Producto_22,Belleza,Argentina,2018,Samsuung
Producto_22,Belleza,Argentina,2019,HP
Producto_22,Belleza,Argentina,2020,Samsuung
Producto_22,Belleza,Argentina,2021,Huwaei
Producto_22,Belleza,Argentina,2022,Xiaomi
Producto_22,Belleza,Argentina,2023,LG
Producto_22,Belleza,Argentina,2024,Huawei
Producto_22,Belleza,Brasil,2018,Huawei
Producto_22,Belleza,Brasil,2019,HHP
Producto_22,Belleza,Brasjl,2020,Dell
Producto_22,Belleza,Brasil,2021,Huawwei
Producto_22,Belleza,Brasil,2022,Xiaomi
Producto_22,Belleza,Brasil,2023,Sony
Producto_22,Belleza,Brasil,2024,Xiaoomi
Producto_23,Electrónica,Chile,2018,Samsung
Producto_23,Electrónica,Chile,2019,Del
Producto_23,Electrónica,Chile,2020,HP
Producto_23,Electrónica,Chile,2021,Xiaomi
Producto_23,Electrónica,Chille,2022,Apple
Producto_23,Electrónica,Chile,2023,LG
Producto_23,Electrónica,Chile,2024,Apple
Producto_23,Electrónica,Peru,2018,Samsung
Producto_23,Electrónica,Peeru,2019,Huawei
Producto_23,Electrónica,Peu,2020,Apple
Producto_23,Electrónica,Peru,2021,oSny
Producto_23,Electrónica,Peru,2022,LG
Producto_23,Electrónica,Peruu,2023,aSmsung
Producto_23,Electrónica,ePru,2024,HP
Producto_23,Electrónica,Colombia,2018,Xiaomi
Producto_23,Electrónica,Colombia,2019,Delll
Producto_23,Electrónica,Colombia,2020,Huaei
Producto_23,Electrónica,Colomia,2021,Huaei
Producto_23,Electrónica,Colombia,2022,Huawei
Producto_23,Electrónica,Colombia,2023,LG
Producto_23,Electrónica,Colombia,2024,oSny
Producto_23,Electrónica,Mexico,2018,Soy
Producto_23,Electrónica,Mexico,2019,Sansung
Producto_23,Electrónica,Mexico,2020,Xiaomi
Producto_23,Electrónica,Meexico,2021,Xiaomi
Producto_23,Electrónica,Mexico,2022,LG
Producto_23,Electrónica,Mexicp,2023,Xiaomi
Producto_23,Electrónica,Mexico,2024,Appel
Producto_23,Electrónica,Argentina,2018,Huawei
Producto_23,Electrónica,Argentina,2019,HP
Producto_23,Electrónica,Argentinz,2020,LG
Producto_23,Electrónica,Argentina,2021,Xiaomi
Producto_23,Electrónica,Argentina,2022,PH
Producto_23,Electrónica,Argentina,2023,Apple
Producto_23,Electrónica,Argentina,2024,Apple
Producto_23,Electrónica,Brasil,2018,Huawei
Producto_23,Electrónica,Brasiil,2019,Xiaomi
Producto_23,Electrónica,Brasil,2020,P
Producto_23,Electrónica,Brasil,2021,Samsung
Producto_23,Electrónica,Brasil,2022,GL
Producto_23,Electrónica,Brasil,2023,Dell
Producto_23,Electrónica,Brasil,2024,LG
Producto_24,Deporte,Chile,2018,LG
Producto_24,Deporte,Chile,2019,HP
Producto_24,Deporte,Chille,2020,Appel
Producto_24,Deporte,Chile,2021,Dell
Producto_24,Deporte,Chile,2022,Sony
Producto_24,Deporte,Chile,2023,Apple
Producto_24,Deporte,Chile,2024,Sony
Producto_24,Deporte,Pru,2018,HP
Producto_24,Deporte,Pru,2019,Xiaomi
Producto_24,Deporte,Peru,2020,HP
Producto_24,Deporte,Peru,2021,Dell
Producto_24,Deporte,Peru,2022,HP
Producto_24,Deporte,Pru,2023,Xiaomi
Producto_24,Deporte,Peur,2024,LG
Producto_24,Deporte,Colombia,2018,Samsung
Producto_24,Deporte,Colombia,2019,LG
Producto_24,Deporte,Colombia,2020,Xiaom
Producto_24,Deporte,Colombia,2021,Xiaomi
Producto_24,Deporte,Colombia,2022,Sony
Producto_24,Deporte,Colombia,2023,LG
Producto_24,Deporte,Colombia,2024,Samsung
Producto_24,Deporte,Mexico,2018,HP
Producto_24,Deporte,Mexicco,2019,Dell
Producto_24,Deporte,Mexxico,2020,Xiaomi
Producto_24,Deporte,Mexico,2021,Dell
Producto_24,Deporte,Mexico,2022,pAple
Producto_24,Deporte,Mexco,2023,Apple
Producto_24,Deporte,Mexico,2024,Huawei
Producto_24,Deporte,Argntina,2018,Dell
Producto_24,Deporte,rgentina,2019,Xiaom
Producto_24,Deporte,Argentina,2020,Dell
Producto_24,Deporte,Argentina,2021,Huawei
Producto_24,Deporte,Argentina,2022,Apple
Producto_24,Deporte,Argentna,2023,Sony
Producto_24,Deporte,Argentina,2024,LG
Producto_24,Deporte,Brasil,2018,Dell
Producto_24,Deporte,Brasil,2019,Xiaomi
Producto_24,Deporte,Brasil,2020,PH
Producto_24,Deporte,Brasil,2021,HP
Producto_24,Deporte,Brsil,2022,Sony
Producto_24,Deporte,Brasil,2023,HP
Producto_24,Deporte,BBrasil,2024,Apple
Producto_25,Deporte,Chile,2018,Huaei
Producto_25,Deporte,Chlie,2019,Samsung
Producto_25,Deporte,Chile,2020,Apple
Producto_25,Deporte,Chile,2021,Dell
Producto_25,Deporte,Chile,2022,Samsung
Producto_25,Deporte,Chile,2023,Huawei
Producto_25,Deporte,Chil,2024,Ssmsung
Producto_25,Deporte,Peru,2018,Huawwi
Producto_25,Deporte,Peru,2019,Sony
Producto_25,Deporte,Pru,2020,Huawei
Producto_25,Deporte,Peu,2021,Xiaomi
Producto_25,Deporte,Peru,2022,Samsung
Producto_25,Deporte,Peru,2023,Dell
Producto_25,Deporte,Peru,2024,Dell
Producto_25,Deporte,Colombiaa,2018,Huawei
Producto_25,Deporte,Colomia,2019,Del
Producto_25,Deporte,Colombia,2020,Huawei
Producto_25,Deporte,Cooombia,2021,Huawei
Producto_25,Deporte,Colombia,2022,Huawei
Producto_25,Deporte,Colomia,2023,LG
Producto_25,Deporte,Colmbia,2024,Xiaomi
Producto_25,Deporte,Mexico,2018,Xiaomi
Producto_25,Deporte,Mexico,2019,Xiaomi
Producto_25,Deporte,Mexico,2020,iaomi
Producto_25,Deporte,Mexico,2021,Apple
Producto_25,Deporte,Mexico,2022,Sony
Producto_25,Deporte,Mexico,2023,HPP
Producto_25,Deporte,Mexico,2024,Huawei
Producto_25,Deporte,Argentina,2018,LG
Producto_25,Deporte,Agentina,2019,Sansung
Producto_25,Deporte,Argentina,2020,LGG
Producto_25,Deporte,Argentina,2021,LG
Producto_25,Deporte,Argentina,2022,Sony
Producto_25,Deporte,Argentina,2023,LG
Producto_25,Deporte,Argentina,2024,HP
Producto_25,Deporte,Brsil,2018,Samsung
Producto_25,Deporte,Brasil,2019,Dll
Producto_25,Deporte,Brasil,2020,HP
Producto_25,Deporte,Brasio,2021,HPP
Producto_25,Deporte,Brasil,2022,HP
Producto_25,Deporte,Brasil,2023,Appe
Producto_25,Deporte,Brasil,2024,Delo
Producto_26,Hogar,hile,2018,Samsung
Producto_26,Hogar,Chilee,2019,LLG
Producto_26,Hogar,Chile,2020,Huawei
Producto_26,Hogar,Chiel,2021,Soy
Producto_26,Hogar,Chille,2022,LG
Producto_26,Hogar,Chile,2023,HP
Producto_26,Hogar,Chile,2024,Huawei
Producto_26,Hogar,ePru,2018,HHuawei
Producto_26,Hogar,Peru,2019,HP
Producto_26,Hogar,ePru,2020,Appel
Producto_26,Hogar,Preu,2021,Sony
Producto_26,Hogar,Peru,2022,Apple
Producto_26,Hogar,Peru,2023,Dell
Producto_26,Hogar,Peruu,2024,Siny
Producto_26,Hogar,oClombia,2018,Apole
Producto_26,Hogar,Colobmia,2019,Sojy
Producto_26,Hogar,Colombia,2020,Samsung
Producto_26,Hogar,Colombia,2021,Huawei
Producto_26,Hogar,Colombia,2022,Xiaomi
Producto_26,Hogar,Colombia,2023,HP
Producto_26,Hogar,Colombia,2024,Xiaomi
Producto_26,Hogar,Mexco,2018,Samsung
Producto_26,Hogar,Mexico,2019,Samsung
Producto_26,Hogar,Mexico,2020,Samsung
Producto_26,Hogar,Mexico,2021,PH
Producto_26,Hogar,Mxico,2022,Xiaommi
Producto_26,Hogar,Mexico,2023,Samsuhg
Producto_26,Hogar,Mexico,2024,Xiaomi
Producto_26,Hogar,Argentina,2018,Huawei
Producto_26,Hogar,Argentina,2019,Apple
Producto_26,Hogar,Argentina,2020,Dell
Producto_26,Hogar,Argentina,2021,Huawei
Producto_26,Hogar,Argentjna,2022,Dell
Producto_26,Hogar,Argsntina,2023,HP
Producto_26,Hogar,Argentina,2024,Hhawei
Producto_26,Hogar,Brasil,2018,H
Producto_26,Hogar,Brasil,2019,Delll
Producto_26,Hogar,Brasil,2020,P
Producto_26,Hogar,Brasil,2021,LG
Producto_26,Hogar,Brasil,2022,Sony
Producto_26,Hogar,Brasil,2023,Hl
Producto_26,Hogar,Brasil,2024,Apple
Producto_27,Computación,Chiel,2018,Apple
Producto_27,Computación,Chile,2019,Xiaomi
Producto_27,Computación,Chile,2020,LG
Producto_27,Computación,Cihle,2021,Samsuhg
Producto_27,Computación,hile,2022,HPP
Producto_27,Computación,Chile,2023,Sony
Producto_27,Computación,Chile,2024,Aplle
Producto_27,Computación,Peru,2018,Samsung
Producto_27,Computación,Peru,2019,Xiaomi
Producto_27,Computación,Peru,2020,LG
Producto_27,Computación,Peruu,2021,Samsung
Producto_27,Computación,PPeru,2022,HP
Producto_27,Computación,Peru,2023,Samsung
Producto_27,Computación,Peru,2024,Xiaomi
Producto_27,Computación,Colombia,2018,Apple
Producto_27,Computación,Colombia,2019,Xiaomi
Producto_27,Computación,Colombia,2020,Dell
Producto_27,Computación,Colombia,2021,HP
Producto_27,Computación,Coloombia,2022,Apple
Producto_27,Computación,Colombia,2023,L-G
Producto_27,Computación,Colombia,2024,Sony
Producto_27,Computación,Mexico,2018,Dell
Producto_27,Computación,Mexico,2019,Sony
Producto_27,Computación,Mexico,2020,Aplpe
Producto_27,Computación,Mexico,2021,LG
Producto_27,Computación,Mexio,2022,Apple
Producto_27,Computación,jexico,2023,Apple
Producto_27,Computación,Mexio,2024,Xiaommi
Producto_27,Computación,Argentina,2018,Appple
Producto_27,Computación,Argentina,2019,Xiaomi
Producto_27,Computación,Argentina,2020,Huawei
Producto_27,Computación,Argentina,2021,LG
Producto_27,Computación,Agentina,2022,Xioami
Producto_27,Computación,srgentina,2023,HP
Producto_27,Computación,Argentina,2024,Xaiomi
Producto_27,Computación,Brasil,2018,Sony
Producto_27,Computación,Brasil,2019,Ly
Producto_27,Computación,Brasik,2020,Huaawei
Producto_27,Computación,Brasill,2021,Dell
Producto_27,Computación,Brsil,2022,xony
Producto_27,Computación,Brasil,2023,Applle
Producto_27,Computación,Brasil,2024,Xaiomi
Producto_28,Electrónica,Chhile,2018,Xiaomi
Producto_28,Electrónica,Chle,2019,Xiaomi
Producto_28,Electrónica,Chile,2020,Xiaomi
Producto_28,Electrónica,Chile,2021,LG
Producto_28,Electrónica,Chile,2022,Huaewi
Producto_28,Electrónica,Chile,2023,Xiaomii
Producto_28,Electrónica,Chile,2024,Xiaomi
Producto_28,Electrónica,Peru,2018,Samwung
Producto_28,Electrónica,Pru,2019,Sony
Producto_28,Electrónica,Peru,2020,Apple
Producto_28,Electrónica,Peru,2021,HP
Producto_28,Electrónica,Peru,2022,LG
Producto_28,Electrónica,Peru,2023,HP
Producto_28,Electrónica,Peru,2024,HP
Producto_28,Electrónica,Colombia,2018,Sonny
Producto_28,Electrónica,Colombia,2019,Dell
Producto_28,Electrónica,Colombia,2020,HP
Producto_28,Electrónica,Colombia,2021,GL
Producto_28,Electrónica,Colombiia,2022,Xiaomi
Producto_28,Electrónica,Colombia,2023,Sony
Producto_28,Electrónica,Colombia,2024,HP
Producto_28,Electrónica,Mexico,2018,Apple
Producto_28,Electrónica,Mexico,2019,Dell
Producto_28,Electrónica,Mexico,2020,Samsung
Producto_28,Electrónica,Mexico,2021,Soni
Producto_28,Electrónica,Mexic,2022,eDll
Producto_28,Electrónica,Mexico,2023,iXaomi
Producto_28,Electrónica,Mexico,2024,Xiaoji
Producto_28,Electrónica,Argentina,2018,Delll
Producto_28,Electrónica,Argentina,2019,Xioami
Producto_28,Electrónica,Argentina,2020,HP
Producto_28,Electrónica,Argentina,2021,L
Producto_28,Electrónica,Argntina,2022,zpple
Producto_28,Electrónica,Argentina,2023,Apple
Producto_28,Electrónica,Argeentina,2024,LG
Producto_28,Electrónica,Brasil,2018,Samsung
Producto_28,Electrónica,Brasil,2019,Dell
Producto_28,Electrónica,Brail,2020,Xiomi
Producto_28,Electrónica,Brsil,2021,Huawei
Producto_28,Electrónica,Brasil,2022,Apple
Producto_28,Electrónica,Brasil,2023,Samsung
Producto_28,Electrónica,Brasil,2024,LG
Producto_29,Computación,Chie,2018,Samsung
Producto_29,Computación,Chile,2019,Xiaomi
Producto_29,Computación,Chile,2020,HP
Producto_29,Computación,Chile,2021,Sony
Producto_29,Computación,Chile,2022,Xiaomi
Producto_29,Computación,Chile,2023,Xiaomi
Producto_29,Computación,Chile,2024,Samsung
Producto_29,Computación,Peru,2018,Dell
Producto_29,Computación,Peru,2019,Xiaomi
Producto_29,Computación,Peru,2020,Xiaomi
Producto_29,Computación,Peru,2021,Apple
Producto_29,Computación,Peru,2022,Samsun
Producto_29,Computación,Peru,2023,HP
Producto_29,Computación,Peru,2024,Sansung
Producto_29,Computación,Colomia,2018,HP
Producto_29,Computación,Colombia,2019,Apple
Producto_29,Computación,Colombia,2020,Xiaomi
Producto_29,Computación,Colombia,2021,HP
Producto_29,Computación,Colombia,2022,Sony
Producto_29,Computación,Colombia,2023,Apple
Producto_29,Computación,Colobmia,2024,HP
Producto_29,Computación,Mexco,2018,Huawei
Producto_29,Computación,Mexico,2019,Sony
Producto_29,Computación,Mexico,2020,LG
Producto_29,Computación,Mexico,2021,Deell
Producto_29,Computación,Mexico,2022,Xaiomi
Producto_29,Computación,Mexco,2023,Apple
Producto_29,Computación,Mexico,2024,Delll
Producto_29,Computación,Argentina,2018,Dell
Producto_29,Computación,Arentina,2019,Hauwei
Producto_29,Computación,Argentina,2020,Huawei
Producto_29,Computación,Argentina,2021,HP
Producto_29,Computación,Argentina,2022,GL
Producto_29,Computación,Argentina,2023,L
Producto_29,Computación,Argentina,2024,Apple
Producto_29,Computación,Brasil,2018,pple
Producto_29,Computación,Brassil,2019,LG
Producto_29,Computación,Brasil,2020,Xiaomi
Producto_29,Computación,Brasil,2021,Samsung
Producto_29,Computación,Brasil,2022,Apple
Producto_29,Computación,Brasil,2023,Huawei
Producto_29,Computación,Brasil,2024,Samsung
Producto_30,Hogar,Chile,2018,Samsung
Producto_30,Hogar,Chile,2019,Sony
Producto_30,Hogar,Chile,2020,Apple
Producto_30,Hogar,Chile,2021,LG
Producto_30,Hogar,Chile,2022,Sony
Producto_30,Hogar,Chile,2023,Samsung
Producto_30,Hogar,Chile,2024,LG
Producto_30,Hogar,Peruu,2018,Samsung
Producto_30,Hogar,Peru,2019,Dell
Producto_30,Hogar,Peru,2020,GL
Producto_30,Hogar,Peru,2021,Huawei
Producto_30,Hogar,Peru,2022,Dell
Producto_30,Hogar,Peru,2023,Dell
Producto_30,Hogar,Peru,2024,Xiaomi
Producto_30,Hogar,Cokombia,2018,Dell
Producto_30,Hogar,Colombia,2019,Apple
Producto_30,Hogar,Coombia,2020,Xiaomi
Producto_30,Hogar,Colombia,2021,LG
Producto_30,Hogar,Colombia,2022,Samsung
Producto_30,Hogar,CColombia,2023,Xiaomi
Producto_30,Hogar,Colombia,2024,Samsung
Producto_30,Hogar,Mexico,2018,Samsung
Producto_30,Hogar,Mexico,2019,HP
Producto_30,Hogar,Mexco,2020,pG
Producto_30,Hogar,Mexico,2021,Xiaomi
Producto_30,Hogar,Mexico,2022,Sony
Producto_30,Hogar,Mexico,2023,HP
Producto_30,Hogar,Mexico,2024,Xaiomi
Producto_30,Hogar,Argentina,2018,LG
Producto_30,Hogar,Argentina,2019,Sony
Producto_30,Hogar,Argentina,2020,Apple
Producto_30,Hogar,Argentina,2021,Apple
Producto_30,Hogar,Arrgentina,2022,Apple
Producto_30,Hogar,Argentina,2023,Sony
Producto_30,Hogar,wrgentina,2024,HP
Producto_30,Hogar,Brasil,2018,Sony
Producto_30,Hogar,Brasil,2019,Huawei
Producto_30,Hogar,Brasil,2020,Huawei
Producto_30,Hogar,Brasil,2021,Huawei
Producto_30,Hogar,Brasil,2022,Dell
Producto_30,Hogar,Brsail,2023,Sony
Producto_30,Hogar,Brasil,2024,Huaweei
Producto_31,Deporte,Chile,2018,L-G
Producto_31,Deporte,Chkle,2019,HP
Producto_31,Deporte,Chhile,2020,Apple
Producto_31,Deporte,Chile,2021,Samsunng
Producto_31,Deporte,hCile,2022,Xiaomi
Producto_31,Deporte,Chile,2023,HP
Producto_31,Deporte,Chile,2024,Dell
Producto_31,Deporte,Peruu,2018,Xiaomi
Producto_31,Deporte,Peru,2019,HP
Producto_31,Deporte,Peru,2020,Apple
Producto_31,Deporte,Peru,2021,Apple
Producto_31,Deporte,Peru,2022,Huawei
Producto_31,Deporte,Peru,2023,Huawei
Producto_31,Deporte,Peruu,2024,Apple
Producto_31,Deporte,Colombia,2018,LG
Producto_31,Deporte,Colomia,2019,Xiaomi
Producto_31,Deporte,Colombia,2020,Apple
Producto_31,Deporte,Colombia,2021,Xiaomi
Producto_31,Deporte,Colombia,2022,Apple
Producto_31,Deporte,Colombia,2023,LG
Producto_31,Deporte,Colombia,2024,Dell
Producto_31,Deporte,Mexico,2018,Huawei
Producto_31,Deporte,Mexico,2019,Apple
Producto_31,Deporte,Mexico,2020,Huawe
Producto_31,Deporte,Mexico,2021,LG
Producto_31,Deporte,Mexico,2022,Huawei
Producto_31,Deporte,Mexico,2023,Del
Producto_31,Deporte,Mexiico,2024,Samsung
Producto_31,Deporte,Argentina,2018,Sony
Producto_31,Deporte,Argntina,2019,LG
Producto_31,Deporte,Argentina,2020,LG
Producto_31,Deporte,Argentina,2021,Appel
Producto_31,Deporte,Argentina,2022,Samsung
Producto_31,Deporte,Argentina,2023,Huawei
Producto_31,Deporte,Argntina,2024,LLG
Producto_31,Deporte,Brasil,2018,Xiaomi
Producto_31,Deporte,Brasil,2019,Huawei
Producto_31,Deporte,rBasil,2020,Apple
Producto_31,Deporte,Brasil,2021,Samsung
Producto_31,Deporte,Brasil,2022,HPP
Producto_31,Deporte,Brasil,2023,Apple
Producto_31,Deporte,Brasil,2024,Sony
Producto_32,Computación,Chile,2018,xony
Producto_32,Computación,Chile,2019,Samsung
Producto_32,Computación,Chlie,2020,LG
Producto_32,Computación,Chile,2021,wpple
Producto_32,Computación,Chile,2022,HP
Producto_32,Computación,Chle,2023,Xaiomi
Producto_32,Computación,Chile,2024,LG
Producto_32,Computación,Peu,2018,Dell
Producto_32,Computación,Peru,2019,HP
Producto_32,Computación,Peru,2020,Dell
Producto_32,Computación,Per,2021,Xiaomi
Producto_32,Computación,Peru,2022,Apple
Producto_32,Computación,Peru,2023,GL
Producto_32,Computación,Peru,2024,Dell
Producto_32,Computación,Colombia,2018,Apple
Producto_32,Computación,Colobmia,2019,LG
Producto_32,Computación,Colombbia,2020,Del
Producto_32,Computación,Colombia,2021,LGG
Producto_32,Computación,Colombia,2022,Samsung
Producto_32,Computación,Colombia,2023,Sony
Producto_32,Computación,Colombia,2024,Dell
Producto_32,Computación,Mexico,2018,Del
Producto_32,Computación,Mexico,2019,Xiaomi
Producto_32,Computación,Mexico,2020,Apple
Producto_32,Computación,Mexico,2021,Sony
Producto_32,Computación,Mexico,2022,Dell
Producto_32,Computación,Mexio,2023,Samsung
Producto_32,Computación,Mexico,2024,Samsung
Producto_32,Computación,Argenntina,2018,Sony
Producto_32,Computación,Argenitna,2019,Aople
Producto_32,Computación,Argentina,2020,Xiaomi
Producto_32,Computación,Argentiina,2021,Apple
Producto_32,Computación,Argentin,2022,Samsung
Producto_32,Computación,Argentina,2023,HP
Producto_32,Computación,Argentina,2024,ell
Producto_32,Computación,Brasil,2018,Sony
Producto_32,Computación,Brrasil,2019,PH
Producto_32,Computación,Brasil,2020,Huawei
Producto_32,Computación,Brsil,2021,Sony
Producto_32,Computación,Brasil,2022,Sony
Producto_32,Computación,Brasil,2023,Xiaaomi
Producto_32,Computación,Brasil,2024,Sony
Producto_33,Automotriz,Chlie,2018,Apple
Producto_33,Automotriz,Chile,2019,Xiaomi
Producto_33,Automotriz,Chile,2020,ony
Producto_33,Automotriz,Chile,2021,Huawei
Producto_33,Automotriz,Chile,2022,Snoy
Producto_33,Automotriz,Chile,2023,Dell
Producto_33,Automotriz,Chile,2024,Xiaaomi
Producto_33,Automotriz,Pru,2018,Dell
Producto_33,Automotriz,Peru,2019,Xiaomi
Producto_33,Automotriz,Per,2020,LG
Producto_33,Automotriz,Peru,2021,HP
Producto_33,Automotriz,Peru,2022,Samsuung
Producto_33,Automotriz,Preu,2023,Samsung
Producto_33,Automotriz,Perj,2024,Applee
Producto_33,Automotriz,Colombia,2018,Sammsung
Producto_33,Automotriz,Colomia,2019,Samsung
Producto_33,Automotriz,Colombia,2020,Apple
Producto_33,Automotriz,Cplombia,2021,HP
Producto_33,Automotriz,Colombia,2022,Xiaomi
Producto_33,Automotriz,Colomia,2023,oG
Producto_33,Automotriz,Colomba,2024,Samsung
Producto_33,Automotriz,Mexico,2018,LG
Producto_33,Automotriz,Mexico,2019,Sony
Producto_33,Automotriz,Mexico,2020,LG
Producto_33,Automotriz,Mexico,2021,Huawei
Producto_33,Automotriz,Mexico,2022,LG
Producto_33,Automotriz,Mexioc,2023,Samusng
Producto_33,Automotriz,Mexcio,2024,Sony
Producto_33,Automotriz,Argentina,2018,HP
Producto_33,Automotriz,rAgentina,2019,Sony
Producto_33,Automotriz,rgentina,2020,Huawei
Producto_33,Automotriz,Argentina,2021,Sony
Producto_33,Automotriz,Argentina,2022,Samsuny
Producto_33,Automotriz,Argenina,2023,Samsung
Producto_33,Automotriz,Argentinz,2024,Apple
Producto_33,Automotriz,Brasil,2018,Apple
Producto_33,Automotriz,Braasil,2019,Hauwei
Producto_33,Automotriz,Brasil,2020,HP
Producto_33,Automotriz,Brasil,2021,Hjawei
Producto_33,Automotriz,Brasil,2022,Lt
Producto_33,Automotriz,Brsil,2023,Sony
Producto_33,Automotriz,Brqsil,2024,Dell
Producto_34,Computación,Chile,2018,HPP
Producto_34,Computación,Chipe,2019,LG
Producto_34,Computación,Chile,2020,Dell
Producto_34,Computación,Chile,2021,LG
Producto_34,Computación,Chile,2022,Samsung
Producto_34,Computación,Chilee,2023,Apple
Producto_34,Computación,Chile,2024,Huawei
Producto_34,Computación,Peru,2018,Samsung
Producto_34,Computación,Peru,2019,LG
Producto_34,Computación,Peru,2020,Apple
Producto_34,Computación,Pru,2021,Sony
Producto_34,Computación,Peru,2022,Apple
Producto_34,Computación,Peu,2023,Huawei
Producto_34,Computación,Peru,2024,LLG
Producto_34,Computación,Colimbia,2018,Xiaomi
Producto_34,Computación,Colombia,2019,Delll
Producto_34,Computación,Colombia,2020,HP
Producto_34,Computación,Colombia,2021,HP
Producto_34,Computación,Colombia,2022,HP
Producto_34,Computación,Colombia,2023,HP
Producto_34,Computación,Colombia,2024,Apple
Producto_34,Computación,Mexico,2018,Dell
Producto_34,Computación,Mexico,2019,P
Producto_34,Computación,eMxico,2020,Apple
Producto_34,Computación,Mexico,2021,Del
Producto_34,Computación,Mexico,2022,LG
Producto_34,Computación,Mexcio,2023,Apple
Producto_34,Computación,Mexico,2024,Huawei
Producto_34,Computación,Argentinaa,2018,XXiaomi
Producto_34,Computación,Argentina,2019,Dell
Producto_34,Computación,Argentina,2020,Sony
Producto_34,Computación,Argenitna,2021,Apple
Producto_34,Computación,Argentina,2022,Huawe
Producto_34,Computación,Argnetina,2023,HP
Producto_34,Computación,Argentinq,2024,G
Producto_34,Computación,Barsil,2018,H
Producto_34,Computación,Brasil,2019,P
Producto_34,Computación,rasil,2020,Xiaomi
Producto_34,Computación,Brasil,2021,Xiaomi
Producto_34,Computación,Brasil,2022,Appel
Producto_34,Computación,Brasil,2023,Dell
Producto_34,Computación,Brasli,2024,Apple
Producto_35,Electrónica,Chile,2018,Xiaommi
Producto_35,Electrónica,Chile,2019,Sony
Producto_35,Electrónica,Chile,2020,Apple
Producto_35,Electrónica,Chile,2021,xony
Producto_35,Electrónica,Chile,2022,HP
Producto_35,Electrónica,Chjle,2023,Huaawei
Producto_35,Electrónica,Chile,2024,Apple
Producto_35,Electrónica,Peru,2018,LG
Producto_35,Electrónica,Peru,2019,PH
Producto_35,Electrónica,Peru,2020,Apple
Producto_35,Electrónica,Peru,2021,Samsung
Producto_35,Electrónica,Peru,2022,Soni
Producto_35,Electrónica,Peru,2023,Dell
Producto_35,Electrónica,Peru,2024,Appel
Producto_35,Electrónica,Colombia,2018,Xiaomi
Producto_35,Electrónica,Colomia,2019,Xiaomi
Producto_35,Electrónica,Colombia,2020,Xiaomi
Producto_35,Electrónica,Cloombia,2021,Sony
Producto_35,Electrónica,Colombia,2022,Xiaomi
Producto_35,Electrónica,Colombia,2023,Apple
Producto_35,Electrónica,Colombia,2024,Huawei
Producto_35,Electrónica,Mexico,2018,Soony
Producto_35,Electrónica,Mexico,2019,HPP
Producto_35,Electrónica,Mexico,2020,Sony
Producto_35,Electrónica,Mexico,2021,HP
Producto_35,Electrónica,Mexico,2022,Samsung
Producto_35,Electrónica,Mexico,2023,Huawei
Producto_35,Electrónica,Mexico,2024,Hl
Producto_35,Electrónica,Argebtina,2018,Huawe
Producto_35,Electrónica,Argentina,2019,oSny
Producto_35,Electrónica,Argentina,2020,Dell
Producto_35,Electrónica,srgentina,2021,Soyn
Producto_35,Electrónica,Argentina,2022,Xiaomi
Producto_35,Electrónica,Argentina,2023,Appke
Producto_35,Electrónica,Argentina,2024,Huawei
Producto_35,Electrónica,Brasil,2018,G
Producto_35,Electrónica,Brasil,2019,HP
Producto_35,Electrónica,Brasil,2020,Huawei
Producto_35,Electrónica,Brail,2021,Sansung
Producto_35,Electrónica,Brasil,2022,Dell
Producto_35,Electrónica,Brasil,2023,Aple
Producto_35,Electrónica,Brasi,2024,Xiaomi
Producto_36,Computación,Chile,2018,HP
Producto_36,Computación,Chile,2019,Xiaomi
Producto_36,Computación,Chile,2020,Xiaomi
Producto_36,Computación,hile,2021,HPP
Producto_36,Computación,Chile,2022,HP
Producto_36,Computación,Chilee,2023,HP
Producto_36,Computación,Chile,2024,Xaomi
Producto_36,Computación,Peru,2018,Dfll
Producto_36,Computación,Preu,2019,Dell
Producto_36,Computación,ePru,2020,HP
Producto_36,Computación,Peru,2021,Dell
Producto_36,Computación,Peru,2022,Huawei
Producto_36,Computación,Peru,2023,Xiaomi
Producto_36,Computación,Peru,2024,Soy
Producto_36,Computación,Colombia,2018,Apple
Producto_36,Computación,Colombia,2019,Apple
Producto_36,Computación,Cklombia,2020,Huawie
Producto_36,Computación,Colombia,2021,Apple
Producto_36,Computación,Colombia,2022,Huawei
Producto_36,Computación,Colomia,2023,LLG
Producto_36,Computación,Colombia,2024,Sony
Producto_36,Computación,Mexico,2018,LG
Producto_36,Computación,Mexico,2019,Apple
Producto_36,Computación,Mexio,2020,Dekl
Producto_36,Computación,Mexico,2021,Sony
Producto_36,Computación,Mexico,2022,Sony
Producto_36,Computación,Mexjco,2023,HP
Producto_36,Computación,Mexici,2024,HP
Producto_36,Computación,Argetnina,2018,Alple
Producto_36,Computación,Argentina,2019,Huawei
Producto_36,Computación,Argentina,2020,Dell
Producto_36,Computación,Argentiha,2021,Xiapmi
Producto_36,Computación,rAgentina,2022,LG
Producto_36,Computación,Argetina,2023,Samsung
Producto_36,Computación,Argentina,2024,Samsung
Producto_36,Computación,Brail,2018,Sony
Producto_36,Computación,Brasul,2019,Apple
Producto_36,Computación,Barsil,2020,HP
Producto_36,Computación,Brasil,2021,G
Producto_36,Computación,Brasil,2022,Apple
Producto_36,Computación,Brasil,2023,uHawei
Producto_36,Computación,Brazil,2024,Sansung
Producto_37,Belleza,Chile,2018,LG
Producto_37,Belleza,Chille,2019,Huawei
Producto_37,Belleza,Chile,2020,HP
Producto_37,Belleza,Chile,2021,Huawe
Producto_37,Belleza,Chile,2022,pAple
Producto_37,Belleza,Chile,2023,HP
Producto_37,Belleza,Chile,2024,Xiaomi
Producto_37,Belleza,PPeru,2018,Dell
Producto_37,Belleza,Peru,2019,Samsung
Producto_37,Belleza,Peru,2020,Samsung
Producto_37,Belleza,Peru,2021,Xiaomi
Producto_37,Belleza,Peru,2022,Sony
Producto_37,Belleza,Peru,2023,LG
Producto_37,Belleza,Peri,2024,Apple
Producto_37,Belleza,Colombia,2018,Huawei
Producto_37,Belleza,Colombia,2019,Ho
Producto_37,Belleza,Colombbia,2020,Xiaoim
Producto_37,Belleza,Colombia,2021,HP
Producto_37,Belleza,Colombia,2022,Xiaomi
Producto_37,Belleza,Colombia,2023,Apple
Producto_37,Belleza,Colombia,2024,eDll
Producto_37,Belleza,Mexico,2018,HP
Producto_37,Belleza,Mexico,2019,Dell
Producto_37,Belleza,Mexico,2020,Xaiomi
Producto_37,Belleza,Mexico,2021,Sony
Producto_37,Belleza,Mexico,2022,LG
Producto_37,Belleza,Mexico,2023,Samsung
Producto_37,Belleza,Mexico,2024,LG
Producto_37,Belleza,Argentina,2018,Xiaomi
Producto_37,Belleza,Argentina,2019,Apple
Producto_37,Belleza,Argentina,2020,Apple
Producto_37,Belleza,Argentina,2021,Dell
Producto_37,Belleza,Argentin,2022,zony
Producto_37,Belleza,Argntina,2023,Xiaomi
Producto_37,Belleza,Argentina,2024,Samsung
Producto_37,Belleza,Brasil,2018,Del
Producto_37,Belleza,Brsail,2019,Sny
Producto_37,Belleza,Brasil,2020,Sony
Producto_37,Belleza,Brasil,2021,Dll
Producto_37,Belleza,Brasil,2022,HP
Producto_37,Belleza,Brasil,2023,LG
Producto_37,Belleza,Brasil,2024,Lh
Producto_38,Belleza,Cile,2018,Huawei
Producto_38,Belleza,Chile,2019,LG
Producto_38,Belleza,Chilr,2020,Sony
Producto_38,Belleza,Chile,2021,Apple
Producto_38,Belleza,Chile,2022,Sony
Producto_38,Belleza,Chipe,2023,Dell
Producto_38,Belleza,Chile,2024,Huawei
Producto_38,Belleza,Peru,2018,Sansung
Producto_38,Belleza,Peru,2019,Xiaomi
Producto_38,Belleza,Peru,2020,Huawei
Producto_38,Belleza,Peru,2021,ell
Producto_38,Belleza,Peru,2022,Xiaomi
Producto_38,Belleza,Perru,2023,eell
Producto_38,Belleza,Peru,2024,Huawei
Producto_38,Belleza,Colombia,2018,Huawei
Producto_38,Belleza,Colombia,2019,PH
Producto_38,Belleza,Colombiia,2020,Sony
Producto_38,Belleza,Colombia,2021,HHuawei
Producto_38,Belleza,Colombia,2022,Apple
Producto_38,Belleza,Colombia,2023,Sony
Producto_38,Belleza,Colommbia,2024,Huawei
Producto_38,Belleza,Mexico,2018,Apple
Producto_38,Belleza,Mexico,2019,Xiaomi
Producto_38,Belleza,Mexico,2020,Ho
Producto_38,Belleza,Msxico,2021,HP
Producto_38,Belleza,Mexico,2022,HP
Producto_38,Belleza,Mexico,2023,GL
Producto_38,Belleza,Mexico,2024,Samsung
Producto_38,Belleza,Argentina,2018,Sony
Producto_38,Belleza,Argentinaa,2019,Apple
Producto_38,Belleza,Aregntina,2020,Apple
Producto_38,Belleza,Argentina,2021,Huawei
Producto_38,Belleza,Argentina,2022,Huawei
Producto_38,Belleza,Argentina,2023,HP
Producto_38,Belleza,Argentia,2024,HP
Producto_38,Belleza,Brasiil,2018,Sony
Producto_38,Belleza,Brasil,2019,HP
Producto_38,Belleza,Brasil,2020,Xiaomi
Producto_38,Belleza,Brsil,2021,Sammsung
Producto_38,Belleza,Brasil,2022,Samsung
Producto_38,Belleza,Brasil,2023,Huawei
Producto_38,Belleza,Brasil,2024,Apple
Producto_39,Hogar,Chile,2018,Dell
Producto_39,Hogar,Chile,2019,LG
Producto_39,Hogar,Chile,2020,pple
Producto_39,Hogar,Chile,2021,LG
Producto_39,Hogar,Chile,2022,Xiaomi
Producto_39,Hogar,Chile,2023,HP
Producto_39,Hogar,Chle,2024,Xiaomi
Producto_39,Hogar,Peru,2018,Deell
Producto_39,Hogar,Peru,2019,Dell
Producto_39,Hogar,Peru,2020,Huawei
Producto_39,Hogar,Peru,2021,Dell
Producto_39,Hogar,Peru,2022,HP
Producto_39,Hogar,Peru,2023,HP
Producto_39,Hogar,Pru,2024,Apple
Producto_39,Hogar,Colombia,2018,Sony
Producto_39,Hogar,Colombia,2019,Apple
Producto_39,Hogar,Coloombia,2020,Sony
Producto_39,Hogar,Colombia,2021,Samsung
Producto_39,Hogar,Colombia,2022,Sony
Producto_39,Hogar,Colombia,2023,Apple
Producto_39,Hogar,Coombia,2024,Samsung
Producto_39,Hogar,Meico,2018,Apple
Producto_39,Hogar,Mexio,2019,L
Producto_39,Hogar,Mexico,2020,Samsung
Producto_39,Hogar,Mexico,2021,Dell
Producto_39,Hogar,Mexico,2022,Samsung
Producto_39,Hogar,Mexio,2023,Sny
Producto_39,Hogar,Mexico,2024,Xiaomi
Producto_39,Hogar,Argentiha,2018,Samsung
Producto_39,Hogar,Argentina,2019,Apple
Producto_39,Hogar,Argentina,2020,Huaweei
Producto_39,Hogar,Argentina,2021,LG
Producto_39,Hogar,Argeentina,2022,LG
Producto_39,Hogar,Argentina,2023,Huawei
Producto_39,Hogar,Argentina,2024,Huawei
Producto_39,Hogar,Brasil,2018,PH
Producto_39,Hogar,BBrasil,2019,Sony
Producto_39,Hogar,Brasil,2020,Hhawei
Producto_39,Hogar,Brrasil,2021,Sony
Producto_39,Hogar,Brasil,2022,Apple
Producto_39,Hogar,Brasil,2023,GL
Producto_39,Hogar,Brasil,2024,Dell
Producto_40,Deporte,Chile,2018,Dell
Producto_40,Deporte,Chile,2019,LG
Producto_40,Deporte,Chile,2020,Xiaomi
Producto_40,Deporte,Chile,2021,Huawei
Producto_40,Deporte,CChile,2022,Xiaom
Producto_40,Deporte,Chile,2023,Huawe
Producto_40,Deporte,Chile,2024,Huawei
Producto_40,Deporte,Peru,2018,HP
Producto_40,Deporte,Preu,2019,Apple
Producto_40,Deporte,Peru,2020,Apple
Producto_40,Deporte,Peru,2021,Huawei
Producto_40,Deporte,Peru,2022,HP
Producto_40,Deporte,oeru,2023,Dell
Producto_40,Deporte,ePru,2024,Sony
Producto_40,Deporte,Coolmbia,2018,Dell
Producto_40,Deporte,Colombia,2019,LG
Producto_40,Deporte,Colombia,2020,Huawei
Producto_40,Deporte,Colombia,2021,Sony
Producto_40,Deporte,oClombia,2022,Dell
Producto_40,Deporte,Colombiia,2023,Huawwei
Producto_40,Deporte,Colombua,2024,Huawei
Producto_40,Deporte,Mexico,2018,LLG
Producto_40,Deporte,Mexico,2019,HP
Producto_40,Deporte,Mexico,2020,Xiaomi
Producto_40,Deporte,Mexico,2021,Apple
Producto_40,Deporte,Meico,2022,Xiaoi
Producto_40,Deporte,Mexico,2023,Apple
Producto_40,Deporte,Mexico,2024,Sony
Producto_40,Deporte,zrgentina,2018,Sony
Producto_40,Deporte,Argentina,2019,Samsung
Producto_40,Deporte,Argentina,2020,LG
Producto_40,Deporte,Argentina,2021,HHP
Producto_40,Deporte,Argentina,2022,Samsung
Producto_40,Deporte,Argentina,2023,Apple
Producto_40,Deporte,Argntina,2024,Del
Producto_40,Deporte,Brasil,2018,Appel
Producto_40,Deporte,Brasil,2019,HP
Producto_40,Deporte,Brasil,2020,Appel
Producto_40,Deporte,Brasil,2021,LG
Producto_40,Deporte,Brsail,2022,HP
Producto_40,Deporte,Brasil,2023,Apple
Producto_40,Deporte,Brasil,2024,Dell
Producto_41,Juguetería,Chile,2018,Sansung
Producto_41,Juguetería,Chile,2019,HP
Producto_41,Juguetería,Chile,2020,Dell
Producto_41,Juguetería,Chle,2021,sell
Producto_41,Juguetería,Chile,2022,Samsung
Producto_41,Juguetería,hCile,2023,Apple
Producto_41,Juguetería,Chile,2024,Sony
Producto_41,Juguetería,Peu,2018,Samsung
Producto_41,Juguetería,Peru,2019,Sony
Producto_41,Juguetería,Peru,2020,pG
Producto_41,Juguetería,Peru,2021,Xiaomi
Producto_41,Juguetería,Peru,2022,Huawei
Producto_41,Juguetería,Pru,2023,Apple
Producto_41,Juguetería,Peru,2024,PH
Producto_41,Juguetería,Colombia,2018,Apple
Producto_41,Juguetería,Colombia,2019,Spny
Producto_41,Juguetería,Collombia,2020,Xiaomi
Producto_41,Juguetería,Cilombia,2021,Huawei
Producto_41,Juguetería,Colombia,2022,Xiiaomi
Producto_41,Juguetería,Colombia,2023,Xiaomi
Producto_41,Juguetería,Colombia,2024,Apple
Producto_41,Juguetería,Mexico,2018,HP
Producto_41,Juguetería,Mexio,2019,Apple
Producto_41,Juguetería,Mexio,2020,HP
Producto_41,Juguetería,Mexico,2021,Huawej
Producto_41,Juguetería,Mexio,2022,Xaiomi
Producto_41,Juguetería,Mexico,2023,Apple
Producto_41,Juguetería,Mexico,2024,Sansung
Producto_41,Juguetería,Argentina,2018,HP
Producto_41,Juguetería,Argentina,2019,Xiaomi
Producto_41,Juguetería,zrgentina,2020,Sony
Producto_41,Juguetería,Argentinna,2021,Dell
Producto_41,Juguetería,Aregntina,2022,Samsung
Producto_41,Juguetería,Argentina,2023,Huawei
Producto_41,Juguetería,Argentina,2024,Apple
Producto_41,Juguetería,Brasil,2018,Samsung
Producto_41,Juguetería,Brasil,2019,Sony
Producto_41,Juguetería,Brasil,2020,Xiaomi
Producto_41,Juguetería,Brasil,2021,Dell
Producto_41,Juguetería,Brasil,2022,HP
Producto_41,Juguetería,Brasil,2023,Samsung
Producto_41,Juguetería,Brasil,2024,Sonyy
Producto_42,Automotriz,Chile,2018,Sony
Producto_42,Automotriz,Chike,2019,Dell
Producto_42,Automotriz,Chle,2020,Xaiomi
Producto_42,Automotriz,Chile,2021,AApple
Producto_42,Automotriz,Chile,2022,Appl
Producto_42,Automotriz,Chile,2023,Sony
Producto_42,Automotriz,Chile,2024,Samsung
Producto_42,Automotriz,PPeru,2018,Apple
Producto_42,Automotriz,Peru,2019,kG
Producto_42,Automotriz,Pru,2020,LG
Producto_42,Automotriz,Peru,2021,Dell
Producto_42,Automotriz,Preu,2022,LG
Producto_42,Automotriz,Pru,2023,Samsung
Producto_42,Automotriz,Peeru,2024,Appld
Producto_42,Automotriz,Cokombia,2018,Samsunng
Producto_42,Automotriz,Colombia,2019,Sasmung
Producto_42,Automotriz,Colombia,2020,Huawei
Producto_42,Automotriz,Colombia,2021,GL
Producto_42,Automotriz,Colombia,2022,Samssung
Producto_42,Automotriz,Colombia,2023,Sony
Producto_42,Automotriz,Colombia,2024,Huawei
Producto_42,Automotriz,Mexico,2018,Sony
Producto_42,Automotriz,Mexico,2019,Xiaomi
Producto_42,Automotriz,Mexico,2020,Huawei
Producto_42,Automotriz,Mexic,2021,Xiaomi
Producto_42,Automotriz,Mexco,2022,Xiaomi
Producto_42,Automotriz,Mexico,2023,Xaomi
Producto_42,Automotriz,Mexico,2024,LG
Producto_42,Automotriz,Arggentina,2018,LG
Producto_42,Automotriz,Argentina,2019,Appple
Producto_42,Automotriz,Argentina,2020,HP
Producto_42,Automotriz,Argentina,2021,Dell
Producto_42,Automotriz,Argentina,2022,Apple
Producto_42,Automotriz,Argentina,2023,HP
Producto_42,Automotriz,Agrentina,2024,Huawei
Producto_42,Automotriz,Braeil,2018,Aplpe
Producto_42,Automotriz,Brasil,2019,LG
Producto_42,Automotriz,Brasil,2020,Huswei
Producto_42,Automotriz,Brsil,2021,Apple
Producto_42,Automotriz,Brasil,2022,Sony
Producto_42,Automotriz,Brsail,2023,Dell
Producto_42,Automotriz,Brasil,2024,SSony
Producto_43,Juguetería,Chile,2018,Xiaomi
Producto_43,Juguetería,Chile,2019,Huawei
Producto_43,Juguetería,Chile,2020,Apple
Producto_43,Juguetería,Chile,2021,HP
Producto_43,Juguetería,Chile,2022,Huawei
Producto_43,Juguetería,Chile,2023,Dell
Producto_43,Juguetería,Chile,2024,Huawei
Producto_43,Juguetería,Peru,2018,HP
Producto_43,Juguetería,ePru,2019,Samsung
Producto_43,Juguetería,Peru,2020,HP
Producto_43,Juguetería,Peru,2021,Apple
Producto_43,Juguetería,Peru,2022,Apple
Producto_43,Juguetería,Peru,2023,Sony
Producto_43,Juguetería,Peru,2024,Xiaomi
Producto_43,Juguetería,Collombia,2018,HP
Producto_43,Juguetería,Colombia,2019,Samsung
Producto_43,Juguetería,Colombia,2020,Apple
Producto_43,Juguetería,Colombia,2021,Aople
Producto_43,Juguetería,Colomia,2022,Sony
Producto_43,Juguetería,Colombia,2023,Dell
Producto_43,Juguetería,Colombia,2024,Huawei
Producto_43,Juguetería,Mexico,2018,Samsung
Producto_43,Juguetería,Meico,2019,Sony
Producto_43,Juguetería,Mexico,2020,LG
Producto_43,Juguetería,Mexico,2021,Xiaom
Producto_43,Juguetería,Mexico,2022,HPP
Producto_43,Juguetería,Mexico,2023,Xiaoomi
Producto_43,Juguetería,Mexico,2024,Huawie
Producto_43,Juguetería,Argentina,2018,Sony
Producto_43,Juguetería,Argentina,2019,Sony
Producto_43,Juguetería,Argentina,2020,Sony
Producto_43,Juguetería,Argentona,2021,PH
Producto_43,Juguetería,Argsntina,2022,Dell
Producto_43,Juguetería,Argntina,2023,Samsun
Producto_43,Juguetería,Argentina,2024,Dell
Producto_43,Juguetería,Brasil,2018,ony
Producto_43,Juguetería,Brasil,2019,Dell
Producto_43,Juguetería,Brasil,2020,Dell
Producto_43,Juguetería,Brasil,2021,Huawei
Producto_43,Juguetería,Brasil,2022,iaomi
Producto_43,Juguetería,Brasil,2023,Appel
Producto_43,Juguetería,Brsil,2024,HP
Producto_44,Electrónica,Chile,2018,SSony
Producto_44,Electrónica,Chile,2019,HP
Producto_44,Electrónica,Chile,2020,Sony
Producto_44,Electrónica,Chile,2021,Huawei
Producto_44,Electrónica,Chile,2022,Xiomi
Producto_44,Electrónica,Chile,2023,Appple
Producto_44,Electrónica,Chile,2024,Deell
Producto_44,Electrónica,Peru,2018,Sony
Producto_44,Electrónica,Pru,2019,Dell
Producto_44,Electrónica,Peru,2020,Huawei
Producto_44,Electrónica,Peru,2021,Apple
Producto_44,Electrónica,Peru,2022,HP
Producto_44,Electrónica,Peru,2023,Huawei
Producto_44,Electrónica,Peru,2024,Sony
Producto_44,Electrónica,Colombia,2018,Sony
Producto_44,Electrónica,Colombia,2019,HPP
Producto_44,Electrónica,Colombia,2020,LG
Producto_44,Electrónica,Colmobia,2021,HHuawei
Producto_44,Electrónica,Colombia,2022,Aple
Producto_44,Electrónica,Colombia,2023,PH
Producto_44,Electrónica,Colombia,2024,HP
Producto_44,Electrónica,Mexico,2018,Dell
Producto_44,Electrónica,Mexico,2019,LG
Producto_44,Electrónica,Mexico,2020,HHP
Producto_44,Electrónica,Mxeico,2021,Apple
Producto_44,Electrónica,Mexico,2022,Sonyy
Producto_44,Electrónica,Mexico,2023,Dell
Producto_44,Electrónica,Mexico,2024,Huawei
Producto_44,Electrónica,Argentina,2018,Dell
Producto_44,Electrónica,Argentina,2019,LG
Producto_44,Electrónica,Argentina,2020,HP
Producto_44,Electrónica,Argenttina,2021,Dell
Producto_44,Electrónica,Argentina,2022,Snoy
Producto_44,Electrónica,Argentina,2023,Samsung
Producto_44,Electrónica,Argentina,2024,Dell
Producto_44,Electrónica,Brsil,2018,Del
Producto_44,Electrónica,Brsail,2019,Dell
Producto_44,Electrónica,Brasil,2020,iXaomi
Producto_44,Electrónica,Brsil,2021,Sansung
Producto_44,Electrónica,Brasil,2022,Aplle
Producto_44,Electrónica,Brasil,2023,Sansung
Producto_44,Electrónica,Brasil,2024,Huawwei
Producto_45,Computación,Cihle,2018,Xiaomi
Producto_45,Computación,Chile,2019,LG
Producto_45,Computación,Chile,2020,Lt
Producto_45,Computación,Chile,2021,Xiaomi
Producto_45,Computación,Chile,2022,Huawei
Producto_45,Computación,Chile,2023,HPP
Producto_45,Computación,Chile,2024,Huawei
Producto_45,Computación,Peru,2018,HP
Producto_45,Computación,oeru,2019,Xiaomi
Producto_45,Computación,Peru,2020,HP
Producto_45,Computación,Peru,2021,HP
Producto_45,Computación,Peru,2022,HP
Producto_45,Computación,Peru,2023,HP
Producto_45,Computación,Peeru,2024,Apple
Producto_45,Computación,Colombia,2018,HPP
Producto_45,Computación,Colombia,2019,LG
Producto_45,Computación,Colojbia,2020,Samsung
Producto_45,Computación,Colombia,2021,Huuawei
Producto_45,Computación,Colombia,2022,Dell
Producto_45,Computación,Colomia,2023,G
Producto_45,Computación,Colombia,2024,Apple
Producto_45,Computación,Mexico,2018,oSny
Producto_45,Computación,Mexico,2019,Lh
Producto_45,Computación,Mexico,2020,Sony
Producto_45,Computación,Mexico,2021,Ho
Producto_45,Computación,Mexico,2022,Dell
Producto_45,Computación,Mexico,2023,HP
Producto_45,Computación,MMexico,2024,Dell
Producto_45,Computación,Argentina,2018,Samsung
Producto_45,Computación,Argentina,2019,Dell
Producto_45,Computación,Argentian,2020,Sony
Producto_45,Computación,Argentina,2021,Samsung
Producto_45,Computación,Argentina,2022,Samsung
Producto_45,Computación,Argentina,2023,Sansung
Producto_45,Computación,Argntina,2024,Xiaomi
Producto_45,Computación,Brasil,2018,Son
Producto_45,Computación,Brasill,2019,Apple
Producto_45,Computación,Brasil,2020,Apple
Producto_45,Computación,Brasil,2021,LG
Producto_45,Computación,Brsil,2022,eamsung
Producto_45,Computación,Brasil,2023,Samsung
Producto_45,Computación,rasil,2024,HP
Producto_46,Belleza,Chlie,2018,Sony
Producto_46,Belleza,Chle,2019,LG
Producto_46,Belleza,Chile,2020,Apple
Producto_46,Belleza,Chile,2021,Xiaomi
Producto_46,Belleza,Chile,2022,Applf
Producto_46,Belleza,Chle,2023,Xiaomi
Producto_46,Belleza,Chhile,2024,Samsung
Producto_46,Belleza,Peru,2018,Xuaomi
Producto_46,Belleza,Peru,2019,Xiaomi
Producto_46,Belleza,Pru,2020,Ho
Producto_46,Belleza,Pru,2021,HPP
Producto_46,Belleza,Pru,2022,Samsung
Producto_46,Belleza,Peru,2023,HP
Producto_46,Belleza,Peeru,2024,Del
Producto_46,Belleza,Colombia,2018,Apple
Producto_46,Belleza,Colombia,2019,HPP
Producto_46,Belleza,Colombia,2020,HP
Producto_46,Belleza,Colombia,2021,Huawei
Producto_46,Belleza,Colombia,2022,ell
Producto_46,Belleza,Cloombia,2023,HP
Producto_46,Belleza,Colombia,2024,Dell
Producto_46,Belleza,Mexico,2018,Samsung
Producto_46,Belleza,Mexico,2019,LG
Producto_46,Belleza,Mexio,2020,Dell
Producto_46,Belleza,Mexico,2021,HP
Producto_46,Belleza,Mexico,2022,HP
Producto_46,Belleza,Mexicco,2023,Dell
Producto_46,Belleza,Mexico,2024,Huawei
Producto_46,Belleza,Argentina,2018,Samsung
Producto_46,Belleza,Argntina,2019,Huawei
Producto_46,Belleza,Argentina,2020,Xiaomi
Producto_46,Belleza,Argentina,2021,XXiaomi
Producto_46,Belleza,Argentina,2022,H
Producto_46,Belleza,Argentina,2023,Huswei
Producto_46,Belleza,Argentina,2024,Apple
Producto_46,Belleza,Brasil,2018,LG
Producto_46,Belleza,Brasil,2019,Xiaomi
Producto_46,Belleza,rBasil,2020,HP
Producto_46,Belleza,Brasil,2021,HP
Producto_46,Belleza,Brasil,2022,Xiaomi
Producto_46,Belleza,Brasil,2023,Huawe
Producto_46,Belleza,Brasil,2024,Xiaomi
Producto_47,Computación,Chhile,2018,Sony
Producto_47,Computación,Chile,2019,Del
Producto_47,Computación,Chille,2020,Sony
Producto_47,Computación,Chiel,2021,Huawei
Producto_47,Computación,Chilee,2022,GL
Producto_47,Computación,Chile,2023,Dell
Producto_47,Computación,Chile,2024,LG
Producto_47,Computación,Peru,2018,Huawei
Producto_47,Computación,Peru,2019,Samsung
Producto_47,Computación,Peru,2020,Huawei
Producto_47,Computación,Peru,2021,LG
Producto_47,Computación,Peru,2022,Samsung
Producto_47,Computación,Peru,2023,Sansung
Producto_47,Computación,PPeru,2024,Del
Producto_47,Computación,Colombia,2018,HP
Producto_47,Computación,Colombia,2019,Apple
Producto_47,Computación,Colombia,2020,LG
Producto_47,Computación,Colombiaa,2021,Samsung
Producto_47,Computación,Colombia,2022,Sony
Producto_47,Computación,Colombia,2023,HPP
Producto_47,Computación,Colombia,2024,HP
Producto_47,Computación,Mexico,2018,LG
Producto_47,Computación,Mexcio,2019,LG
Producto_47,Computación,Mexio,2020,Dell
Producto_47,Computación,Mexico,2021,Huawei
Producto_47,Computación,Mexico,2022,Son
Producto_47,Computación,exico,2023,Samsung
Producto_47,Computación,Mexio,2024,LG
Producto_47,Computación,Argntina,2018,LG
Producto_47,Computación,Argntina,2019,Apple
Producto_47,Computación,Argentina,2020,LG
Producto_47,Computación,Argentina,2021,Huaweii
Producto_47,Computación,Argentina,2022,HPP
Producto_47,Computación,Argentina,2023,Samsung
Producto_47,Computación,Argentina,2024,Applf
Producto_47,Computación,Brasil,2018,Xiaomi
Producto_47,Computación,Brasil,2019,Appl
Producto_47,Computación,Brasil,2020,Xiaomi
Producto_47,Computación,Brasil,2021,Sony
Producto_47,Computación,Brasil,2022,Xiaomii
Producto_47,Computación,Brasil,2023,Apple
Producto_47,Computación,Brasil,2024,Apple
Producto_48,Automotriz,Chile,2018,Samsung
Producto_48,Automotriz,Chile,2019,Swmsung
Producto_48,Automotriz,Chile,2020,Sony
Producto_48,Automotriz,Chile,2021,Xkaomi
Producto_48,Automotriz,Chile,2022,Son
Producto_48,Automotriz,Chile,2023,Sony
Producto_48,Automotriz,Chile,2024,HP
Producto_48,Automotriz,Pru,2018,HP
Producto_48,Automotriz,Peru,2019,Aple
Producto_48,Automotriz,Peru,2020,wamsung
Producto_48,Automotriz,Peu,2021,Xiapmi
Producto_48,Automotriz,Peru,2022,pAple
Producto_48,Automotriz,Peru,2023,Xiaomi
Producto_48,Automotriz,Peru,2024,HP
Producto_48,Automotriz,Colombia,2018,Xiomi
Producto_48,Automotriz,Colombia,2019,LG
Producto_48,Automotriz,Colokbia,2020,Huawei
Producto_48,Automotriz,Colombia,2021,Xiomi
Producto_48,Automotriz,Colombia,2022,Xiaomi
Producto_48,Automotriz,Colombia,2023,Apple
Producto_48,Automotriz,Colombia,2024,Apple
Producto_48,Automotriz,Mexico,2018,Xiaomi
Producto_48,Automotriz,Mexicoo,2019,LG
Producto_48,Automotriz,eMxico,2020,Xiaomi
Producto_48,Automotriz,Mexico,2021,Snoy
Producto_48,Automotriz,Mexico,2022,Apple
Producto_48,Automotriz,Mexico,2023,Huawei
Producto_48,Automotriz,Mexico,2024,Samsung
Producto_48,Automotriz,Argentina,2018,Huawei
Producto_48,Automotriz,Argentina,2019,Huawe
Producto_48,Automotriz,Argentia,2020,Xiaomi
Producto_48,Automotriz,Argentina,2021,Applle
Producto_48,Automotriz,Argentina,2022,Apple
Producto_48,Automotriz,Argentina,2023,Dell
Producto_48,Automotriz,Argentina,2024,HHP
Producto_48,Automotriz,Brassil,2018,Huawei
Producto_48,Automotriz,Brasil,2019,L
Producto_48,Automotriz,Brsil,2020,HP
Producto_48,Automotriz,Brasil,2021,PH
Producto_48,Automotriz,Brasil,2022,oSny
Producto_48,Automotriz,rBasil,2023,Apple
Producto_48,Automotriz,Braail,2024,eDll
Producto_49,Hogar,Chile,2018,Dell
Producto_49,Hogar,Chile,2019,Huawei
Producto_49,Hogar,Chile,2020,Huawei
Producto_49,Hogar,Chile,2021,Huawei
Producto_49,Hogar,Chile,2022,Sony
Producto_49,Hogar,Chile,2023,L
Producto_49,Hogar,Chile,2024,Samsung
Producto_49,Hogar,Peru,2018,Apple
Producto_49,Hogar,Peru,2019,Dell
Producto_49,Hogar,Peru,2020,Huawei
Producto_49,Hogar,Peru,2021,qpple
Producto_49,Hogar,Peru,2022,Sony
Producto_49,Hogar,Peru,2023,Xiaomi
Producto_49,Hogar,Peru,2024,HP
Producto_49,Hogar,Colombia,2018,pG
Producto_49,Hogar,Colmbia,2019,aSmsung
Producto_49,Hogar,Colombia,2020,Huawei
Producto_49,Hogar,Colombia,2021,Xaiomi
Producto_49,Hogar,Colombia,2022,Xiaomi
Producto_49,Hogar,Cooombia,2023,Huawek
Producto_49,Hogar,Colomia,2024,Huawie
Producto_49,Hogar,Mexico,2018,Samsung
Producto_49,Hogar,Mexico,2019,Samsung
Producto_49,Hogar,Mexico,2020,Xiaomi
Producto_49,Hogar,Mexico,2021,LG
Producto_49,Hogar,Mexico,2022,Huawei
Producto_49,Hogar,Mexio,2023,Huawei
Producto_49,Hogar,Mexico,2024,Soni
Producto_49,Hogar,Argentina,2018,Xiaimi
Producto_49,Hogar,Argentina,2019,Huawei
Producto_49,Hogar,Argentina,2020,Sony
Producto_49,Hogar,Argentina,2021,Samsung
Producto_49,Hogar,Argntina,2022,Apple
Producto_49,Hogar,Arentina,2023,Sony
Producto_49,Hogar,Argentina,2024,Appel
Producto_49,Hogar,Brasil,2018,Apple
Producto_49,Hogar,Brasil,2019,Dell
Producto_49,Hogar,Basil,2020,L-G
Producto_49,Hogar,Brasil,2021,DDell
Producto_49,Hogar,Braasil,2022,Apple
Producto_49,Hogar,Brasil,2023,HP
Producto_49,Hogar,Brail,2024,Sny
Producto_50,Juguetería,Chile,2018,LG
Producto_50,Juguetería,Chile,2019,fell
Producto_50,Juguetería,Chle,2020,Huawei
Producto_50,Juguetería,Chile,2021,Huawei
Producto_50,Juguetería,Chle,2022,Samsung
Producto_50,Juguetería,Chile,2023,HP
Producto_50,Juguetería,Chile,2024,Huawei
Producto_50,Juguetería,Peru,2018,Appel
Producto_50,Juguetería,eru,2019,HP
Producto_50,Juguetería,Peru,2020,Dell
Producto_50,Juguetería,Peru,2021,Dell
Producto_50,Juguetería,Peru,2022,Xiaomi
Producto_50,Juguetería,Pru,2023,Samsung
Producto_50,Juguetería,Peru,2024,Xiomi
Producto_50,Juguetería,Colombia,2018,Xiaomii
Producto_50,Juguetería,Colombai,2019,HP
Producto_50,Juguetería,Colomiba,2020,HPP
Producto_50,Juguetería,Colombia,2021,Huawei
Producto_50,Juguetería,Colombia,2022,Dell
Producto_50,Juguetería,Colombia,2023,LG
Producto_50,Juguetería,Colombia,2024,Delll
Producto_50,Juguetería,Mexico,2018,Xiaomi
Producto_50,Juguetería,Mexico,2019,LG
Producto_50,Juguetería,Mexico,2020,Xiaomi
Producto_50,Juguetería,Mexico,2021,Sony
Producto_50,Juguetería,Mexiico,2022,Hawei
Producto_50,Juguetería,Mexico,2023,Soni
Producto_50,Juguetería,Mexico,2024,Apple
Producto_50,Juguetería,Argentina,2018,Dell
Producto_50,Juguetería,Argntina,2019,HP
Producto_50,Juguetería,Argentina,2020,Samsung
Producto_50,Juguetería,Argentina,2021,LGG
Producto_50,Juguetería,Argentina,2022,Apple
Producto_50,Juguetería,Argentina,2023,Dell
Producto_50,Juguetería,Argentkna,2024,Sony
Producto_50,Juguetería,Brasil,2018,Samsung
Producto_50,Juguetería,Basil,2019,Dlel
Producto_50,Juguetería,Brasil,2020,LLG
Producto_50,Juguetería,Brsil,2021,Xiaomi
Producto_50,Juguetería,Brasil,2022,Samsung
Producto_50,Juguetería,Brsil,2023,Xiaoim
Producto_50,Juguetería,Brasio,2024,aamsung
