producto,categoria,pais,marca,anio
PRODUCTO_1,BELLEZA,CHILE,SONI,2018
PRODUCTO_1,BELLEZA,CHILEE,XIAONI,2019
PRODUCTO_1,BELLEZA,CHILE,GL,2020
PRODUCTO_1,BELLEZA,CHILE,APOLE,2021
PRODUCTO_1,BELLEZA,CHILE,SAMSUNG,2022
PRODUCTO_1,BELLEZA,CHLIE,SONY,2023
PRODUCTO_1,BELLEZA,CHILE,EDLL,2024
PRODUCTO_1,BELLEZA,PEU,SAMSUNG,2018
PRODUCTO_1,BELLEZA,PERU,DELL,2019
PRODUCTO_1,BELLEZA,PERU,APPLE,2020
PRODUCTO_1,BELLEZA,PRU,HP,2021
PRODUCTO_1,BELLEZA,PERU,XIAMOI,2022
PRODUCTO_1,BELLEZA,PEUR,XAIOMI,2023
PRODUCTO_1,BELLEZA,PERU,APPLE,2024
PRODUCTO_1,BELLEZA,COLOMBIA,SASUNG,2018
PRODUCTO_1,BELLEZA,COLOBMIA,DLEL,2019
PRODUCTO_1,BELLEZA,COLIMBIA,SONY,2020
PRODUCTO_1,BELLEZA,COLOMBIA,HPP,2021
PRODUCTO_1,BELLEZA,COLOMBIA,HUAWEI,2022
PRODUCTO_1,BELLEZA,COLOMBBIA,XIAOMI,2023
PRODUCTO_1,BELLEZA,COLOMBIA,HUAWEI,2024
PRODUCTO_1,BELLEZA,MEXICO,LG,2018
PRODUCTO_1,BELLEZA,MEXICO,APPEL,2019
PRODUCTO_1,BELLEZA,MEXICO,APPLE,2020
PRODUCTO_1,BELLEZA,MEXIO,APPLE,2021
PRODUCTO_1,BELLEZA,MEXICO,SAMSUNG,2022
PRODUCTO_1,BELLEZA,MEXICO,SONY,2023
PRODUCTO_1,BELLEZA,MEXICO,DELL,2024
PRODUCTO_1,BELLEZA,ARGENTINA,SONY,2018
PRODUCTO_1,BELLEZA,ARGENINA,XAIOMI,2019
PRODUCTO_1,BELLEZA,ARGENITNA,SONY,2020
PRODUCTO_1,BELLEZA,ARGENTINA,XIAOMI,2021
PRODUCTO_1,BELLEZA,ARGENTINA,SAMSUNG,2022
PRODUCTO_1,BELLEZA,ARGENTINA,SAMSUNG,2023
PRODUCTO_1,BELLEZA,ARGENTIAN,HUAWEI,2024
PRODUCTO_1,BELLEZA,RBASIL,APPLE,2018
PRODUCTO_1,BELLEZA,BRASIL,L-G,2019
PRODUCTO_1,BELLEZA,BRASIL,HHP,2020
PRODUCTO_1,BELLEZA,BRASLI,XIAOMI,2021
PRODUCTO_1,BELLEZA,BRASIL,DELL,2022
PRODUCTO_1,BELLEZA,BRASIL,SAMSUNG,2023
PRODUCTO_1,BELLEZA,BRASIL,HUAWEI,2024
PRODUCTO_2,COMPUTACIÓN,CHHILE,DELL,2018
PRODUCTO_2,COMPUTACIÓN,CHILE,APPLR,2019
PRODUCTO_2,COMPUTACIÓN,CHILE,XIAOMI,2020
PRODUCTO_2,COMPUTACIÓN,CHILE,SAMSUNG,2021
PRODUCTO_2,COMPUTACIÓN,CHILE,XIAOMI,2022
PRODUCTO_2,COMPUTACIÓN,CHLE,SOY,2023
PRODUCTO_2,COMPUTACIÓN,CHKLE,SAMSUNG,2024
PRODUCTO_2,COMPUTACIÓN,PEERU,SAMSUNG,2018
PRODUCTO_2,COMPUTACIÓN,PRU,HP,2019
PRODUCTO_2,COMPUTACIÓN,PERU,SONY,2020
PRODUCTO_2,COMPUTACIÓN,PERU,HP,2021
PRODUCTO_2,COMPUTACIÓN,PPERU,SONI,2022
PRODUCTO_2,COMPUTACIÓN,PERU,XIAOMI,2023
PRODUCTO_2,COMPUTACIÓN,PERU,LG,2024
PRODUCTO_2,COMPUTACIÓN,CCOLOMBIA,APPLE,2018
PRODUCTO_2,COMPUTACIÓN,COLOMBIA,LG,2019
PRODUCTO_2,COMPUTACIÓN,COLOMBIA,HP,2020
PRODUCTO_2,COMPUTACIÓN,COLOMBIA,APPLE,2021
PRODUCTO_2,COMPUTACIÓN,COLOMBIA,XAIOMI,2022
PRODUCTO_2,COMPUTACIÓN,COLOMBIA,APPLE,2023
PRODUCTO_2,COMPUTACIÓN,COLOMBIA,APPPE,2024
PRODUCTO_2,COMPUTACIÓN,MEXICO,LLG,2018
PRODUCTO_2,COMPUTACIÓN,MEXICO,DFLL,2019
PRODUCTO_2,COMPUTACIÓN,MEXICO,DELL,2020
PRODUCTO_2,COMPUTACIÓN,MEXICO,DELL,2021
PRODUCTO_2,COMPUTACIÓN,MEXICO,DELL,2022
PRODUCTO_2,COMPUTACIÓN,MEXIO,APPLE,2023
PRODUCTO_2,COMPUTACIÓN,MEXICO,HUUAWEI,2024
PRODUCTO_2,COMPUTACIÓN,RGENTINA,HUAWIE,2018
PRODUCTO_2,COMPUTACIÓN,ARGENNTINA,APPEL,2019
PRODUCTO_2,COMPUTACIÓN,ARGENTINA,XIAOMI,2020
PRODUCTO_2,COMPUTACIÓN,ARGENTIA,HP,2021
PRODUCTO_2,COMPUTACIÓN,ARGENTINA,LG,2022
PRODUCTO_2,COMPUTACIÓN,ARGENTINA,HUAWEI,2023
PRODUCTO_2,COMPUTACIÓN,ARGNTINA,HP,2024
PRODUCTO_2,COMPUTACIÓN,BRASIIL,APPLE,2018
PRODUCTO_2,COMPUTACIÓN,BRASIL,SAMSUNG,2019
PRODUCTO_2,COMPUTACIÓN,BRASIL,SONY,2020
PRODUCTO_2,COMPUTACIÓN,BRSIL,HP,2021
PRODUCTO_2,COMPUTACIÓN,BRASILL,LG,2022
PRODUCTO_2,COMPUTACIÓN,BRASIL,SAMSUNG,2023
PRODUCTO_2,COMPUTACIÓN,BRASIL,SAMSUNG,2024
PRODUCTO_3,AUTOMOTRIZ,CHILE,HUAWEI,2018
PRODUCTO_3,AUTOMOTRIZ,CHILE,XIAOMI,2019
PRODUCTO_3,AUTOMOTRIZ,CHILE,APPLE,2020
PRODUCTO_3,AUTOMOTRIZ,CHULE,DELL,2021
PRODUCTO_3,AUTOMOTRIZ,CHILE,L-G,2022
PRODUCTO_3,AUTOMOTRIZ,CHILE,SONY,2023
PRODUCTO_3,AUTOMOTRIZ,CHILE,SAMSUNG,2024
PRODUCTO_3,AUTOMOTRIZ,PERU,L-G,2018
PRODUCTO_3,AUTOMOTRIZ,EPRU,XAIOMI,2019
PRODUCTO_3,AUTOMOTRIZ,PERU,DELL,2020
PRODUCTO_3,AUTOMOTRIZ,PERU,HP,2021
PRODUCTO_3,AUTOMOTRIZ,PERU,XIAOMI,2022
PRODUCTO_3,AUTOMOTRIZ,PERU,APPLE,2023
PRODUCTO_3,AUTOMOTRIZ,PERU,XIAOMI,2024
PRODUCTO_3,AUTOMOTRIZ,COLOMBIA,HUAWEI,2018
PRODUCTO_3,AUTOMOTRIZ,COOLOMBIA,SAMSUNG,2019
PRODUCTO_3,AUTOMOTRIZ,COLOMBIA,DLL,2020
PRODUCTO_3,AUTOMOTRIZ,COLOMBIA,HUAWEI,2021
PRODUCTO_3,AUTOMOTRIZ,COLOMBIA,SONY,2022
PRODUCTO_3,AUTOMOTRIZ,COLMBIA,HO,2023
PRODUCTO_3,AUTOMOTRIZ,COLOMBIA,HP,2024
PRODUCTO_3,AUTOMOTRIZ,MEXCIO,HUAWEI,2018
PRODUCTO_3,AUTOMOTRIZ,MEXICO,APPEL,2019
PRODUCTO_3,AUTOMOTRIZ,MEXICO,L-G,2020
PRODUCTO_3,AUTOMOTRIZ,MEXICO,SONY,2021
PRODUCTO_3,AUTOMOTRIZ,MEXICO,SONY,2022
PRODUCTO_3,AUTOMOTRIZ,MEXICO,HUAWEI,2023
PRODUCTO_3,AUTOMOTRIZ,EMXICO,HP,2024
PRODUCTO_3,AUTOMOTRIZ,ARGENTINA,DELL,2018
PRODUCTO_3,AUTOMOTRIZ,ARGENTINA,SAMSUNG,2019
PRODUCTO_3,AUTOMOTRIZ,ARGENTINA,APPLE,2020
PRODUCTO_3,AUTOMOTRIZ,ARGNTINA,XIAONI,2021
PRODUCTO_3,AUTOMOTRIZ,ARGENTTINA,HO,2022
PRODUCTO_3,AUTOMOTRIZ,ARGENTINA,SON,2023
PRODUCTO_3,AUTOMOTRIZ,ARGENTINA,HUAWEI,2024
PRODUCTO_3,AUTOMOTRIZ,BRASIL,DELL,2018
PRODUCTO_3,AUTOMOTRIZ,BRASIL,HUAWE,2019
PRODUCTO_3,AUTOMOTRIZ,BRASIL,LGG,2020
PRODUCTO_3,AUTOMOTRIZ,BRASIL,LG,2021
PRODUCTO_3,AUTOMOTRIZ,BBRASIL,HP,2022
PRODUCTO_3,AUTOMOTRIZ,BRASIL,LGG,2023
PRODUCTO_3,AUTOMOTRIZ,BRASIL,PH,2024
PRODUCTO_4,JUGUETERÍA,CHILE,L,2018
PRODUCTO_4,JUGUETERÍA,CHILE,SONY,2019
PRODUCTO_4,JUGUETERÍA,CHILE,XIAMI,2020
PRODUCTO_4,JUGUETERÍA,CHILE,DELL,2021
PRODUCTO_4,JUGUETERÍA,HILE,DELL,2022
PRODUCTO_4,JUGUETERÍA,CHILE,LG,2023
PRODUCTO_4,JUGUETERÍA,CHILE,HUAWEI,2024
PRODUCTO_4,JUGUETERÍA,PERU,XIAOMI,2018
PRODUCTO_4,JUGUETERÍA,PERRU,APPLE,2019
PRODUCTO_4,JUGUETERÍA,PERRU,WAMSUNG,2020
PRODUCTO_4,JUGUETERÍA,PERU,HUAWEI,2021
PRODUCTO_4,JUGUETERÍA,PERU,DELL,2022
PRODUCTO_4,JUGUETERÍA,PERU,SONY,2023
PRODUCTO_4,JUGUETERÍA,PERU,SONY,2024
PRODUCTO_4,JUGUETERÍA,COLOMBIA,HP,2018
PRODUCTO_4,JUGUETERÍA,COLOMBIA,SAMSUNG,2019
PRODUCTO_4,JUGUETERÍA,COLOMBIA,XIAOMI,2020
PRODUCTO_4,JUGUETERÍA,COLOMBIA,LG,2021
PRODUCTO_4,JUGUETERÍA,COLOMBIA,OSNY,2022
PRODUCTO_4,JUGUETERÍA,COLOMBIA,SONY,2023
PRODUCTO_4,JUGUETERÍA,COLOMBAI,LG,2024
PRODUCTO_4,JUGUETERÍA,MEXICO,SON,2018
PRODUCTO_4,JUGUETERÍA,MEXICO,GL,2019
PRODUCTO_4,JUGUETERÍA,MEXIO,L-G,2020
PRODUCTO_4,JUGUETERÍA,MEXICK,DELL,2021
PRODUCTO_4,JUGUETERÍA,MEXICO,HP,2022
PRODUCTO_4,JUGUETERÍA,MEXICO,HUAWEI,2023
PRODUCTO_4,JUGUETERÍA,MEXICO,SONY,2024
PRODUCTO_4,JUGUETERÍA,ARGENTINA,XAIOMI,2018
PRODUCTO_4,JUGUETERÍA,ARGENTINA,SAMSUNG,2019
PRODUCTO_4,JUGUETERÍA,ARGENTINA,L-G,2020
PRODUCTO_4,JUGUETERÍA,ARGNTINA,DELL,2021
PRODUCTO_4,JUGUETERÍA,ARGENTINA,HUWAEI,2022
PRODUCTO_4,JUGUETERÍA,ARGENTINA,XIAOMI,2023
PRODUCTO_4,JUGUETERÍA,ARGNTINA,DELL,2024
PRODUCTO_4,JUGUETERÍA,BRASIL,HUAWEI,2018
PRODUCTO_4,JUGUETERÍA,BRASIIL,XIAOMI,2019
PRODUCTO_4,JUGUETERÍA,BRASIL,PH,2020
PRODUCTO_4,JUGUETERÍA,BRASIL,APPLE,2021
PRODUCTO_4,JUGUETERÍA,BRASIL,HUAWEI,2022
PRODUCTO_4,JUGUETERÍA,BRASIL,HP,2023
PRODUCTO_4,JUGUETERÍA,BRASIL,APLPE,2024
PRODUCTO_5,JUGUETERÍA,CHILE,PH,2018
PRODUCTO_5,JUGUETERÍA,CHILE,SANSUNG,2019
PRODUCTO_5,JUGUETERÍA,CHILE,HUAWEI,2020
PRODUCTO_5,JUGUETERÍA,CHILE,HPP,2021
PRODUCTO_5,JUGUETERÍA,CHLE,HP,2022
PRODUCTO_5,JUGUETERÍA,CHILE,HP,2023
PRODUCTO_5,JUGUETERÍA,CHILE,HP,2024
PRODUCTO_5,JUGUETERÍA,PERU,HUAWEI,2018
PRODUCTO_5,JUGUETERÍA,PERU,DELLL,2019
PRODUCTO_5,JUGUETERÍA,PERU,DEL,2020
PRODUCTO_5,JUGUETERÍA,PERU,HP,2021
PRODUCTO_5,JUGUETERÍA,PERUU,APPLE,2022
PRODUCTO_5,JUGUETERÍA,PPERU,SONY,2023
PRODUCTO_5,JUGUETERÍA,PERU,PH,2024
PRODUCTO_5,JUGUETERÍA,COLOMBIA,SOONY,2018
PRODUCTO_5,JUGUETERÍA,COLOMBIA,SONY,2019
PRODUCTO_5,JUGUETERÍA,OLOMBIA,SONY,2020
PRODUCTO_5,JUGUETERÍA,COLOMBIA,APPLE,2021
PRODUCTO_5,JUGUETERÍA,COLOMBIA,XIAOMI,2022
PRODUCTO_5,JUGUETERÍA,COLOMBIA,HP,2023
PRODUCTO_5,JUGUETERÍA,COLOMIA,LG,2024
PRODUCTO_5,JUGUETERÍA,MEXICO,DELL,2018
PRODUCTO_5,JUGUETERÍA,MEXICO,SAMSUNG,2019
PRODUCTO_5,JUGUETERÍA,MEXICO,XIAOMI,2020
PRODUCTO_5,JUGUETERÍA,MEXIO,HUAWEI,2021
PRODUCTO_5,JUGUETERÍA,MEXIO,HUAWEI,2022
PRODUCTO_5,JUGUETERÍA,MEXICO,XXIAOMI,2023
PRODUCTO_5,JUGUETERÍA,MEXICO,HP,2024
PRODUCTO_5,JUGUETERÍA,ARGENTINA,LG,2018
PRODUCTO_5,JUGUETERÍA,AARGENTINA,XIAOMI,2019
PRODUCTO_5,JUGUETERÍA,ARGENTINA,SONY,2020
PRODUCTO_5,JUGUETERÍA,ARGENTINA,XIAOMI,2021
PRODUCTO_5,JUGUETERÍA,ARGNTINA,APPLE,2022
PRODUCTO_5,JUGUETERÍA,ARGENTINA,SONY,2023
PRODUCTO_5,JUGUETERÍA,ARGENTINA,HUAWEI,2024
PRODUCTO_5,JUGUETERÍA,BRASIL,DELL,2018
PRODUCTO_5,JUGUETERÍA,BRASIL,SONI,2019
PRODUCTO_5,JUGUETERÍA,BRASIL,LG,2020
PRODUCTO_5,JUGUETERÍA,BRASIL,SONY,2021
PRODUCTO_5,JUGUETERÍA,BRASIL,DELL,2022
PRODUCTO_5,JUGUETERÍA,BRASIL,DEL,2023
PRODUCTO_5,JUGUETERÍA,BRASIL,APPLE,2024
PRODUCTO_6,AUTOMOTRIZ,CHILE,LG,2018
PRODUCTO_6,AUTOMOTRIZ,CHLE,DELL,2019
PRODUCTO_6,AUTOMOTRIZ,CHILE,DELL,2020
PRODUCTO_6,AUTOMOTRIZ,CHLE,SAMSUNG,2021
PRODUCTO_6,AUTOMOTRIZ,CHILE,LGG,2022
PRODUCTO_6,AUTOMOTRIZ,CHILE,UHAWEI,2023
PRODUCTO_6,AUTOMOTRIZ,CHILE,LG,2024
PRODUCTO_6,AUTOMOTRIZ,PERU,SAMSUNG,2018
PRODUCTO_6,AUTOMOTRIZ,PERU,HPP,2019
PRODUCTO_6,AUTOMOTRIZ,PERU,XIAOMI,2020
PRODUCTO_6,AUTOMOTRIZ,PERU,L-G,2021
PRODUCTO_6,AUTOMOTRIZ,PPERU,SONY,2022
PRODUCTO_6,AUTOMOTRIZ,PERU,DELL,2023
PRODUCTO_6,AUTOMOTRIZ,PPERU,XIAOMI,2024
PRODUCTO_6,AUTOMOTRIZ,COLOMBIA,SONY,2018
PRODUCTO_6,AUTOMOTRIZ,COLOMBIA,HP,2019
PRODUCTO_6,AUTOMOTRIZ,OCLOMBIA,DELL,2020
PRODUCTO_6,AUTOMOTRIZ,COLOMBIA,SONY,2021
PRODUCTO_6,AUTOMOTRIZ,COLOMIA,HUAWEI,2022
PRODUCTO_6,AUTOMOTRIZ,COLOMBIA,HHP,2023
PRODUCTO_6,AUTOMOTRIZ,COLOMIA,DEL,2024
PRODUCTO_6,AUTOMOTRIZ,MEXICO,XIAMOI,2018
PRODUCTO_6,AUTOMOTRIZ,MXICO,LG,2019
PRODUCTO_6,AUTOMOTRIZ,MEXOCO,PH,2020
PRODUCTO_6,AUTOMOTRIZ,MEXICO,XIZOMI,2021
PRODUCTO_6,AUTOMOTRIZ,MEXICO,SAMSUNG,2022
PRODUCTO_6,AUTOMOTRIZ,MEXICO,HP,2023
PRODUCTO_6,AUTOMOTRIZ,MEXICOO,HP,2024
PRODUCTO_6,AUTOMOTRIZ,ARGENTINA,LF,2018
PRODUCTO_6,AUTOMOTRIZ,ARGNTINA,WONY,2019
PRODUCTO_6,AUTOMOTRIZ,ARGENTINA,LG,2020
PRODUCTO_6,AUTOMOTRIZ,ARGENTINA,HP,2021
PRODUCTO_6,AUTOMOTRIZ,ARGENTINAA,APPLE,2022
PRODUCTO_6,AUTOMOTRIZ,AGRENTINA,SOONY,2023
PRODUCTO_6,AUTOMOTRIZ,ARGENTINA,L,2024
PRODUCTO_6,AUTOMOTRIZ,BRASIL,APPLE,2018
PRODUCTO_6,AUTOMOTRIZ,BRASIL,SONY,2019
PRODUCTO_6,AUTOMOTRIZ,BRASIL,DELL,2020
PRODUCTO_6,AUTOMOTRIZ,BRASIL,LG,2021
PRODUCTO_6,AUTOMOTRIZ,BRSIL,SONY,2022
PRODUCTO_6,AUTOMOTRIZ,BRASIL,DELL,2023
PRODUCTO_6,AUTOMOTRIZ,BRASIL,HUWWEI,2024
PRODUCTO_7,DEPORTE,CHILE,SANSUNG,2018
PRODUCTO_7,DEPORTE,CHILE,SAMSUGN,2019
PRODUCTO_7,DEPORTE,CHILE,XIAOMI,2020
PRODUCTO_7,DEPORTE,CCHILE,SAMSUNG,2021
PRODUCTO_7,DEPORTE,CHILE,SASUNG,2022
PRODUCTO_7,DEPORTE,CHIL,HUAWEI,2023
PRODUCTO_7,DEPORTE,CHLE,SAMSUNG,2024
PRODUCTO_7,DEPORTE,PERU,SONY,2018
PRODUCTO_7,DEPORTE,PERU,SELL,2019
PRODUCTO_7,DEPORTE,PREU,HUAWEI,2020
PRODUCTO_7,DEPORTE,PERU,SONY,2021
PRODUCTO_7,DEPORTE,PERU,HUAWE,2022
PRODUCTO_7,DEPORTE,PPERU,XIAOMI,2023
PRODUCTO_7,DEPORTE,PERU,APPEL,2024
PRODUCTO_7,DEPORTE,COLOMBIA,APPLE,2018
PRODUCTO_7,DEPORTE,COLOMBIA,SAMSUNG,2019
PRODUCTO_7,DEPORTE,COLOMBBIA,SONY,2020
PRODUCTO_7,DEPORTE,COLOMBIA,APPLE,2021
PRODUCTO_7,DEPORTE,COLOMBIA,DELL,2022
PRODUCTO_7,DEPORTE,COLOMBI,APPLE,2023
PRODUCTO_7,DEPORTE,COLOMBOA,SANSUNG,2024
PRODUCTO_7,DEPORTE,MEXICO,LGG,2018
PRODUCTO_7,DEPORTE,MEXICO,SAMSUNG,2019
PRODUCTO_7,DEPORTE,MEXICOO,HO,2020
PRODUCTO_7,DEPORTE,MEXICO,LG,2021
PRODUCTO_7,DEPORTE,MEXICO,HP,2022
PRODUCTO_7,DEPORTE,MEXICO,HUAWEI,2023
PRODUCTO_7,DEPORTE,MEIXCO,XIAOMI,2024
PRODUCTO_7,DEPORTE,ARGENTINA,HP,2018
PRODUCTO_7,DEPORTE,ARGENTIN,XIOAMI,2019
PRODUCTO_7,DEPORTE,ARGENTIA,SNY,2020
PRODUCTO_7,DEPORTE,ARGNTINA,HP,2021
PRODUCTO_7,DEPORTE,ARGENTINA,HUAWEI,2022
PRODUCTO_7,DEPORTE,ARGNTINA,HP,2023
PRODUCTO_7,DEPORTE,ARGENTINA,GL,2024
PRODUCTO_7,DEPORTE,BRASIL,XIAOMI,2018
PRODUCTO_7,DEPORTE,BRASIL,LGG,2019
PRODUCTO_7,DEPORTE,BRASIL,SANSUNG,2020
PRODUCTO_7,DEPORTE,BRASIL,APPLE,2021
PRODUCTO_7,DEPORTE,BRASIL,HUAWEI,2022
PRODUCTO_7,DEPORTE,BRASIL,APPLE,2023
PRODUCTO_7,DEPORTE,BRASIL,IXAOMI,2024
PRODUCTO_8,COMPUTACIÓN,CHILE,HUAWEI,2018
PRODUCTO_8,COMPUTACIÓN,CHILE,HUAWEI,2019
PRODUCTO_8,COMPUTACIÓN,CHILE,XIAOMI,2020
PRODUCTO_8,COMPUTACIÓN,CHILE,SAMSUNG,2021
PRODUCTO_8,COMPUTACIÓN,CHILR,APOLE,2022
PRODUCTO_8,COMPUTACIÓN,CHILE,HP,2023
PRODUCTO_8,COMPUTACIÓN,CHLE,APPKE,2024
PRODUCTO_8,COMPUTACIÓN,PERU,SANSUNG,2018
PRODUCTO_8,COMPUTACIÓN,PRU,HJAWEI,2019
PRODUCTO_8,COMPUTACIÓN,OERU,APPEL,2020
PRODUCTO_8,COMPUTACIÓN,PER,DELL,2021
PRODUCTO_8,COMPUTACIÓN,PERU,SONY,2022
PRODUCTO_8,COMPUTACIÓN,PERU,DELL,2023
PRODUCTO_8,COMPUTACIÓN,PPERU,APPLE,2024
PRODUCTO_8,COMPUTACIÓN,COLOMMBIA,APPLE,2018
PRODUCTO_8,COMPUTACIÓN,COLOMBIA,HP,2019
PRODUCTO_8,COMPUTACIÓN,COLOMBIA,SONY,2020
PRODUCTO_8,COMPUTACIÓN,COLOMBIA,DLEL,2021
PRODUCTO_8,COMPUTACIÓN,COLOMBIA,SONY,2022
PRODUCTO_8,COMPUTACIÓN,COLOMBIA,XIAOMI,2023
PRODUCTO_8,COMPUTACIÓN,COLOMBIA,SAMSUNG,2024
PRODUCTO_8,COMPUTACIÓN,EMXICO,PH,2018
PRODUCTO_8,COMPUTACIÓN,MEXICO,XAIOMI,2019
PRODUCTO_8,COMPUTACIÓN,MEXIO,HUAWEI,2020
PRODUCTO_8,COMPUTACIÓN,MEIXCO,HUAWEI,2021
PRODUCTO_8,COMPUTACIÓN,MEXICO,XIAOMI,2022
PRODUCTO_8,COMPUTACIÓN,MEXICO,HUAWEI,2023
PRODUCTO_8,COMPUTACIÓN,MEXICO,DELL,2024
PRODUCTO_8,COMPUTACIÓN,ARGENTINA,SKNY,2018
PRODUCTO_8,COMPUTACIÓN,ARENTINA,SANSUNG,2019
PRODUCTO_8,COMPUTACIÓN,ARGENTINAA,HP,2020
PRODUCTO_8,COMPUTACIÓN,ARGENTINA,PH,2021
PRODUCTO_8,COMPUTACIÓN,ARGENTINA,SON,2022
PRODUCTO_8,COMPUTACIÓN,ARGENTINA,HP,2023
PRODUCTO_8,COMPUTACIÓN,ARGENTINA,SONY,2024
PRODUCTO_8,COMPUTACIÓN,RBASIL,XIAOMI,2018
PRODUCTO_8,COMPUTACIÓN,BRASIL,LG,2019
PRODUCTO_8,COMPUTACIÓN,BRASIL,XIAAOMI,2020
PRODUCTO_8,COMPUTACIÓN,BRASIL,APPLE,2021
PRODUCTO_8,COMPUTACIÓN,BRASIL,DELL,2022
PRODUCTO_8,COMPUTACIÓN,BRASIL,APPLE,2023
PRODUCTO_8,COMPUTACIÓN,BRASIL,SAMSUNG,2024
PRODUCTO_9,BELLEZA,CHILE,SAMSUNG,2018
PRODUCTO_9,BELLEZA,CHILE,HUAWEI,2019
PRODUCTO_9,BELLEZA,CHILE,HP,2020
PRODUCTO_9,BELLEZA,CHILE,HPP,2021
PRODUCTO_9,BELLEZA,CHILE,DELLL,2022
PRODUCTO_9,BELLEZA,CHILE,L,2023
PRODUCTO_9,BELLEZA,CHILE,SAMSUNG,2024
PRODUCTO_9,BELLEZA,PRU,LG,2018
PRODUCTO_9,BELLEZA,PERUU,P,2019
PRODUCTO_9,BELLEZA,PERU,HUAWEI,2020
PRODUCTO_9,BELLEZA,PERI,LG,2021
PRODUCTO_9,BELLEZA,PERU,HP,2022
PRODUCTO_9,BELLEZA,PERU,HP,2023
PRODUCTO_9,BELLEZA,PERRU,HUAWEI,2024
PRODUCTO_9,BELLEZA,COLOMBIA,APLE,2018
PRODUCTO_9,BELLEZA,COLOMBIA,SONY,2019
PRODUCTO_9,BELLEZA,COLOMBIA,SAMUNG,2020
PRODUCTO_9,BELLEZA,COLOMBAI,SONY,2021
PRODUCTO_9,BELLEZA,COLOMBIA,XIAOMI,2022
PRODUCTO_9,BELLEZA,COLOMBIA,HUAWEEI,2023
PRODUCTO_9,BELLEZA,COLOMBIA,SAMSUNG,2024
PRODUCTO_9,BELLEZA,MEXICO,XIAOMI,2018
PRODUCTO_9,BELLEZA,MEXICO,HPP,2019
PRODUCTO_9,BELLEZA,MEXIO,LLG,2020
PRODUCTO_9,BELLEZA,MEXICO,HP,2021
PRODUCTO_9,BELLEZA,MEXICO,XIAOMI,2022
PRODUCTO_9,BELLEZA,MEXICO,SAMSNUG,2023
PRODUCTO_9,BELLEZA,MEXICO,SAMSUNG,2024
PRODUCTO_9,BELLEZA,ARGENTINA,SAMSUNG,2018
PRODUCTO_9,BELLEZA,ARGENTINA,APPLE,2019
PRODUCTO_9,BELLEZA,ARGENTINA,LG,2020
PRODUCTO_9,BELLEZA,ARGENTINA,HO,2021
PRODUCTO_9,BELLEZA,ARGENTINA,SAMSUNGG,2022
PRODUCTO_9,BELLEZA,ARGENTINA,OSNY,2023
PRODUCTO_9,BELLEZA,ARGENTINA,APPLE,2024
PRODUCTO_9,BELLEZA,BRASIL,APPLE,2018
PRODUCTO_9,BELLEZA,BRASIL,SAMSNG,2019
PRODUCTO_9,BELLEZA,BRASIL,SAMSUNG,2020
PRODUCTO_9,BELLEZA,BRASIL,HUAWEI,2021
PRODUCTO_9,BELLEZA,BRASIL,APPLE,2022
PRODUCTO_9,BELLEZA,BRASIL,XIAOMI,2023
PRODUCTO_9,BELLEZA,BRASIL,DELL,2024
PRODUCTO_10,BELLEZA,CHILE,HUAAWEI,2018
PRODUCTO_10,BELLEZA,CHILE,DEL,2019
PRODUCTO_10,BELLEZA,CHILE,SAMSUNG,2020
PRODUCTO_10,BELLEZA,CHILE,LG,2021
PRODUCTO_10,BELLEZA,CHILE,L-G,2022
PRODUCTO_10,BELLEZA,CHILE,XIAOMI,2023
PRODUCTO_10,BELLEZA,CHILE,APPLE,2024
PRODUCTO_10,BELLEZA,PERU,APPLE,2018
PRODUCTO_10,BELLEZA,PERU,LG,2019
PRODUCTO_10,BELLEZA,PERU,DEL,2020
PRODUCTO_10,BELLEZA,PERU,LG,2021
PRODUCTO_10,BELLEZA,PERU,SAMSUNG,2022
PRODUCTO_10,BELLEZA,PERU,SONY,2023
PRODUCTO_10,BELLEZA,PEU,GL,2024
PRODUCTO_10,BELLEZA,COLOMBBIA,SNOY,2018
PRODUCTO_10,BELLEZA,COLOMBIA,SAMSUUNG,2019
PRODUCTO_10,BELLEZA,COLOMBAI,DELL,2020
PRODUCTO_10,BELLEZA,COLOMBIA,APPLE,2021
PRODUCTO_10,BELLEZA,COLOMBIA,LG,2022
PRODUCTO_10,BELLEZA,COLOMBIA,HP,2023
PRODUCTO_10,BELLEZA,COLOMBIA,HUAWEI,2024
PRODUCTO_10,BELLEZA,MEXICO,SONY,2018
PRODUCTO_10,BELLEZA,MEXICO,HUAWE,2019
PRODUCTO_10,BELLEZA,MEXIC,LG,2020
PRODUCTO_10,BELLEZA,MEXIICO,DEL,2021
PRODUCTO_10,BELLEZA,MEXICO,HP,2022
PRODUCTO_10,BELLEZA,MEXICO,DELL,2023
PRODUCTO_10,BELLEZA,MXEICO,HUAWEI,2024
PRODUCTO_10,BELLEZA,ARGENITNA,SAMSUNG,2018
PRODUCTO_10,BELLEZA,ARGENTINA,L,2019
PRODUCTO_10,BELLEZA,ARGENTINA,XIAOMI,2020
PRODUCTO_10,BELLEZA,ARGENTINA,APPLE,2021
PRODUCTO_10,BELLEZA,ARGNTINA,SNY,2022
PRODUCTO_10,BELLEZA,ARGENTINA,SAMSUNG,2023
PRODUCTO_10,BELLEZA,ARGENTINA,HUAWWEI,2024
PRODUCTO_10,BELLEZA,BRASIL,SMASUNG,2018
PRODUCTO_10,BELLEZA,BRASIL,SONY,2019
PRODUCTO_10,BELLEZA,BRSIL,APPPLE,2020
PRODUCTO_10,BELLEZA,BRAISL,HIAWEI,2021
PRODUCTO_10,BELLEZA,BRASIO,SAMSUG,2022
PRODUCTO_10,BELLEZA,BRASIL,APPLE,2023
PRODUCTO_10,BELLEZA,BRASIL,APPLLE,2024
PRODUCTO_11,AUTOMOTRIZ,CHILE,XIAOMI,2018
PRODUCTO_11,AUTOMOTRIZ,CHILE,GL,2019
PRODUCTO_11,AUTOMOTRIZ,CHILE,APPLE,2020
PRODUCTO_11,AUTOMOTRIZ,CHILE,XIAOMI,2021
PRODUCTO_11,AUTOMOTRIZ,CHILE,SASUNG,2022
PRODUCTO_11,AUTOMOTRIZ,CHILE,HUAWEI,2023
PRODUCTO_11,AUTOMOTRIZ,CHILE,HPP,2024
PRODUCTO_11,AUTOMOTRIZ,PERU,HAUWEI,2018
PRODUCTO_11,AUTOMOTRIZ,PERU,XIAOMI,2019
PRODUCTO_11,AUTOMOTRIZ,PDRU,SONY,2020
PRODUCTO_11,AUTOMOTRIZ,PERU,SONY,2021
PRODUCTO_11,AUTOMOTRIZ,PERU,XIAOMI,2022
PRODUCTO_11,AUTOMOTRIZ,PERU,LG,2023
PRODUCTO_11,AUTOMOTRIZ,PERU,DELL,2024
PRODUCTO_11,AUTOMOTRIZ,COLOMBIA,SONY,2018
PRODUCTO_11,AUTOMOTRIZ,COLOMIA,XAOMI,2019
PRODUCTO_11,AUTOMOTRIZ,COLOMBIA,HUAWEI,2020
PRODUCTO_11,AUTOMOTRIZ,COLOMBIA,HUAWEI,2021
PRODUCTO_11,AUTOMOTRIZ,COLLOMBIA,SOYN,2022
PRODUCTO_11,AUTOMOTRIZ,COLOMBIA,OSNY,2023
PRODUCTO_11,AUTOMOTRIZ,COLOMBIA,DELL,2024
PRODUCTO_11,AUTOMOTRIZ,MEIXCO,DSLL,2018
PRODUCTO_11,AUTOMOTRIZ,MEXICO,SONY,2019
PRODUCTO_11,AUTOMOTRIZ,MEXIICO,XIAOMI,2020
PRODUCTO_11,AUTOMOTRIZ,MEXICO,SONY,2021
PRODUCTO_11,AUTOMOTRIZ,MEXICO,UAWEI,2022
PRODUCTO_11,AUTOMOTRIZ,MEXICO,HUAWEI,2023
PRODUCTO_11,AUTOMOTRIZ,MEXICO,HUAWEI,2024
PRODUCTO_11,AUTOMOTRIZ,ARGENTINA,DEL,2018
PRODUCTO_11,AUTOMOTRIZ,ARGENTINA,APLE,2019
PRODUCTO_11,AUTOMOTRIZ,ARGEENTINA,XIAOMI,2020
PRODUCTO_11,AUTOMOTRIZ,ARGENTINA,SAMSUNG,2021
PRODUCTO_11,AUTOMOTRIZ,ARGENTINA,HUAWEI,2022
PRODUCTO_11,AUTOMOTRIZ,ARGENTINA,HP,2023
PRODUCTO_11,AUTOMOTRIZ,ARGENTINA,LG,2024
PRODUCTO_11,AUTOMOTRIZ,BRASILL,SSAMSUNG,2018
PRODUCTO_11,AUTOMOTRIZ,BRRASIL,LG,2019
PRODUCTO_11,AUTOMOTRIZ,BRASIL,SAMSUNG,2020
PRODUCTO_11,AUTOMOTRIZ,BRASIL,XIAOMI,2021
PRODUCTO_11,AUTOMOTRIZ,BRASIL,APPLE,2022
PRODUCTO_11,AUTOMOTRIZ,BRASIL,SONY,2023
PRODUCTO_11,AUTOMOTRIZ,BRRASIL,HUUAWEI,2024
PRODUCTO_12,JUGUETERÍA,CHILE,DELL,2018
PRODUCTO_12,JUGUETERÍA,CHILE,SONY,2019
PRODUCTO_12,JUGUETERÍA,CHILE,DELL,2020
PRODUCTO_12,JUGUETERÍA,CHLE,APPEL,2021
PRODUCTO_12,JUGUETERÍA,CHILE,SONY,2022
PRODUCTO_12,JUGUETERÍA,CHILE,SNOY,2023
PRODUCTO_12,JUGUETERÍA,CHILE,SMSUNG,2024
PRODUCTO_12,JUGUETERÍA,PERU,DELL,2018
PRODUCTO_12,JUGUETERÍA,PERU,XIAOJI,2019
PRODUCTO_12,JUGUETERÍA,PERU,HP,2020
PRODUCTO_12,JUGUETERÍA,PERU,HP,2021
PRODUCTO_12,JUGUETERÍA,PERU,SONY,2022
PRODUCTO_12,JUGUETERÍA,PERU,HP,2023
PRODUCTO_12,JUGUETERÍA,PERU,LG,2024
PRODUCTO_12,JUGUETERÍA,COLOMBIA,HUAWEI,2018
PRODUCTO_12,JUGUETERÍA,COLOMBIA,SONI,2019
PRODUCTO_12,JUGUETERÍA,COLOMBIA,SONY,2020
PRODUCTO_12,JUGUETERÍA,COLOMBIA,UHAWEI,2021
PRODUCTO_12,JUGUETERÍA,COLOMBAI,DELL,2022
PRODUCTO_12,JUGUETERÍA,COLOMBIA,DELL,2023
PRODUCTO_12,JUGUETERÍA,COLOMBIA,APPLE,2024
PRODUCTO_12,JUGUETERÍA,MEXICO,LG,2018
PRODUCTO_12,JUGUETERÍA,MEXICO,XIAOMMI,2019
PRODUCTO_12,JUGUETERÍA,MEXICO,DEELL,2020
PRODUCTO_12,JUGUETERÍA,MEXICO,LG,2021
PRODUCTO_12,JUGUETERÍA,EXICO,XIAOMI,2022
PRODUCTO_12,JUGUETERÍA,MEXICO,L-G,2023
PRODUCTO_12,JUGUETERÍA,MEXICO,SAMSUNG,2024
PRODUCTO_12,JUGUETERÍA,AGRENTINA,SAMSUNG,2018
PRODUCTO_12,JUGUETERÍA,ARGENTINA,HUAWE,2019
PRODUCTO_12,JUGUETERÍA,ARGENTINA,L-G,2020
PRODUCTO_12,JUGUETERÍA,ARGENTINA,DELL,2021
PRODUCTO_12,JUGUETERÍA,ARGENTINA,P,2022
PRODUCTO_12,JUGUETERÍA,ARGENTINA,SONI,2023
PRODUCTO_12,JUGUETERÍA,ARGENTINA,LG,2024
PRODUCTO_12,JUGUETERÍA,BRSAIL,SONY,2018
PRODUCTO_12,JUGUETERÍA,BRASIL,P,2019
PRODUCTO_12,JUGUETERÍA,BRASIL,APPLE,2020
PRODUCTO_12,JUGUETERÍA,BRASIK,XIAOMI,2021
PRODUCTO_12,JUGUETERÍA,BRASIL,HP,2022
PRODUCTO_12,JUGUETERÍA,BRSAIL,SOHY,2023
PRODUCTO_12,JUGUETERÍA,BRASIL,HP,2024
PRODUCTO_13,BELLEZA,CHIE,HAUWEI,2018
PRODUCTO_13,BELLEZA,CHILE,SAMSUNG,2019
PRODUCTO_13,BELLEZA,CHLE,APPLE,2020
PRODUCTO_13,BELLEZA,CHLE,SONY,2021
PRODUCTO_13,BELLEZA,CIHLE,DELL,2022
PRODUCTO_13,BELLEZA,CHILE,SONY,2023
PRODUCTO_13,BELLEZA,CHILE,XIAOMI,2024
PRODUCTO_13,BELLEZA,PERU,SAMSUNG,2018
PRODUCTO_13,BELLEZA,PERU,LG,2019
PRODUCTO_13,BELLEZA,PERU,HUAWEI,2020
PRODUCTO_13,BELLEZA,EPRU,XAIOMI,2021
PRODUCTO_13,BELLEZA,EPRU,SAMSUNG,2022
PRODUCTO_13,BELLEZA,PEUR,XIZOMI,2023
PRODUCTO_13,BELLEZA,PERU,DELL,2024
PRODUCTO_13,BELLEZA,COLOMBIA,LG,2018
PRODUCTO_13,BELLEZA,COLOMBIA,SANSUNG,2019
PRODUCTO_13,BELLEZA,COLOMBIA,SONY,2020
PRODUCTO_13,BELLEZA,COLOOMBIA,SSONY,2021
PRODUCTO_13,BELLEZA,COLOMBIA,XISOMI,2022
PRODUCTO_13,BELLEZA,COLOMBIA,XAIOMI,2023
PRODUCTO_13,BELLEZA,COLOMBIA,XIAOMI,2024
PRODUCTO_13,BELLEZA,EXICO,LG,2018
PRODUCTO_13,BELLEZA,MEXICO,HP,2019
PRODUCTO_13,BELLEZA,MEXICO,HP,2020
PRODUCTO_13,BELLEZA,MEXICO,XIAOMI,2021
PRODUCTO_13,BELLEZA,MEXICO,HUAWEI,2022
PRODUCTO_13,BELLEZA,MEXICO,APPLD,2023
PRODUCTO_13,BELLEZA,MEXICO,SAMSUNG,2024
PRODUCTO_13,BELLEZA,ARGENTIN,LG,2018
PRODUCTO_13,BELLEZA,ARGENTINA,APPLE,2019
PRODUCTO_13,BELLEZA,ARGENTINA,HUAWEI,2020
PRODUCTO_13,BELLEZA,RGENTINA,LG,2021
PRODUCTO_13,BELLEZA,ARGENTINA,SAMSUNG,2022
PRODUCTO_13,BELLEZA,ARGENTINA,SAMSUNG,2023
PRODUCTO_13,BELLEZA,ARGENTNA,HUAWEI,2024
PRODUCTO_13,BELLEZA,BRASIL,HUAWEI,2018
PRODUCTO_13,BELLEZA,RBASIL,APPE,2019
PRODUCTO_13,BELLEZA,BRASIL,HP,2020
PRODUCTO_13,BELLEZA,BRASIL,HP,2021
PRODUCTO_13,BELLEZA,BRASIL,XIAONI,2022
PRODUCTO_13,BELLEZA,BRASIL,XAIOMI,2023
PRODUCTO_13,BELLEZA,RASIL,SAMSUNG,2024
PRODUCTO_14,ELECTRÓNICA,CHILE,DELL,2018
PRODUCTO_14,ELECTRÓNICA,CHILR,DELL,2019
PRODUCTO_14,ELECTRÓNICA,CHILE,APPLE,2020
PRODUCTO_14,ELECTRÓNICA,CHILE,XIAOMI,2021
PRODUCTO_14,ELECTRÓNICA,CHILE,DELL,2022
PRODUCTO_14,ELECTRÓNICA,CHILE,HP,2023
PRODUCTO_14,ELECTRÓNICA,CHIEL,XIAMI,2024
PRODUCTO_14,ELECTRÓNICA,PERU,XIAOMI,2018
PRODUCTO_14,ELECTRÓNICA,PERU,SAMSUNG,2019
PRODUCTO_14,ELECTRÓNICA,PREU,EDLL,2020
PRODUCTO_14,ELECTRÓNICA,PERU,XIAOMI,2021
PRODUCTO_14,ELECTRÓNICA,PERU,LG,2022
PRODUCTO_14,ELECTRÓNICA,PERU,DWLL,2023
PRODUCTO_14,ELECTRÓNICA,PERU,HJAWEI,2024
PRODUCTO_14,ELECTRÓNICA,COLOMBIA,XIAOM,2018
PRODUCTO_14,ELECTRÓNICA,COLOMIA,APPLE,2019
PRODUCTO_14,ELECTRÓNICA,COLOMBIA,SAMSUNG,2020
PRODUCTO_14,ELECTRÓNICA,COLOBMIA,APPLE,2021
PRODUCTO_14,ELECTRÓNICA,OLOMBIA,HP,2022
PRODUCTO_14,ELECTRÓNICA,COLOMBIA,APPLE,2023
PRODUCTO_14,ELECTRÓNICA,COLOMBIA,SAMSUNG,2024
PRODUCTO_14,ELECTRÓNICA,MEXICO,HUAWEI,2018
PRODUCTO_14,ELECTRÓNICA,MEXICO,HHAWEI,2019
PRODUCTO_14,ELECTRÓNICA,MEXICO,HP,2020
PRODUCTO_14,ELECTRÓNICA,MEXICO,APPEL,2021
PRODUCTO_14,ELECTRÓNICA,MEXICO,HP,2022
PRODUCTO_14,ELECTRÓNICA,MEXICO,LG,2023
PRODUCTO_14,ELECTRÓNICA,MEXICO,DLEL,2024
PRODUCTO_14,ELECTRÓNICA,ARGNTINA,SAMSUNNG,2018
PRODUCTO_14,ELECTRÓNICA,ARGENTINA,DELL,2019
PRODUCTO_14,ELECTRÓNICA,ARGENTINA,AONY,2020
PRODUCTO_14,ELECTRÓNICA,ARGENTINA,LG,2021
PRODUCTO_14,ELECTRÓNICA,ARGENTINA,HJAWEI,2022
PRODUCTO_14,ELECTRÓNICA,ARGENTINA,SONY,2023
PRODUCTO_14,ELECTRÓNICA,ARGENTINA,HUAWE,2024
PRODUCTO_14,ELECTRÓNICA,BRAIL,LLG,2018
PRODUCTO_14,ELECTRÓNICA,BRASIL,HP,2019
PRODUCTO_14,ELECTRÓNICA,BRASIL,HAUWEI,2020
PRODUCTO_14,ELECTRÓNICA,BRASIL,XIAOMI,2021
PRODUCTO_14,ELECTRÓNICA,BRASIL,SAMSUNG,2022
PRODUCTO_14,ELECTRÓNICA,BRASIL,SAMSUNG,2023
PRODUCTO_14,ELECTRÓNICA,BRASIL,SONI,2024
PRODUCTO_15,HOGAR,CHILE,DELL,2018
PRODUCTO_15,HOGAR,CHILLE,HPP,2019
PRODUCTO_15,HOGAR,CHILE,SONY,2020
PRODUCTO_15,HOGAR,CHILE,XIAOMI,2021
PRODUCTO_15,HOGAR,CHLE,SONY,2022
PRODUCTO_15,HOGAR,CHIILE,DELL,2023
PRODUCTO_15,HOGAR,CHILE,HP,2024
PRODUCTO_15,HOGAR,PERU,HP,2018
PRODUCTO_15,HOGAR,PERU,DELK,2019
PRODUCTO_15,HOGAR,PERU,LGG,2020
PRODUCTO_15,HOGAR,PERU,SONY,2021
PRODUCTO_15,HOGAR,PERU,L,2022
PRODUCTO_15,HOGAR,PERU,LG,2023
PRODUCTO_15,HOGAR,PERUU,XIAOM,2024
PRODUCTO_15,HOGAR,COLOMBIA,LG,2018
PRODUCTO_15,HOGAR,COLOMBIA,DELL,2019
PRODUCTO_15,HOGAR,CLOOMBIA,HUAWEI,2020
PRODUCTO_15,HOGAR,COLOMBIA,XIIAOMI,2021
PRODUCTO_15,HOGAR,COLOMBIA,XIAOMI,2022
PRODUCTO_15,HOGAR,COLOMBIA,LG,2023
PRODUCTO_15,HOGAR,COLOMBIA,SONI,2024
PRODUCTO_15,HOGAR,MEXICO,HP,2018
PRODUCTO_15,HOGAR,MEXICO,XAIOMI,2019
PRODUCTO_15,HOGAR,MEXICO,SAMSUNG,2020
PRODUCTO_15,HOGAR,MEXICO,XIAOMI,2021
PRODUCTO_15,HOGAR,MEXICO,DELL,2022
PRODUCTO_15,HOGAR,MEXICO,LLG,2023
PRODUCTO_15,HOGAR,JEXICO,APLE,2024
PRODUCTO_15,HOGAR,ARGENTINA,APPLE,2018
PRODUCTO_15,HOGAR,ARGENTINA,DEOL,2019
PRODUCTO_15,HOGAR,ARGENTINA,DELL,2020
PRODUCTO_15,HOGAR,ARGENTINA,HUAWE,2021
PRODUCTO_15,HOGAR,ARGENTINA,SAMSUNG,2022
PRODUCTO_15,HOGAR,ARGENTINA,LG,2023
PRODUCTO_15,HOGAR,ARGENTIAN,HP,2024
PRODUCTO_15,HOGAR,BRASIL,SONY,2018
PRODUCTO_15,HOGAR,BRASIK,APPLE,2019
PRODUCTO_15,HOGAR,BRASSIL,SANSUNG,2020
PRODUCTO_15,HOGAR,BRASIL,APPLE,2021
PRODUCTO_15,HOGAR,BRASIL,HUAWEI,2022
PRODUCTO_15,HOGAR,BRASIP,DELL,2023
PRODUCTO_15,HOGAR,BRASKL,HP,2024
PRODUCTO_16,AUTOMOTRIZ,CHJLE,SAMSUNG,2018
PRODUCTO_16,AUTOMOTRIZ,CHIILE,SONY,2019
PRODUCTO_16,AUTOMOTRIZ,CHIL,XIAOMI,2020
PRODUCTO_16,AUTOMOTRIZ,CHILE,H,2021
PRODUCTO_16,AUTOMOTRIZ,CHLE,L-G,2022
PRODUCTO_16,AUTOMOTRIZ,CHILE,DELL,2023
PRODUCTO_16,AUTOMOTRIZ,CHILE,SONY,2024
PRODUCTO_16,AUTOMOTRIZ,PERU,HUAWEI,2018
PRODUCTO_16,AUTOMOTRIZ,PERU,HPP,2019
PRODUCTO_16,AUTOMOTRIZ,PERU,HP,2020
PRODUCTO_16,AUTOMOTRIZ,PERU,UAWEI,2021
PRODUCTO_16,AUTOMOTRIZ,PERU,LG,2022
PRODUCTO_16,AUTOMOTRIZ,PEERU,HP,2023
PRODUCTO_16,AUTOMOTRIZ,PEUR,HUAWEI,2024
PRODUCTO_16,AUTOMOTRIZ,COLOOMBIA,SONY,2018
PRODUCTO_16,AUTOMOTRIZ,COLOMBIA,APPLE,2019
PRODUCTO_16,AUTOMOTRIZ,COLOMBIA,SAMSUNG,2020
PRODUCTO_16,AUTOMOTRIZ,COLOMIA,HP,2021
PRODUCTO_16,AUTOMOTRIZ,COLOMBIA,SAMSUNG,2022
PRODUCTO_16,AUTOMOTRIZ,COLOMBIA,SONY,2023
PRODUCTO_16,AUTOMOTRIZ,COLOMBIA,KG,2024
PRODUCTO_16,AUTOMOTRIZ,MEXICO,XIAAOMI,2018
PRODUCTO_16,AUTOMOTRIZ,MWXICO,KG,2019
PRODUCTO_16,AUTOMOTRIZ,MMEXICO,HP,2020
PRODUCTO_16,AUTOMOTRIZ,MEXIO,XIAOMI,2021
PRODUCTO_16,AUTOMOTRIZ,MEXICO,XIAOMI,2022
PRODUCTO_16,AUTOMOTRIZ,MEXICO,SAMSUNG,2023
PRODUCTO_16,AUTOMOTRIZ,MEXCO,HUAWEI,2024
PRODUCTO_16,AUTOMOTRIZ,ARGENTINA,SONY,2018
PRODUCTO_16,AUTOMOTRIZ,ARGENTINA,HP,2019
PRODUCTO_16,AUTOMOTRIZ,ARGENTINA,XIAOMI,2020
PRODUCTO_16,AUTOMOTRIZ,ARGENTINAA,HUAWEI,2021
PRODUCTO_16,AUTOMOTRIZ,ARGNTINA,SAMSUGN,2022
PRODUCTO_16,AUTOMOTRIZ,ARGENTINA,HUAWEI,2023
PRODUCTO_16,AUTOMOTRIZ,ARGENTINA,SAMSUNG,2024
PRODUCTO_16,AUTOMOTRIZ,BRASIL,SONY,2018
PRODUCTO_16,AUTOMOTRIZ,BRASIL,HUAWEI,2019
PRODUCTO_16,AUTOMOTRIZ,BRASIL,XIAOMI,2020
PRODUCTO_16,AUTOMOTRIZ,BRASIL,SAMSUNG,2021
PRODUCTO_16,AUTOMOTRIZ,BRSIL,SAMSUNNG,2022
PRODUCTO_16,AUTOMOTRIZ,BRASIL,APPLE,2023
PRODUCTO_16,AUTOMOTRIZ,BRASIL,SONY,2024
PRODUCTO_17,COMPUTACIÓN,CHILE,DELL,2018
PRODUCTO_17,COMPUTACIÓN,CHLE,SAMSUJG,2019
PRODUCTO_17,COMPUTACIÓN,CHILE,HUAWEI,2020
PRODUCTO_17,COMPUTACIÓN,CCHILE,SAMSUUNG,2021
PRODUCTO_17,COMPUTACIÓN,CHILE,APPLE,2022
PRODUCTO_17,COMPUTACIÓN,CHILE,LG,2023
PRODUCTO_17,COMPUTACIÓN,CHILS,SAMSUNG,2024
PRODUCTO_17,COMPUTACIÓN,PERU,SONY,2018
PRODUCTO_17,COMPUTACIÓN,PREU,HUAWEI,2019
PRODUCTO_17,COMPUTACIÓN,PRU,HUAWEI,2020
PRODUCTO_17,COMPUTACIÓN,PERU,SONY,2021
PRODUCTO_17,COMPUTACIÓN,PEERU,HUWAEI,2022
PRODUCTO_17,COMPUTACIÓN,PERU,XAIOMI,2023
PRODUCTO_17,COMPUTACIÓN,PER,HUAWEI,2024
PRODUCTO_17,COMPUTACIÓN,COLOMBIA,APPLF,2018
PRODUCTO_17,COMPUTACIÓN,COLOMBAI,HP,2019
PRODUCTO_17,COMPUTACIÓN,COLOMIA,SONY,2020
PRODUCTO_17,COMPUTACIÓN,COLOMBIA,SASUNG,2021
PRODUCTO_17,COMPUTACIÓN,COLOMBIA,HUAWEI,2022
PRODUCTO_17,COMPUTACIÓN,COLOMBIA,LG,2023
PRODUCTO_17,COMPUTACIÓN,COLOOMBIA,LG,2024
PRODUCTO_17,COMPUTACIÓN,MEXICO,HPP,2018
PRODUCTO_17,COMPUTACIÓN,MEXICO,SAMSUNG,2019
PRODUCTO_17,COMPUTACIÓN,MEXICO,SONY,2020
PRODUCTO_17,COMPUTACIÓN,MEXCIO,HUAWEI,2021
PRODUCTO_17,COMPUTACIÓN,MEXIO,APPLE,2022
PRODUCTO_17,COMPUTACIÓN,MEXICO,APPLE,2023
PRODUCTO_17,COMPUTACIÓN,MRXICO,SAMSUNG,2024
PRODUCTO_17,COMPUTACIÓN,ARGENTINA,DLEL,2018
PRODUCTO_17,COMPUTACIÓN,ARGENTINA,HUAWEI,2019
PRODUCTO_17,COMPUTACIÓN,ARGENTINA,SONY,2020
PRODUCTO_17,COMPUTACIÓN,ARGENTINA,SAMSUNG,2021
PRODUCTO_17,COMPUTACIÓN,ARGENTINA,DELLL,2022
PRODUCTO_17,COMPUTACIÓN,ARGENTINQ,XIAOMI,2023
PRODUCTO_17,COMPUTACIÓN,ARGENTINA,HUAWEI,2024
PRODUCTO_17,COMPUTACIÓN,BRSIL,HUAWEI,2018
PRODUCTO_17,COMPUTACIÓN,BRASIL,SONY,2019
PRODUCTO_17,COMPUTACIÓN,BRASIL,APPLE,2020
PRODUCTO_17,COMPUTACIÓN,BRASIL,SAMSUNG,2021
PRODUCTO_17,COMPUTACIÓN,BRASSIL,GL,2022
PRODUCTO_17,COMPUTACIÓN,BRAISL,SAMSUNG,2023
PRODUCTO_17,COMPUTACIÓN,BRASSIL,LG,2024
PRODUCTO_18,ELECTRÓNICA,CHILE,DELL,2018
PRODUCTO_18,ELECTRÓNICA,CHILW,DELL,2019
PRODUCTO_18,ELECTRÓNICA,CHILE,DELL,2020
PRODUCTO_18,ELECTRÓNICA,CHILE,SONY,2021
PRODUCTO_18,ELECTRÓNICA,CHILE,EELL,2022
PRODUCTO_18,ELECTRÓNICA,CHILE,HUAWEI,2023
PRODUCTO_18,ELECTRÓNICA,CHILEE,HUAWEI,2024
PRODUCTO_18,ELECTRÓNICA,PERUU,DELL,2018
PRODUCTO_18,ELECTRÓNICA,PERU,XAIOMI,2019
PRODUCTO_18,ELECTRÓNICA,PERU,SONY,2020
PRODUCTO_18,ELECTRÓNICA,PERU,XIAOM,2021
PRODUCTO_18,ELECTRÓNICA,PERU,HPP,2022
PRODUCTO_18,ELECTRÓNICA,PERRU,HUAWEI,2023
PRODUCTO_18,ELECTRÓNICA,PERU,HP,2024
PRODUCTO_18,ELECTRÓNICA,COLOMBIA,APLLE,2018
PRODUCTO_18,ELECTRÓNICA,COOMBIA,LG,2019
PRODUCTO_18,ELECTRÓNICA,COLOMBI,SAMSUNG,2020
PRODUCTO_18,ELECTRÓNICA,COLOMBIZ,HP,2021
PRODUCTO_18,ELECTRÓNICA,COLOMBIA,HUAWEI,2022
PRODUCTO_18,ELECTRÓNICA,COLOMBIA,DELL,2023
PRODUCTO_18,ELECTRÓNICA,COLOMBIA,DELL,2024
PRODUCTO_18,ELECTRÓNICA,MEXICO,LG,2018
PRODUCTO_18,ELECTRÓNICA,MEXICO,DELL,2019
PRODUCTO_18,ELECTRÓNICA,MEXICO,SONY,2020
PRODUCTO_18,ELECTRÓNICA,MEXICO,HUAWEI,2021
PRODUCTO_18,ELECTRÓNICA,MEXICO,HHP,2022
PRODUCTO_18,ELECTRÓNICA,JEXICO,SAMSNG,2023
PRODUCTO_18,ELECTRÓNICA,MEXIO,APPLE,2024
PRODUCTO_18,ELECTRÓNICA,ARGENTINA,SAMSUNG,2018
PRODUCTO_18,ELECTRÓNICA,ARGEENTINA,HL,2019
PRODUCTO_18,ELECTRÓNICA,ARGENTINA,SAMSUNG,2020
PRODUCTO_18,ELECTRÓNICA,ARGENTIA,LG,2021
PRODUCTO_18,ELECTRÓNICA,RGENTINA,SONY,2022
PRODUCTO_18,ELECTRÓNICA,ARGNTINA,SAMSUN,2023
PRODUCTO_18,ELECTRÓNICA,ARGENTINA,XIAOMI,2024
PRODUCTO_18,ELECTRÓNICA,BRASIL,SONY,2018
PRODUCTO_18,ELECTRÓNICA,BARSIL,HUAWE,2019
PRODUCTO_18,ELECTRÓNICA,BRASIL,XIAOMI,2020
PRODUCTO_18,ELECTRÓNICA,BRASIL,XIAOMI,2021
PRODUCTO_18,ELECTRÓNICA,BRASLI,SAMSUNG,2022
PRODUCTO_18,ELECTRÓNICA,BRASIL,LG,2023
PRODUCTO_18,ELECTRÓNICA,BRASLI,SONY,2024
PRODUCTO_19,JUGUETERÍA,CHILE,LG,2018
PRODUCTO_19,JUGUETERÍA,CHILE,LG,2019
PRODUCTO_19,JUGUETERÍA,CHILE,DELL,2020
PRODUCTO_19,JUGUETERÍA,CHILE,SONY,2021
PRODUCTO_19,JUGUETERÍA,CIHLE,LG,2022
PRODUCTO_19,JUGUETERÍA,CHILE,SONI,2023
PRODUCTO_19,JUGUETERÍA,CHILE,APPLE,2024
PRODUCTO_19,JUGUETERÍA,PERU,HP,2018
PRODUCTO_19,JUGUETERÍA,PERU,HUAWEI,2019
PRODUCTO_19,JUGUETERÍA,PERU,ONY,2020
PRODUCTO_19,JUGUETERÍA,PRU,SONY,2021
PRODUCTO_19,JUGUETERÍA,PERU,LG,2022
PRODUCTO_19,JUGUETERÍA,PERU,HUAWEI,2023
PRODUCTO_19,JUGUETERÍA,PERU,APPLE,2024
PRODUCTO_19,JUGUETERÍA,COLOMBIA,APPLE,2018
PRODUCTO_19,JUGUETERÍA,COLOMBIA,LG,2019
PRODUCTO_19,JUGUETERÍA,COLOMBIA,SAMSUGN,2020
PRODUCTO_19,JUGUETERÍA,COLOMBIA,HHAWEI,2021
PRODUCTO_19,JUGUETERÍA,COLOMBIA,L,2022
PRODUCTO_19,JUGUETERÍA,COLOMBJA,DELL,2023
PRODUCTO_19,JUGUETERÍA,COLOMBIA,SAMSUNG,2024
PRODUCTO_19,JUGUETERÍA,MEXICO,SONY,2018
PRODUCTO_19,JUGUETERÍA,MEXICO,HP,2019
PRODUCTO_19,JUGUETERÍA,MEXICO,HUAWEI,2020
PRODUCTO_19,JUGUETERÍA,MEXIO,APPLD,2021
PRODUCTO_19,JUGUETERÍA,MEXICO,SANSUNG,2022
PRODUCTO_19,JUGUETERÍA,MEXICO,SAMSUNG,2023
PRODUCTO_19,JUGUETERÍA,MEXICO,SAMSUNG,2024
PRODUCTO_19,JUGUETERÍA,ARGENTINA,APPEL,2018
PRODUCTO_19,JUGUETERÍA,ARGENTINA,AAMSUNG,2019
PRODUCTO_19,JUGUETERÍA,ARGENTINA,XIAOMI,2020
PRODUCTO_19,JUGUETERÍA,ARGENTINA,HUAWEI,2021
PRODUCTO_19,JUGUETERÍA,ARGENITNA,SANSUNG,2022
PRODUCTO_19,JUGUETERÍA,ARGENTINA,HL,2023
PRODUCTO_19,JUGUETERÍA,ARGENTINA,APPLLE,2024
PRODUCTO_19,JUGUETERÍA,BRSAIL,DLL,2018
PRODUCTO_19,JUGUETERÍA,BRASIL,SAMSUNG,2019
PRODUCTO_19,JUGUETERÍA,BRSIL,HP,2020
PRODUCTO_19,JUGUETERÍA,BRASIL,LG,2021
PRODUCTO_19,JUGUETERÍA,BASIL,HP,2022
PRODUCTO_19,JUGUETERÍA,BRASIL,LG,2023
PRODUCTO_19,JUGUETERÍA,BRASIL,HP,2024
PRODUCTO_20,COMPUTACIÓN,CHILE,APPLE,2018
PRODUCTO_20,COMPUTACIÓN,CHILE,DELL,2019
PRODUCTO_20,COMPUTACIÓN,CHILE,SONY,2020
PRODUCTO_20,COMPUTACIÓN,CHILE,LG,2021
PRODUCTO_20,COMPUTACIÓN,CHILE,APPE,2022
PRODUCTO_20,COMPUTACIÓN,CHLE,SONY,2023
PRODUCTO_20,COMPUTACIÓN,CHLE,SAMSUNG,2024
PRODUCTO_20,COMPUTACIÓN,PERU,SONY,2018
PRODUCTO_20,COMPUTACIÓN,PERU,GL,2019
PRODUCTO_20,COMPUTACIÓN,PERU,SSONY,2020
PRODUCTO_20,COMPUTACIÓN,PERU,DELL,2021
PRODUCTO_20,COMPUTACIÓN,PERU,HP,2022
PRODUCTO_20,COMPUTACIÓN,PERU,APPLE,2023
PRODUCTO_20,COMPUTACIÓN,PPERU,HUAWEI,2024
PRODUCTO_20,COMPUTACIÓN,OCLOMBIA,SAMSUNG,2018
PRODUCTO_20,COMPUTACIÓN,COLOMBIA,DEL,2019
PRODUCTO_20,COMPUTACIÓN,COLOMIA,HUAWEI,2020
PRODUCTO_20,COMPUTACIÓN,COLOMBIA,DEOL,2021
PRODUCTO_20,COMPUTACIÓN,COLMOBIA,DELL,2022
PRODUCTO_20,COMPUTACIÓN,COLOMBIA,PH,2023
PRODUCTO_20,COMPUTACIÓN,COLOMBIA,HHP,2024
PRODUCTO_20,COMPUTACIÓN,MEXIOC,SAMMSUNG,2018
PRODUCTO_20,COMPUTACIÓN,MEXICCO,HUAWEI,2019
PRODUCTO_20,COMPUTACIÓN,MEXICO,SONI,2020
PRODUCTO_20,COMPUTACIÓN,MXEICO,HUAWE,2021
PRODUCTO_20,COMPUTACIÓN,MEEXICO,PH,2022
PRODUCTO_20,COMPUTACIÓN,MEXICO,XIAOMI,2023
PRODUCTO_20,COMPUTACIÓN,EMXICO,APPLE,2024
PRODUCTO_20,COMPUTACIÓN,ARGENTTINA,HUAWEI,2018
PRODUCTO_20,COMPUTACIÓN,ARGENTNA,XIAOMI,2019
PRODUCTO_20,COMPUTACIÓN,ARGENTINA,HP,2020
PRODUCTO_20,COMPUTACIÓN,ARGENTINA,XIAOMI,2021
PRODUCTO_20,COMPUTACIÓN,ARGENTINA,LG,2022
PRODUCTO_20,COMPUTACIÓN,ARGENTINA,HUAWEI,2023
PRODUCTO_20,COMPUTACIÓN,ARGENTINA,APPLE,2024
PRODUCTO_20,COMPUTACIÓN,BRSAIL,SONY,2018
PRODUCTO_20,COMPUTACIÓN,BRASIL,XAIOMI,2019
PRODUCTO_20,COMPUTACIÓN,BRASIL,OSNY,2020
PRODUCTO_20,COMPUTACIÓN,BRASIL,APPLE,2021
PRODUCTO_20,COMPUTACIÓN,BRASIL,DELL,2022
PRODUCTO_20,COMPUTACIÓN,BRASIIL,HUAWEI,2023
PRODUCTO_20,COMPUTACIÓN,BRASIL,XIAOMI,2024
PRODUCTO_21,HOGAR,CHLE,HP,2018
PRODUCTO_21,HOGAR,CHILE,APPLE,2019
PRODUCTO_21,HOGAR,CHILE,XIAOMI,2020
PRODUCTO_21,HOGAR,CHILE,HP,2021
PRODUCTO_21,HOGAR,CILE,APPEL,2022
PRODUCTO_21,HOGAR,CHILE,HUAWEI,2023
PRODUCTO_21,HOGAR,CHILE,LG,2024
PRODUCTO_21,HOGAR,PERU,XIAOMI,2018
PRODUCTO_21,HOGAR,PERRU,APPLE,2019
PRODUCTO_21,HOGAR,PREU,XIAOMI,2020
PRODUCTO_21,HOGAR,PERU,DEL,2021
PRODUCTO_21,HOGAR,PERU,HUAWEI,2022
PRODUCTO_21,HOGAR,PERU,HUAWEI,2023
PRODUCTO_21,HOGAR,PERU,SONY,2024
PRODUCTO_21,HOGAR,COLOMBIA,HUAWEI,2018
PRODUCTO_21,HOGAR,COLOMBIA,HP,2019
PRODUCTO_21,HOGAR,COLOMBJA,GL,2020
PRODUCTO_21,HOGAR,COLOMBIA,SONY,2021
PRODUCTO_21,HOGAR,COLOMBIA,SAMSUNG,2022
PRODUCTO_21,HOGAR,COLOMBIA,SONY,2023
PRODUCTO_21,HOGAR,COLOMBIA,SAMSUNG,2024
PRODUCTO_21,HOGAR,MEXICO,APPLE,2018
PRODUCTO_21,HOGAR,MEXICO,APLE,2019
PRODUCTO_21,HOGAR,MEXCIO,APPKE,2020
PRODUCTO_21,HOGAR,MEXIO,HP,2021
PRODUCTO_21,HOGAR,EMXICO,XIAOMI,2022
PRODUCTO_21,HOGAR,MEXICO,SAMSUNG,2023
PRODUCTO_21,HOGAR,EXICO,APPLLE,2024
PRODUCTO_21,HOGAR,ARGENTINA,DELL,2018
PRODUCTO_21,HOGAR,RAGENTINA,HP,2019
PRODUCTO_21,HOGAR,ARGENTINA,XELL,2020
PRODUCTO_21,HOGAR,ARGENTIN,XIAAOMI,2021
PRODUCTO_21,HOGAR,ARGNTINA,XIAOMI,2022
PRODUCTO_21,HOGAR,ARGENTINA,L-G,2023
PRODUCTO_21,HOGAR,ARGENTINA,DELL,2024
PRODUCTO_21,HOGAR,BRASIL,HP,2018
PRODUCTO_21,HOGAR,BRASIK,DELL,2019
PRODUCTO_21,HOGAR,BRASIL,LG,2020
PRODUCTO_21,HOGAR,BARSIL,XIAOMI,2021
PRODUCTO_21,HOGAR,BRASIL,APPLE,2022
PRODUCTO_21,HOGAR,BRASIL,P,2023
PRODUCTO_21,HOGAR,BRASIL,DELL,2024
PRODUCTO_22,BELLEZA,CHIE,SAMSUNG,2018
PRODUCTO_22,BELLEZA,CHILE,LG,2019
PRODUCTO_22,BELLEZA,CHILE,APPLE,2020
PRODUCTO_22,BELLEZA,CHILE,SOBY,2021
PRODUCTO_22,BELLEZA,CHIOE,SONY,2022
PRODUCTO_22,BELLEZA,CHILLE,L-G,2023
PRODUCTO_22,BELLEZA,CHILE,LG,2024
PRODUCTO_22,BELLEZA,PERU,DELL,2018
PRODUCTO_22,BELLEZA,PERU,APPLE,2019
PRODUCTO_22,BELLEZA,PERU,XAIOMI,2020
PRODUCTO_22,BELLEZA,PERU,SONY,2021
PRODUCTO_22,BELLEZA,PERY,DELL,2022
PRODUCTO_22,BELLEZA,PERU,XIAOMI,2023
PRODUCTO_22,BELLEZA,PERU,APPLE,2024
PRODUCTO_22,BELLEZA,COLOMBIA,LT,2018
PRODUCTO_22,BELLEZA,COLOMBBIA,EDLL,2019
PRODUCTO_22,BELLEZA,COLOMBIA,SAMSUNG,2020
PRODUCTO_22,BELLEZA,COLOMBI,ELL,2021
PRODUCTO_22,BELLEZA,COLOBIA,HP,2022
PRODUCTO_22,BELLEZA,COLOMBIA,HP,2023
PRODUCTO_22,BELLEZA,COLOMBIA,APPLE,2024
PRODUCTO_22,BELLEZA,MEXICO,XIAOMI,2018
PRODUCTO_22,BELLEZA,MEXIO,APPLE,2019
PRODUCTO_22,BELLEZA,MEXICO,SONY,2020
PRODUCTO_22,BELLEZA,MEXCIO,SAMSUNG,2021
PRODUCTO_22,BELLEZA,MEXICO,DONY,2022
PRODUCTO_22,BELLEZA,MEXICO,UAWEI,2023
PRODUCTO_22,BELLEZA,MEXICO,HP,2024
PRODUCTO_22,BELLEZA,ARGENTINA,SAMSUUNG,2018
PRODUCTO_22,BELLEZA,ARGENTINA,HP,2019
PRODUCTO_22,BELLEZA,ARGENTINA,SAMSUUNG,2020
PRODUCTO_22,BELLEZA,ARGENTINA,HUWAEI,2021
PRODUCTO_22,BELLEZA,ARGENTINA,XIAOMI,2022
PRODUCTO_22,BELLEZA,ARGENTINA,LG,2023
PRODUCTO_22,BELLEZA,ARGENTINA,HUAWEI,2024
PRODUCTO_22,BELLEZA,BRASIL,HUAWEI,2018
PRODUCTO_22,BELLEZA,BRASIL,HHP,2019
PRODUCTO_22,BELLEZA,BRASJL,DELL,2020
PRODUCTO_22,BELLEZA,BRASIL,HUAWWEI,2021
PRODUCTO_22,BELLEZA,BRASIL,XIAOMI,2022
PRODUCTO_22,BELLEZA,BRASIL,SONY,2023
PRODUCTO_22,BELLEZA,BRASIL,XIAOOMI,2024
PRODUCTO_23,ELECTRÓNICA,CHILE,SAMSUNG,2018
PRODUCTO_23,ELECTRÓNICA,CHILE,DEL,2019
PRODUCTO_23,ELECTRÓNICA,CHILE,HP,2020
PRODUCTO_23,ELECTRÓNICA,CHILE,XIAOMI,2021
PRODUCTO_23,ELECTRÓNICA,CHILLE,APPLE,2022
PRODUCTO_23,ELECTRÓNICA,CHILE,LG,2023
PRODUCTO_23,ELECTRÓNICA,CHILE,APPLE,2024
PRODUCTO_23,ELECTRÓNICA,PERU,SAMSUNG,2018
PRODUCTO_23,ELECTRÓNICA,PEERU,HUAWEI,2019
PRODUCTO_23,ELECTRÓNICA,PEU,APPLE,2020
PRODUCTO_23,ELECTRÓNICA,PERU,OSNY,2021
PRODUCTO_23,ELECTRÓNICA,PERU,LG,2022
PRODUCTO_23,ELECTRÓNICA,PERUU,ASMSUNG,2023
PRODUCTO_23,ELECTRÓNICA,EPRU,HP,2024
PRODUCTO_23,ELECTRÓNICA,COLOMBIA,XIAOMI,2018
PRODUCTO_23,ELECTRÓNICA,COLOMBIA,DELLL,2019
PRODUCTO_23,ELECTRÓNICA,COLOMBIA,HUAEI,2020
PRODUCTO_23,ELECTRÓNICA,COLOMIA,HUAEI,2021
PRODUCTO_23,ELECTRÓNICA,COLOMBIA,HUAWEI,2022
PRODUCTO_23,ELECTRÓNICA,COLOMBIA,LG,2023
PRODUCTO_23,ELECTRÓNICA,COLOMBIA,OSNY,2024
PRODUCTO_23,ELECTRÓNICA,MEXICO,SOY,2018
PRODUCTO_23,ELECTRÓNICA,MEXICO,SANSUNG,2019
PRODUCTO_23,ELECTRÓNICA,MEXICO,XIAOMI,2020
PRODUCTO_23,ELECTRÓNICA,MEEXICO,XIAOMI,2021
PRODUCTO_23,ELECTRÓNICA,MEXICO,LG,2022
PRODUCTO_23,ELECTRÓNICA,MEXICP,XIAOMI,2023
PRODUCTO_23,ELECTRÓNICA,MEXICO,APPEL,2024
PRODUCTO_23,ELECTRÓNICA,ARGENTINA,HUAWEI,2018
PRODUCTO_23,ELECTRÓNICA,ARGENTINA,HP,2019
PRODUCTO_23,ELECTRÓNICA,ARGENTINZ,LG,2020
PRODUCTO_23,ELECTRÓNICA,ARGENTINA,XIAOMI,2021
PRODUCTO_23,ELECTRÓNICA,ARGENTINA,PH,2022
PRODUCTO_23,ELECTRÓNICA,ARGENTINA,APPLE,2023
PRODUCTO_23,ELECTRÓNICA,ARGENTINA,APPLE,2024
PRODUCTO_23,ELECTRÓNICA,BRASIL,HUAWEI,2018
PRODUCTO_23,ELECTRÓNICA,BRASIIL,XIAOMI,2019
PRODUCTO_23,ELECTRÓNICA,BRASIL,P,2020
PRODUCTO_23,ELECTRÓNICA,BRASIL,SAMSUNG,2021
PRODUCTO_23,ELECTRÓNICA,BRASIL,GL,2022
PRODUCTO_23,ELECTRÓNICA,BRASIL,DELL,2023
PRODUCTO_23,ELECTRÓNICA,BRASIL,LG,2024
PRODUCTO_24,DEPORTE,CHILE,LG,2018
PRODUCTO_24,DEPORTE,CHILE,HP,2019
PRODUCTO_24,DEPORTE,CHILLE,APPEL,2020
PRODUCTO_24,DEPORTE,CHILE,DELL,2021
PRODUCTO_24,DEPORTE,CHILE,SONY,2022
PRODUCTO_24,DEPORTE,CHILE,APPLE,2023
PRODUCTO_24,DEPORTE,CHILE,SONY,2024
PRODUCTO_24,DEPORTE,PRU,HP,2018
PRODUCTO_24,DEPORTE,PRU,XIAOMI,2019
PRODUCTO_24,DEPORTE,PERU,HP,2020
PRODUCTO_24,DEPORTE,PERU,DELL,2021
PRODUCTO_24,DEPORTE,PERU,HP,2022
PRODUCTO_24,DEPORTE,PRU,XIAOMI,2023
PRODUCTO_24,DEPORTE,PEUR,LG,2024
PRODUCTO_24,DEPORTE,COLOMBIA,SAMSUNG,2018
PRODUCTO_24,DEPORTE,COLOMBIA,LG,2019
PRODUCTO_24,DEPORTE,COLOMBIA,XIAOM,2020
PRODUCTO_24,DEPORTE,COLOMBIA,XIAOMI,2021
PRODUCTO_24,DEPORTE,COLOMBIA,SONY,2022
PRODUCTO_24,DEPORTE,COLOMBIA,LG,2023
PRODUCTO_24,DEPORTE,COLOMBIA,SAMSUNG,2024
PRODUCTO_24,DEPORTE,MEXICO,HP,2018
PRODUCTO_24,DEPORTE,MEXICCO,DELL,2019
PRODUCTO_24,DEPORTE,MEXXICO,XIAOMI,2020
PRODUCTO_24,DEPORTE,MEXICO,DELL,2021
PRODUCTO_24,DEPORTE,MEXICO,PAPLE,2022
PRODUCTO_24,DEPORTE,MEXCO,APPLE,2023
PRODUCTO_24,DEPORTE,MEXICO,HUAWEI,2024
PRODUCTO_24,DEPORTE,ARGNTINA,DELL,2018
PRODUCTO_24,DEPORTE,RGENTINA,XIAOM,2019
PRODUCTO_24,DEPORTE,ARGENTINA,DELL,2020
PRODUCTO_24,DEPORTE,ARGENTINA,HUAWEI,2021
PRODUCTO_24,DEPORTE,ARGENTINA,APPLE,2022
PRODUCTO_24,DEPORTE,ARGENTNA,SONY,2023
PRODUCTO_24,DEPORTE,ARGENTINA,LG,2024
PRODUCTO_24,DEPORTE,BRASIL,DELL,2018
PRODUCTO_24,DEPORTE,BRASIL,XIAOMI,2019
PRODUCTO_24,DEPORTE,BRASIL,PH,2020
PRODUCTO_24,DEPORTE,BRASIL,HP,2021
PRODUCTO_24,DEPORTE,BRSIL,SONY,2022
PRODUCTO_24,DEPORTE,BRASIL,HP,2023
PRODUCTO_24,DEPORTE,BBRASIL,APPLE,2024
PRODUCTO_25,DEPORTE,CHILE,HUAEI,2018
PRODUCTO_25,DEPORTE,CHLIE,SAMSUNG,2019
PRODUCTO_25,DEPORTE,CHILE,APPLE,2020
PRODUCTO_25,DEPORTE,CHILE,DELL,2021
PRODUCTO_25,DEPORTE,CHILE,SAMSUNG,2022
PRODUCTO_25,DEPORTE,CHILE,HUAWEI,2023
PRODUCTO_25,DEPORTE,CHIL,SSMSUNG,2024
PRODUCTO_25,DEPORTE,PERU,HUAWWI,2018
PRODUCTO_25,DEPORTE,PERU,SONY,2019
PRODUCTO_25,DEPORTE,PRU,HUAWEI,2020
PRODUCTO_25,DEPORTE,PEU,XIAOMI,2021
PRODUCTO_25,DEPORTE,PERU,SAMSUNG,2022
PRODUCTO_25,DEPORTE,PERU,DELL,2023
PRODUCTO_25,DEPORTE,PERU,DELL,2024
PRODUCTO_25,DEPORTE,COLOMBIAA,HUAWEI,2018
PRODUCTO_25,DEPORTE,COLOMIA,DEL,2019
PRODUCTO_25,DEPORTE,COLOMBIA,HUAWEI,2020
PRODUCTO_25,DEPORTE,COOOMBIA,HUAWEI,2021
PRODUCTO_25,DEPORTE,COLOMBIA,HUAWEI,2022
PRODUCTO_25,DEPORTE,COLOMIA,LG,2023
PRODUCTO_25,DEPORTE,COLMBIA,XIAOMI,2024
PRODUCTO_25,DEPORTE,MEXICO,XIAOMI,2018
PRODUCTO_25,DEPORTE,MEXICO,XIAOMI,2019
PRODUCTO_25,DEPORTE,MEXICO,IAOMI,2020
PRODUCTO_25,DEPORTE,MEXICO,APPLE,2021
PRODUCTO_25,DEPORTE,MEXICO,SONY,2022
PRODUCTO_25,DEPORTE,MEXICO,HPP,2023
PRODUCTO_25,DEPORTE,MEXICO,HUAWEI,2024
PRODUCTO_25,DEPORTE,ARGENTINA,LG,2018
PRODUCTO_25,DEPORTE,AGENTINA,SANSUNG,2019
PRODUCTO_25,DEPORTE,ARGENTINA,LGG,2020
PRODUCTO_25,DEPORTE,ARGENTINA,LG,2021
PRODUCTO_25,DEPORTE,ARGENTINA,SONY,2022
PRODUCTO_25,DEPORTE,ARGENTINA,LG,2023
PRODUCTO_25,DEPORTE,ARGENTINA,HP,2024
PRODUCTO_25,DEPORTE,BRSIL,SAMSUNG,2018
PRODUCTO_25,DEPORTE,BRASIL,DLL,2019
PRODUCTO_25,DEPORTE,BRASIL,HP,2020
PRODUCTO_25,DEPORTE,BRASIO,HPP,2021
PRODUCTO_25,DEPORTE,BRASIL,HP,2022
PRODUCTO_25,DEPORTE,BRASIL,APPE,2023
PRODUCTO_25,DEPORTE,BRASIL,DELO,2024
PRODUCTO_26,HOGAR,HILE,SAMSUNG,2018
PRODUCTO_26,HOGAR,CHILEE,LLG,2019
PRODUCTO_26,HOGAR,CHILE,HUAWEI,2020
PRODUCTO_26,HOGAR,CHIEL,SOY,2021
PRODUCTO_26,HOGAR,CHILLE,LG,2022
PRODUCTO_26,HOGAR,CHILE,HP,2023
PRODUCTO_26,HOGAR,CHILE,HUAWEI,2024
PRODUCTO_26,HOGAR,EPRU,HHUAWEI,2018
PRODUCTO_26,HOGAR,PERU,HP,2019
PRODUCTO_26,HOGAR,EPRU,APPEL,2020
PRODUCTO_26,HOGAR,PREU,SONY,2021
PRODUCTO_26,HOGAR,PERU,APPLE,2022
PRODUCTO_26,HOGAR,PERU,DELL,2023
PRODUCTO_26,HOGAR,PERUU,SINY,2024
PRODUCTO_26,HOGAR,OCLOMBIA,APOLE,2018
PRODUCTO_26,HOGAR,COLOBMIA,SOJY,2019
PRODUCTO_26,HOGAR,COLOMBIA,SAMSUNG,2020
PRODUCTO_26,HOGAR,COLOMBIA,HUAWEI,2021
PRODUCTO_26,HOGAR,COLOMBIA,XIAOMI,2022
PRODUCTO_26,HOGAR,COLOMBIA,HP,2023
PRODUCTO_26,HOGAR,COLOMBIA,XIAOMI,2024
PRODUCTO_26,HOGAR,MEXCO,SAMSUNG,2018
PRODUCTO_26,HOGAR,MEXICO,SAMSUNG,2019
PRODUCTO_26,HOGAR,MEXICO,SAMSUNG,2020
PRODUCTO_26,HOGAR,MEXICO,PH,2021
PRODUCTO_26,HOGAR,MXICO,XIAOMMI,2022
PRODUCTO_26,HOGAR,MEXICO,SAMSUHG,2023
PRODUCTO_26,HOGAR,MEXICO,XIAOMI,2024
PRODUCTO_26,HOGAR,ARGENTINA,HUAWEI,2018
PRODUCTO_26,HOGAR,ARGENTINA,APPLE,2019
PRODUCTO_26,HOGAR,ARGENTINA,DELL,2020
PRODUCTO_26,HOGAR,ARGENTINA,HUAWEI,2021
PRODUCTO_26,HOGAR,ARGENTJNA,DELL,2022
PRODUCTO_26,HOGAR,ARGSNTINA,HP,2023
PRODUCTO_26,HOGAR,ARGENTINA,HHAWEI,2024
PRODUCTO_26,HOGAR,BRASIL,H,2018
PRODUCTO_26,HOGAR,BRASIL,DELLL,2019
PRODUCTO_26,HOGAR,BRASIL,P,2020
PRODUCTO_26,HOGAR,BRASIL,LG,2021
PRODUCTO_26,HOGAR,BRASIL,SONY,2022
PRODUCTO_26,HOGAR,BRASIL,HL,2023
PRODUCTO_26,HOGAR,BRASIL,APPLE,2024
PRODUCTO_27,COMPUTACIÓN,CHIEL,APPLE,2018
PRODUCTO_27,COMPUTACIÓN,CHILE,XIAOMI,2019
PRODUCTO_27,COMPUTACIÓN,CHILE,LG,2020
PRODUCTO_27,COMPUTACIÓN,CIHLE,SAMSUHG,2021
PRODUCTO_27,COMPUTACIÓN,HILE,HPP,2022
PRODUCTO_27,COMPUTACIÓN,CHILE,SONY,2023
PRODUCTO_27,COMPUTACIÓN,CHILE,APLLE,2024
PRODUCTO_27,COMPUTACIÓN,PERU,SAMSUNG,2018
PRODUCTO_27,COMPUTACIÓN,PERU,XIAOMI,2019
PRODUCTO_27,COMPUTACIÓN,PERU,LG,2020
PRODUCTO_27,COMPUTACIÓN,PERUU,SAMSUNG,2021
PRODUCTO_27,COMPUTACIÓN,PPERU,HP,2022
PRODUCTO_27,COMPUTACIÓN,PERU,SAMSUNG,2023
PRODUCTO_27,COMPUTACIÓN,PERU,XIAOMI,2024
PRODUCTO_27,COMPUTACIÓN,COLOMBIA,APPLE,2018
PRODUCTO_27,COMPUTACIÓN,COLOMBIA,XIAOMI,2019
PRODUCTO_27,COMPUTACIÓN,COLOMBIA,DELL,2020
PRODUCTO_27,COMPUTACIÓN,COLOMBIA,HP,2021
PRODUCTO_27,COMPUTACIÓN,COLOOMBIA,APPLE,2022
PRODUCTO_27,COMPUTACIÓN,COLOMBIA,L-G,2023
PRODUCTO_27,COMPUTACIÓN,COLOMBIA,SONY,2024
PRODUCTO_27,COMPUTACIÓN,MEXICO,DELL,2018
PRODUCTO_27,COMPUTACIÓN,MEXICO,SONY,2019
PRODUCTO_27,COMPUTACIÓN,MEXICO,APLPE,2020
PRODUCTO_27,COMPUTACIÓN,MEXICO,LG,2021
PRODUCTO_27,COMPUTACIÓN,MEXIO,APPLE,2022
PRODUCTO_27,COMPUTACIÓN,JEXICO,APPLE,2023
PRODUCTO_27,COMPUTACIÓN,MEXIO,XIAOMMI,2024
PRODUCTO_27,COMPUTACIÓN,ARGENTINA,APPPLE,2018
PRODUCTO_27,COMPUTACIÓN,ARGENTINA,XIAOMI,2019
PRODUCTO_27,COMPUTACIÓN,ARGENTINA,HUAWEI,2020
PRODUCTO_27,COMPUTACIÓN,ARGENTINA,LG,2021
PRODUCTO_27,COMPUTACIÓN,AGENTINA,XIOAMI,2022
PRODUCTO_27,COMPUTACIÓN,SRGENTINA,HP,2023
PRODUCTO_27,COMPUTACIÓN,ARGENTINA,XAIOMI,2024
PRODUCTO_27,COMPUTACIÓN,BRASIL,SONY,2018
PRODUCTO_27,COMPUTACIÓN,BRASIL,LY,2019
PRODUCTO_27,COMPUTACIÓN,BRASIK,HUAAWEI,2020
PRODUCTO_27,COMPUTACIÓN,BRASILL,DELL,2021
PRODUCTO_27,COMPUTACIÓN,BRSIL,XONY,2022
PRODUCTO_27,COMPUTACIÓN,BRASIL,APPLLE,2023
PRODUCTO_27,COMPUTACIÓN,BRASIL,XAIOMI,2024
PRODUCTO_28,ELECTRÓNICA,CHHILE,XIAOMI,2018
PRODUCTO_28,ELECTRÓNICA,CHLE,XIAOMI,2019
PRODUCTO_28,ELECTRÓNICA,CHILE,XIAOMI,2020
PRODUCTO_28,ELECTRÓNICA,CHILE,LG,2021
PRODUCTO_28,ELECTRÓNICA,CHILE,HUAEWI,2022
PRODUCTO_28,ELECTRÓNICA,CHILE,XIAOMII,2023
PRODUCTO_28,ELECTRÓNICA,CHILE,XIAOMI,2024
PRODUCTO_28,ELECTRÓNICA,PERU,SAMWUNG,2018
PRODUCTO_28,ELECTRÓNICA,PRU,SONY,2019
PRODUCTO_28,ELECTRÓNICA,PERU,APPLE,2020
PRODUCTO_28,ELECTRÓNICA,PERU,HP,2021
PRODUCTO_28,ELECTRÓNICA,PERU,LG,2022
PRODUCTO_28,ELECTRÓNICA,PERU,HP,2023
PRODUCTO_28,ELECTRÓNICA,PERU,HP,2024
PRODUCTO_28,ELECTRÓNICA,COLOMBIA,SONNY,2018
PRODUCTO_28,ELECTRÓNICA,COLOMBIA,DELL,2019
PRODUCTO_28,ELECTRÓNICA,COLOMBIA,HP,2020
PRODUCTO_28,ELECTRÓNICA,COLOMBIA,GL,2021
PRODUCTO_28,ELECTRÓNICA,COLOMBIIA,XIAOMI,2022
PRODUCTO_28,ELECTRÓNICA,COLOMBIA,SONY,2023
PRODUCTO_28,ELECTRÓNICA,COLOMBIA,HP,2024
PRODUCTO_28,ELECTRÓNICA,MEXICO,APPLE,2018
PRODUCTO_28,ELECTRÓNICA,MEXICO,DELL,2019
PRODUCTO_28,ELECTRÓNICA,MEXICO,SAMSUNG,2020
PRODUCTO_28,ELECTRÓNICA,MEXICO,SONI,2021
PRODUCTO_28,ELECTRÓNICA,MEXIC,EDLL,2022
PRODUCTO_28,ELECTRÓNICA,MEXICO,IXAOMI,2023
PRODUCTO_28,ELECTRÓNICA,MEXICO,XIAOJI,2024
PRODUCTO_28,ELECTRÓNICA,ARGENTINA,DELLL,2018
PRODUCTO_28,ELECTRÓNICA,ARGENTINA,XIOAMI,2019
PRODUCTO_28,ELECTRÓNICA,ARGENTINA,HP,2020
PRODUCTO_28,ELECTRÓNICA,ARGENTINA,L,2021
PRODUCTO_28,ELECTRÓNICA,ARGNTINA,ZPPLE,2022
PRODUCTO_28,ELECTRÓNICA,ARGENTINA,APPLE,2023
PRODUCTO_28,ELECTRÓNICA,ARGEENTINA,LG,2024
PRODUCTO_28,ELECTRÓNICA,BRASIL,SAMSUNG,2018
PRODUCTO_28,ELECTRÓNICA,BRASIL,DELL,2019
PRODUCTO_28,ELECTRÓNICA,BRAIL,XIOMI,2020
PRODUCTO_28,ELECTRÓNICA,BRSIL,HUAWEI,2021
PRODUCTO_28,ELECTRÓNICA,BRASIL,APPLE,2022
PRODUCTO_28,ELECTRÓNICA,BRASIL,SAMSUNG,2023
PRODUCTO_28,ELECTRÓNICA,BRASIL,LG,2024
PRODUCTO_29,COMPUTACIÓN,CHIE,SAMSUNG,2018
PRODUCTO_29,COMPUTACIÓN,CHILE,XIAOMI,2019
PRODUCTO_29,COMPUTACIÓN,CHILE,HP,2020
PRODUCTO_29,COMPUTACIÓN,CHILE,SONY,2021
PRODUCTO_29,COMPUTACIÓN,CHILE,XIAOMI,2022
PRODUCTO_29,COMPUTACIÓN,CHILE,XIAOMI,2023
PRODUCTO_29,COMPUTACIÓN,CHILE,SAMSUNG,2024
PRODUCTO_29,COMPUTACIÓN,PERU,DELL,2018
PRODUCTO_29,COMPUTACIÓN,PERU,XIAOMI,2019
PRODUCTO_29,COMPUTACIÓN,PERU,XIAOMI,2020
PRODUCTO_29,COMPUTACIÓN,PERU,APPLE,2021
PRODUCTO_29,COMPUTACIÓN,PERU,SAMSUN,2022
PRODUCTO_29,COMPUTACIÓN,PERU,HP,2023
PRODUCTO_29,COMPUTACIÓN,PERU,SANSUNG,2024
PRODUCTO_29,COMPUTACIÓN,COLOMIA,HP,2018
PRODUCTO_29,COMPUTACIÓN,COLOMBIA,APPLE,2019
PRODUCTO_29,COMPUTACIÓN,COLOMBIA,XIAOMI,2020
PRODUCTO_29,COMPUTACIÓN,COLOMBIA,HP,2021
PRODUCTO_29,COMPUTACIÓN,COLOMBIA,SONY,2022
PRODUCTO_29,COMPUTACIÓN,COLOMBIA,APPLE,2023
PRODUCTO_29,COMPUTACIÓN,COLOBMIA,HP,2024
PRODUCTO_29,COMPUTACIÓN,MEXCO,HUAWEI,2018
PRODUCTO_29,COMPUTACIÓN,MEXICO,SONY,2019
PRODUCTO_29,COMPUTACIÓN,MEXICO,LG,2020
PRODUCTO_29,COMPUTACIÓN,MEXICO,DEELL,2021
PRODUCTO_29,COMPUTACIÓN,MEXICO,XAIOMI,2022
PRODUCTO_29,COMPUTACIÓN,MEXCO,APPLE,2023
PRODUCTO_29,COMPUTACIÓN,MEXICO,DELLL,2024
PRODUCTO_29,COMPUTACIÓN,ARGENTINA,DELL,2018
PRODUCTO_29,COMPUTACIÓN,ARENTINA,HAUWEI,2019
PRODUCTO_29,COMPUTACIÓN,ARGENTINA,HUAWEI,2020
PRODUCTO_29,COMPUTACIÓN,ARGENTINA,HP,2021
PRODUCTO_29,COMPUTACIÓN,ARGENTINA,GL,2022
PRODUCTO_29,COMPUTACIÓN,ARGENTINA,L,2023
PRODUCTO_29,COMPUTACIÓN,ARGENTINA,APPLE,2024
PRODUCTO_29,COMPUTACIÓN,BRASIL,PPLE,2018
PRODUCTO_29,COMPUTACIÓN,BRASSIL,LG,2019
PRODUCTO_29,COMPUTACIÓN,BRASIL,XIAOMI,2020
PRODUCTO_29,COMPUTACIÓN,BRASIL,SAMSUNG,2021
PRODUCTO_29,COMPUTACIÓN,BRASIL,APPLE,2022
PRODUCTO_29,COMPUTACIÓN,BRASIL,HUAWEI,2023
PRODUCTO_29,COMPUTACIÓN,BRASIL,SAMSUNG,2024
PRODUCTO_30,HOGAR,CHILE,SAMSUNG,2018
PRODUCTO_30,HOGAR,CHILE,SONY,2019
PRODUCTO_30,HOGAR,CHILE,APPLE,2020
PRODUCTO_30,HOGAR,CHILE,LG,2021
PRODUCTO_30,HOGAR,CHILE,SONY,2022
PRODUCTO_30,HOGAR,CHILE,SAMSUNG,2023
PRODUCTO_30,HOGAR,CHILE,LG,2024
PRODUCTO_30,HOGAR,PERUU,SAMSUNG,2018
PRODUCTO_30,HOGAR,PERU,DELL,2019
PRODUCTO_30,HOGAR,PERU,GL,2020
PRODUCTO_30,HOGAR,PERU,HUAWEI,2021
PRODUCTO_30,HOGAR,PERU,DELL,2022
PRODUCTO_30,HOGAR,PERU,DELL,2023
PRODUCTO_30,HOGAR,PERU,XIAOMI,2024
PRODUCTO_30,HOGAR,COKOMBIA,DELL,2018
PRODUCTO_30,HOGAR,COLOMBIA,APPLE,2019
PRODUCTO_30,HOGAR,COOMBIA,XIAOMI,2020
PRODUCTO_30,HOGAR,COLOMBIA,LG,2021
PRODUCTO_30,HOGAR,COLOMBIA,SAMSUNG,2022
PRODUCTO_30,HOGAR,CCOLOMBIA,XIAOMI,2023
PRODUCTO_30,HOGAR,COLOMBIA,SAMSUNG,2024
PRODUCTO_30,HOGAR,MEXICO,SAMSUNG,2018
PRODUCTO_30,HOGAR,MEXICO,HP,2019
PRODUCTO_30,HOGAR,MEXCO,PG,2020
PRODUCTO_30,HOGAR,MEXICO,XIAOMI,2021
PRODUCTO_30,HOGAR,MEXICO,SONY,2022
PRODUCTO_30,HOGAR,MEXICO,HP,2023
PRODUCTO_30,HOGAR,MEXICO,XAIOMI,2024
PRODUCTO_30,HOGAR,ARGENTINA,LG,2018
PRODUCTO_30,HOGAR,ARGENTINA,SONY,2019
PRODUCTO_30,HOGAR,ARGENTINA,APPLE,2020
PRODUCTO_30,HOGAR,ARGENTINA,APPLE,2021
PRODUCTO_30,HOGAR,ARRGENTINA,APPLE,2022
PRODUCTO_30,HOGAR,ARGENTINA,SONY,2023
PRODUCTO_30,HOGAR,WRGENTINA,HP,2024
PRODUCTO_30,HOGAR,BRASIL,SONY,2018
PRODUCTO_30,HOGAR,BRASIL,HUAWEI,2019
PRODUCTO_30,HOGAR,BRASIL,HUAWEI,2020
PRODUCTO_30,HOGAR,BRASIL,HUAWEI,2021
PRODUCTO_30,HOGAR,BRASIL,DELL,2022
PRODUCTO_30,HOGAR,BRSAIL,SONY,2023
PRODUCTO_30,HOGAR,BRASIL,HUAWEEI,2024
PRODUCTO_31,DEPORTE,CHILE,L-G,2018
PRODUCTO_31,DEPORTE,CHKLE,HP,2019
PRODUCTO_31,DEPORTE,CHHILE,APPLE,2020
PRODUCTO_31,DEPORTE,CHILE,SAMSUNNG,2021
PRODUCTO_31,DEPORTE,HCILE,XIAOMI,2022
PRODUCTO_31,DEPORTE,CHILE,HP,2023
PRODUCTO_31,DEPORTE,CHILE,DELL,2024
PRODUCTO_31,DEPORTE,PERUU,XIAOMI,2018
PRODUCTO_31,DEPORTE,PERU,HP,2019
PRODUCTO_31,DEPORTE,PERU,APPLE,2020
PRODUCTO_31,DEPORTE,PERU,APPLE,2021
PRODUCTO_31,DEPORTE,PERU,HUAWEI,2022
PRODUCTO_31,DEPORTE,PERU,HUAWEI,2023
PRODUCTO_31,DEPORTE,PERUU,APPLE,2024
PRODUCTO_31,DEPORTE,COLOMBIA,LG,2018
PRODUCTO_31,DEPORTE,COLOMIA,XIAOMI,2019
PRODUCTO_31,DEPORTE,COLOMBIA,APPLE,2020
PRODUCTO_31,DEPORTE,COLOMBIA,XIAOMI,2021
PRODUCTO_31,DEPORTE,COLOMBIA,APPLE,2022
PRODUCTO_31,DEPORTE,COLOMBIA,LG,2023
PRODUCTO_31,DEPORTE,COLOMBIA,DELL,2024
PRODUCTO_31,DEPORTE,MEXICO,HUAWEI,2018
PRODUCTO_31,DEPORTE,MEXICO,APPLE,2019
PRODUCTO_31,DEPORTE,MEXICO,HUAWE,2020
PRODUCTO_31,DEPORTE,MEXICO,LG,2021
PRODUCTO_31,DEPORTE,MEXICO,HUAWEI,2022
PRODUCTO_31,DEPORTE,MEXICO,DEL,2023
PRODUCTO_31,DEPORTE,MEXIICO,SAMSUNG,2024
PRODUCTO_31,DEPORTE,ARGENTINA,SONY,2018
PRODUCTO_31,DEPORTE,ARGNTINA,LG,2019
PRODUCTO_31,DEPORTE,ARGENTINA,LG,2020
PRODUCTO_31,DEPORTE,ARGENTINA,APPEL,2021
PRODUCTO_31,DEPORTE,ARGENTINA,SAMSUNG,2022
PRODUCTO_31,DEPORTE,ARGENTINA,HUAWEI,2023
PRODUCTO_31,DEPORTE,ARGNTINA,LLG,2024
PRODUCTO_31,DEPORTE,BRASIL,XIAOMI,2018
PRODUCTO_31,DEPORTE,BRASIL,HUAWEI,2019
PRODUCTO_31,DEPORTE,RBASIL,APPLE,2020
PRODUCTO_31,DEPORTE,BRASIL,SAMSUNG,2021
PRODUCTO_31,DEPORTE,BRASIL,HPP,2022
PRODUCTO_31,DEPORTE,BRASIL,APPLE,2023
PRODUCTO_31,DEPORTE,BRASIL,SONY,2024
PRODUCTO_32,COMPUTACIÓN,CHILE,XONY,2018
PRODUCTO_32,COMPUTACIÓN,CHILE,SAMSUNG,2019
PRODUCTO_32,COMPUTACIÓN,CHLIE,LG,2020
PRODUCTO_32,COMPUTACIÓN,CHILE,WPPLE,2021
PRODUCTO_32,COMPUTACIÓN,CHILE,HP,2022
PRODUCTO_32,COMPUTACIÓN,CHLE,XAIOMI,2023
PRODUCTO_32,COMPUTACIÓN,CHILE,LG,2024
PRODUCTO_32,COMPUTACIÓN,PEU,DELL,2018
PRODUCTO_32,COMPUTACIÓN,PERU,HP,2019
PRODUCTO_32,COMPUTACIÓN,PERU,DELL,2020
PRODUCTO_32,COMPUTACIÓN,PER,XIAOMI,2021
PRODUCTO_32,COMPUTACIÓN,PERU,APPLE,2022
PRODUCTO_32,COMPUTACIÓN,PERU,GL,2023
PRODUCTO_32,COMPUTACIÓN,PERU,DELL,2024
PRODUCTO_32,COMPUTACIÓN,COLOMBIA,APPLE,2018
PRODUCTO_32,COMPUTACIÓN,COLOBMIA,LG,2019
PRODUCTO_32,COMPUTACIÓN,COLOMBBIA,DEL,2020
PRODUCTO_32,COMPUTACIÓN,COLOMBIA,LGG,2021
PRODUCTO_32,COMPUTACIÓN,COLOMBIA,SAMSUNG,2022
PRODUCTO_32,COMPUTACIÓN,COLOMBIA,SONY,2023
PRODUCTO_32,COMPUTACIÓN,COLOMBIA,DELL,2024
PRODUCTO_32,COMPUTACIÓN,MEXICO,DEL,2018
PRODUCTO_32,COMPUTACIÓN,MEXICO,XIAOMI,2019
PRODUCTO_32,COMPUTACIÓN,MEXICO,APPLE,2020
PRODUCTO_32,COMPUTACIÓN,MEXICO,SONY,2021
PRODUCTO_32,COMPUTACIÓN,MEXICO,DELL,2022
PRODUCTO_32,COMPUTACIÓN,MEXIO,SAMSUNG,2023
PRODUCTO_32,COMPUTACIÓN,MEXICO,SAMSUNG,2024
PRODUCTO_32,COMPUTACIÓN,ARGENNTINA,SONY,2018
PRODUCTO_32,COMPUTACIÓN,ARGENITNA,AOPLE,2019
PRODUCTO_32,COMPUTACIÓN,ARGENTINA,XIAOMI,2020
PRODUCTO_32,COMPUTACIÓN,ARGENTIINA,APPLE,2021
PRODUCTO_32,COMPUTACIÓN,ARGENTIN,SAMSUNG,2022
PRODUCTO_32,COMPUTACIÓN,ARGENTINA,HP,2023
PRODUCTO_32,COMPUTACIÓN,ARGENTINA,ELL,2024
PRODUCTO_32,COMPUTACIÓN,BRASIL,SONY,2018
PRODUCTO_32,COMPUTACIÓN,BRRASIL,PH,2019
PRODUCTO_32,COMPUTACIÓN,BRASIL,HUAWEI,2020
PRODUCTO_32,COMPUTACIÓN,BRSIL,SONY,2021
PRODUCTO_32,COMPUTACIÓN,BRASIL,SONY,2022
PRODUCTO_32,COMPUTACIÓN,BRASIL,XIAAOMI,2023
PRODUCTO_32,COMPUTACIÓN,BRASIL,SONY,2024
PRODUCTO_33,AUTOMOTRIZ,CHLIE,APPLE,2018
PRODUCTO_33,AUTOMOTRIZ,CHILE,XIAOMI,2019
PRODUCTO_33,AUTOMOTRIZ,CHILE,ONY,2020
PRODUCTO_33,AUTOMOTRIZ,CHILE,HUAWEI,2021
PRODUCTO_33,AUTOMOTRIZ,CHILE,SNOY,2022
PRODUCTO_33,AUTOMOTRIZ,CHILE,DELL,2023
PRODUCTO_33,AUTOMOTRIZ,CHILE,XIAAOMI,2024
PRODUCTO_33,AUTOMOTRIZ,PRU,DELL,2018
PRODUCTO_33,AUTOMOTRIZ,PERU,XIAOMI,2019
PRODUCTO_33,AUTOMOTRIZ,PER,LG,2020
PRODUCTO_33,AUTOMOTRIZ,PERU,HP,2021
PRODUCTO_33,AUTOMOTRIZ,PERU,SAMSUUNG,2022
PRODUCTO_33,AUTOMOTRIZ,PREU,SAMSUNG,2023
PRODUCTO_33,AUTOMOTRIZ,PERJ,APPLEE,2024
PRODUCTO_33,AUTOMOTRIZ,COLOMBIA,SAMMSUNG,2018
PRODUCTO_33,AUTOMOTRIZ,COLOMIA,SAMSUNG,2019
PRODUCTO_33,AUTOMOTRIZ,COLOMBIA,APPLE,2020
PRODUCTO_33,AUTOMOTRIZ,CPLOMBIA,HP,2021
PRODUCTO_33,AUTOMOTRIZ,COLOMBIA,XIAOMI,2022
PRODUCTO_33,AUTOMOTRIZ,COLOMIA,OG,2023
PRODUCTO_33,AUTOMOTRIZ,COLOMBA,SAMSUNG,2024
PRODUCTO_33,AUTOMOTRIZ,MEXICO,LG,2018
PRODUCTO_33,AUTOMOTRIZ,MEXICO,SONY,2019
PRODUCTO_33,AUTOMOTRIZ,MEXICO,LG,2020
PRODUCTO_33,AUTOMOTRIZ,MEXICO,HUAWEI,2021
PRODUCTO_33,AUTOMOTRIZ,MEXICO,LG,2022
PRODUCTO_33,AUTOMOTRIZ,MEXIOC,SAMUSNG,2023
PRODUCTO_33,AUTOMOTRIZ,MEXCIO,SONY,2024
PRODUCTO_33,AUTOMOTRIZ,ARGENTINA,HP,2018
PRODUCTO_33,AUTOMOTRIZ,RAGENTINA,SONY,2019
PRODUCTO_33,AUTOMOTRIZ,RGENTINA,HUAWEI,2020
PRODUCTO_33,AUTOMOTRIZ,ARGENTINA,SONY,2021
PRODUCTO_33,AUTOMOTRIZ,ARGENTINA,SAMSUNY,2022
PRODUCTO_33,AUTOMOTRIZ,ARGENINA,SAMSUNG,2023
PRODUCTO_33,AUTOMOTRIZ,ARGENTINZ,APPLE,2024
PRODUCTO_33,AUTOMOTRIZ,BRASIL,APPLE,2018
PRODUCTO_33,AUTOMOTRIZ,BRAASIL,HAUWEI,2019
PRODUCTO_33,AUTOMOTRIZ,BRASIL,HP,2020
PRODUCTO_33,AUTOMOTRIZ,BRASIL,HJAWEI,2021
PRODUCTO_33,AUTOMOTRIZ,BRASIL,LT,2022
PRODUCTO_33,AUTOMOTRIZ,BRSIL,SONY,2023
PRODUCTO_33,AUTOMOTRIZ,BRQSIL,DELL,2024
PRODUCTO_34,COMPUTACIÓN,CHILE,HPP,2018
PRODUCTO_34,COMPUTACIÓN,CHIPE,LG,2019
PRODUCTO_34,COMPUTACIÓN,CHILE,DELL,2020
PRODUCTO_34,COMPUTACIÓN,CHILE,LG,2021
PRODUCTO_34,COMPUTACIÓN,CHILE,SAMSUNG,2022
PRODUCTO_34,COMPUTACIÓN,CHILEE,APPLE,2023
PRODUCTO_34,COMPUTACIÓN,CHILE,HUAWEI,2024
PRODUCTO_34,COMPUTACIÓN,PERU,SAMSUNG,2018
PRODUCTO_34,COMPUTACIÓN,PERU,LG,2019
PRODUCTO_34,COMPUTACIÓN,PERU,APPLE,2020
PRODUCTO_34,COMPUTACIÓN,PRU,SONY,2021
PRODUCTO_34,COMPUTACIÓN,PERU,APPLE,2022
PRODUCTO_34,COMPUTACIÓN,PEU,HUAWEI,2023
PRODUCTO_34,COMPUTACIÓN,PERU,LLG,2024
PRODUCTO_34,COMPUTACIÓN,COLIMBIA,XIAOMI,2018
PRODUCTO_34,COMPUTACIÓN,COLOMBIA,DELLL,2019
PRODUCTO_34,COMPUTACIÓN,COLOMBIA,HP,2020
PRODUCTO_34,COMPUTACIÓN,COLOMBIA,HP,2021
PRODUCTO_34,COMPUTACIÓN,COLOMBIA,HP,2022
PRODUCTO_34,COMPUTACIÓN,COLOMBIA,HP,2023
PRODUCTO_34,COMPUTACIÓN,COLOMBIA,APPLE,2024
PRODUCTO_34,COMPUTACIÓN,MEXICO,DELL,2018
PRODUCTO_34,COMPUTACIÓN,MEXICO,P,2019
PRODUCTO_34,COMPUTACIÓN,EMXICO,APPLE,2020
PRODUCTO_34,COMPUTACIÓN,MEXICO,DEL,2021
PRODUCTO_34,COMPUTACIÓN,MEXICO,LG,2022
PRODUCTO_34,COMPUTACIÓN,MEXCIO,APPLE,2023
PRODUCTO_34,COMPUTACIÓN,MEXICO,HUAWEI,2024
PRODUCTO_34,COMPUTACIÓN,ARGENTINAA,XXIAOMI,2018
PRODUCTO_34,COMPUTACIÓN,ARGENTINA,DELL,2019
PRODUCTO_34,COMPUTACIÓN,ARGENTINA,SONY,2020
PRODUCTO_34,COMPUTACIÓN,ARGENITNA,APPLE,2021
PRODUCTO_34,COMPUTACIÓN,ARGENTINA,HUAWE,2022
PRODUCTO_34,COMPUTACIÓN,ARGNETINA,HP,2023
PRODUCTO_34,COMPUTACIÓN,ARGENTINQ,G,2024
PRODUCTO_34,COMPUTACIÓN,BARSIL,H,2018
PRODUCTO_34,COMPUTACIÓN,BRASIL,P,2019
PRODUCTO_34,COMPUTACIÓN,RASIL,XIAOMI,2020
PRODUCTO_34,COMPUTACIÓN,BRASIL,XIAOMI,2021
PRODUCTO_34,COMPUTACIÓN,BRASIL,APPEL,2022
PRODUCTO_34,COMPUTACIÓN,BRASIL,DELL,2023
PRODUCTO_34,COMPUTACIÓN,BRASLI,APPLE,2024
PRODUCTO_35,ELECTRÓNICA,CHILE,XIAOMMI,2018
PRODUCTO_35,ELECTRÓNICA,CHILE,SONY,2019
PRODUCTO_35,ELECTRÓNICA,CHILE,APPLE,2020
PRODUCTO_35,ELECTRÓNICA,CHILE,XONY,2021
PRODUCTO_35,ELECTRÓNICA,CHILE,HP,2022
PRODUCTO_35,ELECTRÓNICA,CHJLE,HUAAWEI,2023
PRODUCTO_35,ELECTRÓNICA,CHILE,APPLE,2024
PRODUCTO_35,ELECTRÓNICA,PERU,LG,2018
PRODUCTO_35,ELECTRÓNICA,PERU,PH,2019
PRODUCTO_35,ELECTRÓNICA,PERU,APPLE,2020
PRODUCTO_35,ELECTRÓNICA,PERU,SAMSUNG,2021
PRODUCTO_35,ELECTRÓNICA,PERU,SONI,2022
PRODUCTO_35,ELECTRÓNICA,PERU,DELL,2023
PRODUCTO_35,ELECTRÓNICA,PERU,APPEL,2024
PRODUCTO_35,ELECTRÓNICA,COLOMBIA,XIAOMI,2018
PRODUCTO_35,ELECTRÓNICA,COLOMIA,XIAOMI,2019
PRODUCTO_35,ELECTRÓNICA,COLOMBIA,XIAOMI,2020
PRODUCTO_35,ELECTRÓNICA,CLOOMBIA,SONY,2021
PRODUCTO_35,ELECTRÓNICA,COLOMBIA,XIAOMI,2022
PRODUCTO_35,ELECTRÓNICA,COLOMBIA,APPLE,2023
PRODUCTO_35,ELECTRÓNICA,COLOMBIA,HUAWEI,2024
PRODUCTO_35,ELECTRÓNICA,MEXICO,SOONY,2018
PRODUCTO_35,ELECTRÓNICA,MEXICO,HPP,2019
PRODUCTO_35,ELECTRÓNICA,MEXICO,SONY,2020
PRODUCTO_35,ELECTRÓNICA,MEXICO,HP,2021
PRODUCTO_35,ELECTRÓNICA,MEXICO,SAMSUNG,2022
PRODUCTO_35,ELECTRÓNICA,MEXICO,HUAWEI,2023
PRODUCTO_35,ELECTRÓNICA,MEXICO,HL,2024
PRODUCTO_35,ELECTRÓNICA,ARGEBTINA,HUAWE,2018
PRODUCTO_35,ELECTRÓNICA,ARGENTINA,OSNY,2019
PRODUCTO_35,ELECTRÓNICA,ARGENTINA,DELL,2020
PRODUCTO_35,ELECTRÓNICA,SRGENTINA,SOYN,2021
PRODUCTO_35,ELECTRÓNICA,ARGENTINA,XIAOMI,2022
PRODUCTO_35,ELECTRÓNICA,ARGENTINA,APPKE,2023
PRODUCTO_35,ELECTRÓNICA,ARGENTINA,HUAWEI,2024
PRODUCTO_35,ELECTRÓNICA,BRASIL,G,2018
PRODUCTO_35,ELECTRÓNICA,BRASIL,HP,2019
PRODUCTO_35,ELECTRÓNICA,BRASIL,HUAWEI,2020
PRODUCTO_35,ELECTRÓNICA,BRAIL,SANSUNG,2021
PRODUCTO_35,ELECTRÓNICA,BRASIL,DELL,2022
PRODUCTO_35,ELECTRÓNICA,BRASIL,APLE,2023
PRODUCTO_35,ELECTRÓNICA,BRASI,XIAOMI,2024
PRODUCTO_36,COMPUTACIÓN,CHILE,HP,2018
PRODUCTO_36,COMPUTACIÓN,CHILE,XIAOMI,2019
PRODUCTO_36,COMPUTACIÓN,CHILE,XIAOMI,2020
PRODUCTO_36,COMPUTACIÓN,HILE,HPP,2021
PRODUCTO_36,COMPUTACIÓN,CHILE,HP,2022
PRODUCTO_36,COMPUTACIÓN,CHILEE,HP,2023
PRODUCTO_36,COMPUTACIÓN,CHILE,XAOMI,2024
PRODUCTO_36,COMPUTACIÓN,PERU,DFLL,2018
PRODUCTO_36,COMPUTACIÓN,PREU,DELL,2019
PRODUCTO_36,COMPUTACIÓN,EPRU,HP,2020
PRODUCTO_36,COMPUTACIÓN,PERU,DELL,2021
PRODUCTO_36,COMPUTACIÓN,PERU,HUAWEI,2022
PRODUCTO_36,COMPUTACIÓN,PERU,XIAOMI,2023
PRODUCTO_36,COMPUTACIÓN,PERU,SOY,2024
PRODUCTO_36,COMPUTACIÓN,COLOMBIA,APPLE,2018
PRODUCTO_36,COMPUTACIÓN,COLOMBIA,APPLE,2019
PRODUCTO_36,COMPUTACIÓN,CKLOMBIA,HUAWIE,2020
PRODUCTO_36,COMPUTACIÓN,COLOMBIA,APPLE,2021
PRODUCTO_36,COMPUTACIÓN,COLOMBIA,HUAWEI,2022
PRODUCTO_36,COMPUTACIÓN,COLOMIA,LLG,2023
PRODUCTO_36,COMPUTACIÓN,COLOMBIA,SONY,2024
PRODUCTO_36,COMPUTACIÓN,MEXICO,LG,2018
PRODUCTO_36,COMPUTACIÓN,MEXICO,APPLE,2019
PRODUCTO_36,COMPUTACIÓN,MEXIO,DEKL,2020
PRODUCTO_36,COMPUTACIÓN,MEXICO,SONY,2021
PRODUCTO_36,COMPUTACIÓN,MEXICO,SONY,2022
PRODUCTO_36,COMPUTACIÓN,MEXJCO,HP,2023
PRODUCTO_36,COMPUTACIÓN,MEXICI,HP,2024
PRODUCTO_36,COMPUTACIÓN,ARGETNINA,ALPLE,2018
PRODUCTO_36,COMPUTACIÓN,ARGENTINA,HUAWEI,2019
PRODUCTO_36,COMPUTACIÓN,ARGENTINA,DELL,2020
PRODUCTO_36,COMPUTACIÓN,ARGENTIHA,XIAPMI,2021
PRODUCTO_36,COMPUTACIÓN,RAGENTINA,LG,2022
PRODUCTO_36,COMPUTACIÓN,ARGETINA,SAMSUNG,2023
PRODUCTO_36,COMPUTACIÓN,ARGENTINA,SAMSUNG,2024
PRODUCTO_36,COMPUTACIÓN,BRAIL,SONY,2018
PRODUCTO_36,COMPUTACIÓN,BRASUL,APPLE,2019
PRODUCTO_36,COMPUTACIÓN,BARSIL,HP,2020
PRODUCTO_36,COMPUTACIÓN,BRASIL,G,2021
PRODUCTO_36,COMPUTACIÓN,BRASIL,APPLE,2022
PRODUCTO_36,COMPUTACIÓN,BRASIL,UHAWEI,2023
PRODUCTO_36,COMPUTACIÓN,BRAZIL,SANSUNG,2024
PRODUCTO_37,BELLEZA,CHILE,LG,2018
PRODUCTO_37,BELLEZA,CHILLE,HUAWEI,2019
PRODUCTO_37,BELLEZA,CHILE,HP,2020
PRODUCTO_37,BELLEZA,CHILE,HUAWE,2021
PRODUCTO_37,BELLEZA,CHILE,PAPLE,2022
PRODUCTO_37,BELLEZA,CHILE,HP,2023
PRODUCTO_37,BELLEZA,CHILE,XIAOMI,2024
PRODUCTO_37,BELLEZA,PPERU,DELL,2018
PRODUCTO_37,BELLEZA,PERU,SAMSUNG,2019
PRODUCTO_37,BELLEZA,PERU,SAMSUNG,2020
PRODUCTO_37,BELLEZA,PERU,XIAOMI,2021
PRODUCTO_37,BELLEZA,PERU,SONY,2022
PRODUCTO_37,BELLEZA,PERU,LG,2023
PRODUCTO_37,BELLEZA,PERI,APPLE,2024
PRODUCTO_37,BELLEZA,COLOMBIA,HUAWEI,2018
PRODUCTO_37,BELLEZA,COLOMBIA,HO,2019
PRODUCTO_37,BELLEZA,COLOMBBIA,XIAOIM,2020
PRODUCTO_37,BELLEZA,COLOMBIA,HP,2021
PRODUCTO_37,BELLEZA,COLOMBIA,XIAOMI,2022
PRODUCTO_37,BELLEZA,COLOMBIA,APPLE,2023
PRODUCTO_37,BELLEZA,COLOMBIA,EDLL,2024
PRODUCTO_37,BELLEZA,MEXICO,HP,2018
PRODUCTO_37,BELLEZA,MEXICO,DELL,2019
PRODUCTO_37,BELLEZA,MEXICO,XAIOMI,2020
PRODUCTO_37,BELLEZA,MEXICO,SONY,2021
PRODUCTO_37,BELLEZA,MEXICO,LG,2022
PRODUCTO_37,BELLEZA,MEXICO,SAMSUNG,2023
PRODUCTO_37,BELLEZA,MEXICO,LG,2024
PRODUCTO_37,BELLEZA,ARGENTINA,XIAOMI,2018
PRODUCTO_37,BELLEZA,ARGENTINA,APPLE,2019
PRODUCTO_37,BELLEZA,ARGENTINA,APPLE,2020
PRODUCTO_37,BELLEZA,ARGENTINA,DELL,2021
PRODUCTO_37,BELLEZA,ARGENTIN,ZONY,2022
PRODUCTO_37,BELLEZA,ARGNTINA,XIAOMI,2023
PRODUCTO_37,BELLEZA,ARGENTINA,SAMSUNG,2024
PRODUCTO_37,BELLEZA,BRASIL,DEL,2018
PRODUCTO_37,BELLEZA,BRSAIL,SNY,2019
PRODUCTO_37,BELLEZA,BRASIL,SONY,2020
PRODUCTO_37,BELLEZA,BRASIL,DLL,2021
PRODUCTO_37,BELLEZA,BRASIL,HP,2022
PRODUCTO_37,BELLEZA,BRASIL,LG,2023
PRODUCTO_37,BELLEZA,BRASIL,LH,2024
PRODUCTO_38,BELLEZA,CILE,HUAWEI,2018
PRODUCTO_38,BELLEZA,CHILE,LG,2019
PRODUCTO_38,BELLEZA,CHILR,SONY,2020
PRODUCTO_38,BELLEZA,CHILE,APPLE,2021
PRODUCTO_38,BELLEZA,CHILE,SONY,2022
PRODUCTO_38,BELLEZA,CHIPE,DELL,2023
PRODUCTO_38,BELLEZA,CHILE,HUAWEI,2024
PRODUCTO_38,BELLEZA,PERU,SANSUNG,2018
PRODUCTO_38,BELLEZA,PERU,XIAOMI,2019
PRODUCTO_38,BELLEZA,PERU,HUAWEI,2020
PRODUCTO_38,BELLEZA,PERU,ELL,2021
PRODUCTO_38,BELLEZA,PERU,XIAOMI,2022
PRODUCTO_38,BELLEZA,PERRU,EELL,2023
PRODUCTO_38,BELLEZA,PERU,HUAWEI,2024
PRODUCTO_38,BELLEZA,COLOMBIA,HUAWEI,2018
PRODUCTO_38,BELLEZA,COLOMBIA,PH,2019
PRODUCTO_38,BELLEZA,COLOMBIIA,SONY,2020
PRODUCTO_38,BELLEZA,COLOMBIA,HHUAWEI,2021
PRODUCTO_38,BELLEZA,COLOMBIA,APPLE,2022
PRODUCTO_38,BELLEZA,COLOMBIA,SONY,2023
PRODUCTO_38,BELLEZA,COLOMMBIA,HUAWEI,2024
PRODUCTO_38,BELLEZA,MEXICO,APPLE,2018
PRODUCTO_38,BELLEZA,MEXICO,XIAOMI,2019
PRODUCTO_38,BELLEZA,MEXICO,HO,2020
PRODUCTO_38,BELLEZA,MSXICO,HP,2021
PRODUCTO_38,BELLEZA,MEXICO,HP,2022
PRODUCTO_38,BELLEZA,MEXICO,GL,2023
PRODUCTO_38,BELLEZA,MEXICO,SAMSUNG,2024
PRODUCTO_38,BELLEZA,ARGENTINA,SONY,2018
PRODUCTO_38,BELLEZA,ARGENTINAA,APPLE,2019
PRODUCTO_38,BELLEZA,AREGNTINA,APPLE,2020
PRODUCTO_38,BELLEZA,ARGENTINA,HUAWEI,2021
PRODUCTO_38,BELLEZA,ARGENTINA,HUAWEI,2022
PRODUCTO_38,BELLEZA,ARGENTINA,HP,2023
PRODUCTO_38,BELLEZA,ARGENTIA,HP,2024
PRODUCTO_38,BELLEZA,BRASIIL,SONY,2018
PRODUCTO_38,BELLEZA,BRASIL,HP,2019
PRODUCTO_38,BELLEZA,BRASIL,XIAOMI,2020
PRODUCTO_38,BELLEZA,BRSIL,SAMMSUNG,2021
PRODUCTO_38,BELLEZA,BRASIL,SAMSUNG,2022
PRODUCTO_38,BELLEZA,BRASIL,HUAWEI,2023
PRODUCTO_38,BELLEZA,BRASIL,APPLE,2024
PRODUCTO_39,HOGAR,CHILE,DELL,2018
PRODUCTO_39,HOGAR,CHILE,LG,2019
PRODUCTO_39,HOGAR,CHILE,PPLE,2020
PRODUCTO_39,HOGAR,CHILE,LG,2021
PRODUCTO_39,HOGAR,CHILE,XIAOMI,2022
PRODUCTO_39,HOGAR,CHILE,HP,2023
PRODUCTO_39,HOGAR,CHLE,XIAOMI,2024
PRODUCTO_39,HOGAR,PERU,DEELL,2018
PRODUCTO_39,HOGAR,PERU,DELL,2019
PRODUCTO_39,HOGAR,PERU,HUAWEI,2020
PRODUCTO_39,HOGAR,PERU,DELL,2021
PRODUCTO_39,HOGAR,PERU,HP,2022
PRODUCTO_39,HOGAR,PERU,HP,2023
PRODUCTO_39,HOGAR,PRU,APPLE,2024
PRODUCTO_39,HOGAR,COLOMBIA,SONY,2018
PRODUCTO_39,HOGAR,COLOMBIA,APPLE,2019
PRODUCTO_39,HOGAR,COLOOMBIA,SONY,2020
PRODUCTO_39,HOGAR,COLOMBIA,SAMSUNG,2021
PRODUCTO_39,HOGAR,COLOMBIA,SONY,2022
PRODUCTO_39,HOGAR,COLOMBIA,APPLE,2023
PRODUCTO_39,HOGAR,COOMBIA,SAMSUNG,2024
PRODUCTO_39,HOGAR,MEICO,APPLE,2018
PRODUCTO_39,HOGAR,MEXIO,L,2019
PRODUCTO_39,HOGAR,MEXICO,SAMSUNG,2020
PRODUCTO_39,HOGAR,MEXICO,DELL,2021
PRODUCTO_39,HOGAR,MEXICO,SAMSUNG,2022
PRODUCTO_39,HOGAR,MEXIO,SNY,2023
PRODUCTO_39,HOGAR,MEXICO,XIAOMI,2024
PRODUCTO_39,HOGAR,ARGENTIHA,SAMSUNG,2018
PRODUCTO_39,HOGAR,ARGENTINA,APPLE,2019
PRODUCTO_39,HOGAR,ARGENTINA,HUAWEEI,2020
PRODUCTO_39,HOGAR,ARGENTINA,LG,2021
PRODUCTO_39,HOGAR,ARGEENTINA,LG,2022
PRODUCTO_39,HOGAR,ARGENTINA,HUAWEI,2023
PRODUCTO_39,HOGAR,ARGENTINA,HUAWEI,2024
PRODUCTO_39,HOGAR,BRASIL,PH,2018
PRODUCTO_39,HOGAR,BBRASIL,SONY,2019
PRODUCTO_39,HOGAR,BRASIL,HHAWEI,2020
PRODUCTO_39,HOGAR,BRRASIL,SONY,2021
PRODUCTO_39,HOGAR,BRASIL,APPLE,2022
PRODUCTO_39,HOGAR,BRASIL,GL,2023
PRODUCTO_39,HOGAR,BRASIL,DELL,2024
PRODUCTO_40,DEPORTE,CHILE,DELL,2018
PRODUCTO_40,DEPORTE,CHILE,LG,2019
PRODUCTO_40,DEPORTE,CHILE,XIAOMI,2020
PRODUCTO_40,DEPORTE,CHILE,HUAWEI,2021
PRODUCTO_40,DEPORTE,CCHILE,XIAOM,2022
PRODUCTO_40,DEPORTE,CHILE,HUAWE,2023
PRODUCTO_40,DEPORTE,CHILE,HUAWEI,2024
PRODUCTO_40,DEPORTE,PERU,HP,2018
PRODUCTO_40,DEPORTE,PREU,APPLE,2019
PRODUCTO_40,DEPORTE,PERU,APPLE,2020
PRODUCTO_40,DEPORTE,PERU,HUAWEI,2021
PRODUCTO_40,DEPORTE,PERU,HP,2022
PRODUCTO_40,DEPORTE,OERU,DELL,2023
PRODUCTO_40,DEPORTE,EPRU,SONY,2024
PRODUCTO_40,DEPORTE,COOLMBIA,DELL,2018
PRODUCTO_40,DEPORTE,COLOMBIA,LG,2019
PRODUCTO_40,DEPORTE,COLOMBIA,HUAWEI,2020
PRODUCTO_40,DEPORTE,COLOMBIA,SONY,2021
PRODUCTO_40,DEPORTE,OCLOMBIA,DELL,2022
PRODUCTO_40,DEPORTE,COLOMBIIA,HUAWWEI,2023
PRODUCTO_40,DEPORTE,COLOMBUA,HUAWEI,2024
PRODUCTO_40,DEPORTE,MEXICO,LLG,2018
PRODUCTO_40,DEPORTE,MEXICO,HP,2019
PRODUCTO_40,DEPORTE,MEXICO,XIAOMI,2020
PRODUCTO_40,DEPORTE,MEXICO,APPLE,2021
PRODUCTO_40,DEPORTE,MEICO,XIAOI,2022
PRODUCTO_40,DEPORTE,MEXICO,APPLE,2023
PRODUCTO_40,DEPORTE,MEXICO,SONY,2024
PRODUCTO_40,DEPORTE,ZRGENTINA,SONY,2018
PRODUCTO_40,DEPORTE,ARGENTINA,SAMSUNG,2019
PRODUCTO_40,DEPORTE,ARGENTINA,LG,2020
PRODUCTO_40,DEPORTE,ARGENTINA,HHP,2021
PRODUCTO_40,DEPORTE,ARGENTINA,SAMSUNG,2022
PRODUCTO_40,DEPORTE,ARGENTINA,APPLE,2023
PRODUCTO_40,DEPORTE,ARGNTINA,DEL,2024
PRODUCTO_40,DEPORTE,BRASIL,APPEL,2018
PRODUCTO_40,DEPORTE,BRASIL,HP,2019
PRODUCTO_40,DEPORTE,BRASIL,APPEL,2020
PRODUCTO_40,DEPORTE,BRASIL,LG,2021
PRODUCTO_40,DEPORTE,BRSAIL,HP,2022
PRODUCTO_40,DEPORTE,BRASIL,APPLE,2023
PRODUCTO_40,DEPORTE,BRASIL,DELL,2024
PRODUCTO_41,JUGUETERÍA,CHILE,SANSUNG,2018
PRODUCTO_41,JUGUETERÍA,CHILE,HP,2019
PRODUCTO_41,JUGUETERÍA,CHILE,DELL,2020
PRODUCTO_41,JUGUETERÍA,CHLE,SELL,2021
PRODUCTO_41,JUGUETERÍA,CHILE,SAMSUNG,2022
PRODUCTO_41,JUGUETERÍA,HCILE,APPLE,2023
PRODUCTO_41,JUGUETERÍA,CHILE,SONY,2024
PRODUCTO_41,JUGUETERÍA,PEU,SAMSUNG,2018
PRODUCTO_41,JUGUETERÍA,PERU,SONY,2019
PRODUCTO_41,JUGUETERÍA,PERU,PG,2020
PRODUCTO_41,JUGUETERÍA,PERU,XIAOMI,2021
PRODUCTO_41,JUGUETERÍA,PERU,HUAWEI,2022
PRODUCTO_41,JUGUETERÍA,PRU,APPLE,2023
PRODUCTO_41,JUGUETERÍA,PERU,PH,2024
PRODUCTO_41,JUGUETERÍA,COLOMBIA,APPLE,2018
PRODUCTO_41,JUGUETERÍA,COLOMBIA,SPNY,2019
PRODUCTO_41,JUGUETERÍA,COLLOMBIA,XIAOMI,2020
PRODUCTO_41,JUGUETERÍA,CILOMBIA,HUAWEI,2021
PRODUCTO_41,JUGUETERÍA,COLOMBIA,XIIAOMI,2022
PRODUCTO_41,JUGUETERÍA,COLOMBIA,XIAOMI,2023
PRODUCTO_41,JUGUETERÍA,COLOMBIA,APPLE,2024
PRODUCTO_41,JUGUETERÍA,MEXICO,HP,2018
PRODUCTO_41,JUGUETERÍA,MEXIO,APPLE,2019
PRODUCTO_41,JUGUETERÍA,MEXIO,HP,2020
PRODUCTO_41,JUGUETERÍA,MEXICO,HUAWEJ,2021
PRODUCTO_41,JUGUETERÍA,MEXIO,XAIOMI,2022
PRODUCTO_41,JUGUETERÍA,MEXICO,APPLE,2023
PRODUCTO_41,JUGUETERÍA,MEXICO,SANSUNG,2024
PRODUCTO_41,JUGUETERÍA,ARGENTINA,HP,2018
PRODUCTO_41,JUGUETERÍA,ARGENTINA,XIAOMI,2019
PRODUCTO_41,JUGUETERÍA,ZRGENTINA,SONY,2020
PRODUCTO_41,JUGUETERÍA,ARGENTINNA,DELL,2021
PRODUCTO_41,JUGUETERÍA,AREGNTINA,SAMSUNG,2022
PRODUCTO_41,JUGUETERÍA,ARGENTINA,HUAWEI,2023
PRODUCTO_41,JUGUETERÍA,ARGENTINA,APPLE,2024
PRODUCTO_41,JUGUETERÍA,BRASIL,SAMSUNG,2018
PRODUCTO_41,JUGUETERÍA,BRASIL,SONY,2019
PRODUCTO_41,JUGUETERÍA,BRASIL,XIAOMI,2020
PRODUCTO_41,JUGUETERÍA,BRASIL,DELL,2021
PRODUCTO_41,JUGUETERÍA,BRASIL,HP,2022
PRODUCTO_41,JUGUETERÍA,BRASIL,SAMSUNG,2023
PRODUCTO_41,JUGUETERÍA,BRASIL,SONYY,2024
PRODUCTO_42,AUTOMOTRIZ,CHILE,SONY,2018
PRODUCTO_42,AUTOMOTRIZ,CHIKE,DELL,2019
PRODUCTO_42,AUTOMOTRIZ,CHLE,XAIOMI,2020
PRODUCTO_42,AUTOMOTRIZ,CHILE,AAPPLE,2021
PRODUCTO_42,AUTOMOTRIZ,CHILE,APPL,2022
PRODUCTO_42,AUTOMOTRIZ,CHILE,SONY,2023
PRODUCTO_42,AUTOMOTRIZ,CHILE,SAMSUNG,2024
PRODUCTO_42,AUTOMOTRIZ,PPERU,APPLE,2018
PRODUCTO_42,AUTOMOTRIZ,PERU,KG,2019
PRODUCTO_42,AUTOMOTRIZ,PRU,LG,2020
PRODUCTO_42,AUTOMOTRIZ,PERU,DELL,2021
PRODUCTO_42,AUTOMOTRIZ,PREU,LG,2022
PRODUCTO_42,AUTOMOTRIZ,PRU,SAMSUNG,2023
PRODUCTO_42,AUTOMOTRIZ,PEERU,APPLD,2024
PRODUCTO_42,AUTOMOTRIZ,COKOMBIA,SAMSUNNG,2018
PRODUCTO_42,AUTOMOTRIZ,COLOMBIA,SASMUNG,2019
PRODUCTO_42,AUTOMOTRIZ,COLOMBIA,HUAWEI,2020
PRODUCTO_42,AUTOMOTRIZ,COLOMBIA,GL,2021
PRODUCTO_42,AUTOMOTRIZ,COLOMBIA,SAMSSUNG,2022
PRODUCTO_42,AUTOMOTRIZ,COLOMBIA,SONY,2023
PRODUCTO_42,AUTOMOTRIZ,COLOMBIA,HUAWEI,2024
PRODUCTO_42,AUTOMOTRIZ,MEXICO,SONY,2018
PRODUCTO_42,AUTOMOTRIZ,MEXICO,XIAOMI,2019
PRODUCTO_42,AUTOMOTRIZ,MEXICO,HUAWEI,2020
PRODUCTO_42,AUTOMOTRIZ,MEXIC,XIAOMI,2021
PRODUCTO_42,AUTOMOTRIZ,MEXCO,XIAOMI,2022
PRODUCTO_42,AUTOMOTRIZ,MEXICO,XAOMI,2023
PRODUCTO_42,AUTOMOTRIZ,MEXICO,LG,2024
PRODUCTO_42,AUTOMOTRIZ,ARGGENTINA,LG,2018
PRODUCTO_42,AUTOMOTRIZ,ARGENTINA,APPPLE,2019
PRODUCTO_42,AUTOMOTRIZ,ARGENTINA,HP,2020
PRODUCTO_42,AUTOMOTRIZ,ARGENTINA,DELL,2021
PRODUCTO_42,AUTOMOTRIZ,ARGENTINA,APPLE,2022
PRODUCTO_42,AUTOMOTRIZ,ARGENTINA,HP,2023
PRODUCTO_42,AUTOMOTRIZ,AGRENTINA,HUAWEI,2024
PRODUCTO_42,AUTOMOTRIZ,BRAEIL,APLPE,2018
PRODUCTO_42,AUTOMOTRIZ,BRASIL,LG,2019
PRODUCTO_42,AUTOMOTRIZ,BRASIL,HUSWEI,2020
PRODUCTO_42,AUTOMOTRIZ,BRSIL,APPLE,2021
PRODUCTO_42,AUTOMOTRIZ,BRASIL,SONY,2022
PRODUCTO_42,AUTOMOTRIZ,BRSAIL,DELL,2023
PRODUCTO_42,AUTOMOTRIZ,BRASIL,SSONY,2024
PRODUCTO_43,JUGUETERÍA,CHILE,XIAOMI,2018
PRODUCTO_43,JUGUETERÍA,CHILE,HUAWEI,2019
PRODUCTO_43,JUGUETERÍA,CHILE,APPLE,2020
PRODUCTO_43,JUGUETERÍA,CHILE,HP,2021
PRODUCTO_43,JUGUETERÍA,CHILE,HUAWEI,2022
PRODUCTO_43,JUGUETERÍA,CHILE,DELL,2023
PRODUCTO_43,JUGUETERÍA,CHILE,HUAWEI,2024
PRODUCTO_43,JUGUETERÍA,PERU,HP,2018
PRODUCTO_43,JUGUETERÍA,EPRU,SAMSUNG,2019
PRODUCTO_43,JUGUETERÍA,PERU,HP,2020
PRODUCTO_43,JUGUETERÍA,PERU,APPLE,2021
PRODUCTO_43,JUGUETERÍA,PERU,APPLE,2022
PRODUCTO_43,JUGUETERÍA,PERU,SONY,2023
PRODUCTO_43,JUGUETERÍA,PERU,XIAOMI,2024
PRODUCTO_43,JUGUETERÍA,COLLOMBIA,HP,2018
PRODUCTO_43,JUGUETERÍA,COLOMBIA,SAMSUNG,2019
PRODUCTO_43,JUGUETERÍA,COLOMBIA,APPLE,2020
PRODUCTO_43,JUGUETERÍA,COLOMBIA,AOPLE,2021
PRODUCTO_43,JUGUETERÍA,COLOMIA,SONY,2022
PRODUCTO_43,JUGUETERÍA,COLOMBIA,DELL,2023
PRODUCTO_43,JUGUETERÍA,COLOMBIA,HUAWEI,2024
PRODUCTO_43,JUGUETERÍA,MEXICO,SAMSUNG,2018
PRODUCTO_43,JUGUETERÍA,MEICO,SONY,2019
PRODUCTO_43,JUGUETERÍA,MEXICO,LG,2020
PRODUCTO_43,JUGUETERÍA,MEXICO,XIAOM,2021
PRODUCTO_43,JUGUETERÍA,MEXICO,HPP,2022
PRODUCTO_43,JUGUETERÍA,MEXICO,XIAOOMI,2023
PRODUCTO_43,JUGUETERÍA,MEXICO,HUAWIE,2024
PRODUCTO_43,JUGUETERÍA,ARGENTINA,SONY,2018
PRODUCTO_43,JUGUETERÍA,ARGENTINA,SONY,2019
PRODUCTO_43,JUGUETERÍA,ARGENTINA,SONY,2020
PRODUCTO_43,JUGUETERÍA,ARGENTONA,PH,2021
PRODUCTO_43,JUGUETERÍA,ARGSNTINA,DELL,2022
PRODUCTO_43,JUGUETERÍA,ARGNTINA,SAMSUN,2023
PRODUCTO_43,JUGUETERÍA,ARGENTINA,DELL,2024
PRODUCTO_43,JUGUETERÍA,BRASIL,ONY,2018
PRODUCTO_43,JUGUETERÍA,BRASIL,DELL,2019
PRODUCTO_43,JUGUETERÍA,BRASIL,DELL,2020
PRODUCTO_43,JUGUETERÍA,BRASIL,HUAWEI,2021
PRODUCTO_43,JUGUETERÍA,BRASIL,IAOMI,2022
PRODUCTO_43,JUGUETERÍA,BRASIL,APPEL,2023
PRODUCTO_43,JUGUETERÍA,BRSIL,HP,2024
PRODUCTO_44,ELECTRÓNICA,CHILE,SSONY,2018
PRODUCTO_44,ELECTRÓNICA,CHILE,HP,2019
PRODUCTO_44,ELECTRÓNICA,CHILE,SONY,2020
PRODUCTO_44,ELECTRÓNICA,CHILE,HUAWEI,2021
PRODUCTO_44,ELECTRÓNICA,CHILE,XIOMI,2022
PRODUCTO_44,ELECTRÓNICA,CHILE,APPPLE,2023
PRODUCTO_44,ELECTRÓNICA,CHILE,DEELL,2024
PRODUCTO_44,ELECTRÓNICA,PERU,SONY,2018
PRODUCTO_44,ELECTRÓNICA,PRU,DELL,2019
PRODUCTO_44,ELECTRÓNICA,PERU,HUAWEI,2020
PRODUCTO_44,ELECTRÓNICA,PERU,APPLE,2021
PRODUCTO_44,ELECTRÓNICA,PERU,HP,2022
PRODUCTO_44,ELECTRÓNICA,PERU,HUAWEI,2023
PRODUCTO_44,ELECTRÓNICA,PERU,SONY,2024
PRODUCTO_44,ELECTRÓNICA,COLOMBIA,SONY,2018
PRODUCTO_44,ELECTRÓNICA,COLOMBIA,HPP,2019
PRODUCTO_44,ELECTRÓNICA,COLOMBIA,LG,2020
PRODUCTO_44,ELECTRÓNICA,COLMOBIA,HHUAWEI,2021
PRODUCTO_44,ELECTRÓNICA,COLOMBIA,APLE,2022
PRODUCTO_44,ELECTRÓNICA,COLOMBIA,PH,2023
PRODUCTO_44,ELECTRÓNICA,COLOMBIA,HP,2024
PRODUCTO_44,ELECTRÓNICA,MEXICO,DELL,2018
PRODUCTO_44,ELECTRÓNICA,MEXICO,LG,2019
PRODUCTO_44,ELECTRÓNICA,MEXICO,HHP,2020
PRODUCTO_44,ELECTRÓNICA,MXEICO,APPLE,2021
PRODUCTO_44,ELECTRÓNICA,MEXICO,SONYY,2022
PRODUCTO_44,ELECTRÓNICA,MEXICO,DELL,2023
PRODUCTO_44,ELECTRÓNICA,MEXICO,HUAWEI,2024
PRODUCTO_44,ELECTRÓNICA,ARGENTINA,DELL,2018
PRODUCTO_44,ELECTRÓNICA,ARGENTINA,LG,2019
PRODUCTO_44,ELECTRÓNICA,ARGENTINA,HP,2020
PRODUCTO_44,ELECTRÓNICA,ARGENTTINA,DELL,2021
PRODUCTO_44,ELECTRÓNICA,ARGENTINA,SNOY,2022
PRODUCTO_44,ELECTRÓNICA,ARGENTINA,SAMSUNG,2023
PRODUCTO_44,ELECTRÓNICA,ARGENTINA,DELL,2024
PRODUCTO_44,ELECTRÓNICA,BRSIL,DEL,2018
PRODUCTO_44,ELECTRÓNICA,BRSAIL,DELL,2019
PRODUCTO_44,ELECTRÓNICA,BRASIL,IXAOMI,2020
PRODUCTO_44,ELECTRÓNICA,BRSIL,SANSUNG,2021
PRODUCTO_44,ELECTRÓNICA,BRASIL,APLLE,2022
PRODUCTO_44,ELECTRÓNICA,BRASIL,SANSUNG,2023
PRODUCTO_44,ELECTRÓNICA,BRASIL,HUAWWEI,2024
PRODUCTO_45,COMPUTACIÓN,CIHLE,XIAOMI,2018
PRODUCTO_45,COMPUTACIÓN,CHILE,LG,2019
PRODUCTO_45,COMPUTACIÓN,CHILE,LT,2020
PRODUCTO_45,COMPUTACIÓN,CHILE,XIAOMI,2021
PRODUCTO_45,COMPUTACIÓN,CHILE,HUAWEI,2022
PRODUCTO_45,COMPUTACIÓN,CHILE,HPP,2023
PRODUCTO_45,COMPUTACIÓN,CHILE,HUAWEI,2024
PRODUCTO_45,COMPUTACIÓN,PERU,HP,2018
PRODUCTO_45,COMPUTACIÓN,OERU,XIAOMI,2019
PRODUCTO_45,COMPUTACIÓN,PERU,HP,2020
PRODUCTO_45,COMPUTACIÓN,PERU,HP,2021
PRODUCTO_45,COMPUTACIÓN,PERU,HP,2022
PRODUCTO_45,COMPUTACIÓN,PERU,HP,2023
PRODUCTO_45,COMPUTACIÓN,PEERU,APPLE,2024
PRODUCTO_45,COMPUTACIÓN,COLOMBIA,HPP,2018
PRODUCTO_45,COMPUTACIÓN,COLOMBIA,LG,2019
PRODUCTO_45,COMPUTACIÓN,COLOJBIA,SAMSUNG,2020
PRODUCTO_45,COMPUTACIÓN,COLOMBIA,HUUAWEI,2021
PRODUCTO_45,COMPUTACIÓN,COLOMBIA,DELL,2022
PRODUCTO_45,COMPUTACIÓN,COLOMIA,G,2023
PRODUCTO_45,COMPUTACIÓN,COLOMBIA,APPLE,2024
PRODUCTO_45,COMPUTACIÓN,MEXICO,OSNY,2018
PRODUCTO_45,COMPUTACIÓN,MEXICO,LH,2019
PRODUCTO_45,COMPUTACIÓN,MEXICO,SONY,2020
PRODUCTO_45,COMPUTACIÓN,MEXICO,HO,2021
PRODUCTO_45,COMPUTACIÓN,MEXICO,DELL,2022
PRODUCTO_45,COMPUTACIÓN,MEXICO,HP,2023
PRODUCTO_45,COMPUTACIÓN,MMEXICO,DELL,2024
PRODUCTO_45,COMPUTACIÓN,ARGENTINA,SAMSUNG,2018
PRODUCTO_45,COMPUTACIÓN,ARGENTINA,DELL,2019
PRODUCTO_45,COMPUTACIÓN,ARGENTIAN,SONY,2020
PRODUCTO_45,COMPUTACIÓN,ARGENTINA,SAMSUNG,2021
PRODUCTO_45,COMPUTACIÓN,ARGENTINA,SAMSUNG,2022
PRODUCTO_45,COMPUTACIÓN,ARGENTINA,SANSUNG,2023
PRODUCTO_45,COMPUTACIÓN,ARGNTINA,XIAOMI,2024
PRODUCTO_45,COMPUTACIÓN,BRASIL,SON,2018
PRODUCTO_45,COMPUTACIÓN,BRASILL,APPLE,2019
PRODUCTO_45,COMPUTACIÓN,BRASIL,APPLE,2020
PRODUCTO_45,COMPUTACIÓN,BRASIL,LG,2021
PRODUCTO_45,COMPUTACIÓN,BRSIL,EAMSUNG,2022
PRODUCTO_45,COMPUTACIÓN,BRASIL,SAMSUNG,2023
PRODUCTO_45,COMPUTACIÓN,RASIL,HP,2024
PRODUCTO_46,BELLEZA,CHLIE,SONY,2018
PRODUCTO_46,BELLEZA,CHLE,LG,2019
PRODUCTO_46,BELLEZA,CHILE,APPLE,2020
PRODUCTO_46,BELLEZA,CHILE,XIAOMI,2021
PRODUCTO_46,BELLEZA,CHILE,APPLF,2022
PRODUCTO_46,BELLEZA,CHLE,XIAOMI,2023
PRODUCTO_46,BELLEZA,CHHILE,SAMSUNG,2024
PRODUCTO_46,BELLEZA,PERU,XUAOMI,2018
PRODUCTO_46,BELLEZA,PERU,XIAOMI,2019
PRODUCTO_46,BELLEZA,PRU,HO,2020
PRODUCTO_46,BELLEZA,PRU,HPP,2021
PRODUCTO_46,BELLEZA,PRU,SAMSUNG,2022
PRODUCTO_46,BELLEZA,PERU,HP,2023
PRODUCTO_46,BELLEZA,PEERU,DEL,2024
PRODUCTO_46,BELLEZA,COLOMBIA,APPLE,2018
PRODUCTO_46,BELLEZA,COLOMBIA,HPP,2019
PRODUCTO_46,BELLEZA,COLOMBIA,HP,2020
PRODUCTO_46,BELLEZA,COLOMBIA,HUAWEI,2021
PRODUCTO_46,BELLEZA,COLOMBIA,ELL,2022
PRODUCTO_46,BELLEZA,CLOOMBIA,HP,2023
PRODUCTO_46,BELLEZA,COLOMBIA,DELL,2024
PRODUCTO_46,BELLEZA,MEXICO,SAMSUNG,2018
PRODUCTO_46,BELLEZA,MEXICO,LG,2019
PRODUCTO_46,BELLEZA,MEXIO,DELL,2020
PRODUCTO_46,BELLEZA,MEXICO,HP,2021
PRODUCTO_46,BELLEZA,MEXICO,HP,2022
PRODUCTO_46,BELLEZA,MEXICCO,DELL,2023
PRODUCTO_46,BELLEZA,MEXICO,HUAWEI,2024
PRODUCTO_46,BELLEZA,ARGENTINA,SAMSUNG,2018
PRODUCTO_46,BELLEZA,ARGNTINA,HUAWEI,2019
PRODUCTO_46,BELLEZA,ARGENTINA,XIAOMI,2020
PRODUCTO_46,BELLEZA,ARGENTINA,XXIAOMI,2021
PRODUCTO_46,BELLEZA,ARGENTINA,H,2022
PRODUCTO_46,BELLEZA,ARGENTINA,HUSWEI,2023
PRODUCTO_46,BELLEZA,ARGENTINA,APPLE,2024
PRODUCTO_46,BELLEZA,BRASIL,LG,2018
PRODUCTO_46,BELLEZA,BRASIL,XIAOMI,2019
PRODUCTO_46,BELLEZA,RBASIL,HP,2020
PRODUCTO_46,BELLEZA,BRASIL,HP,2021
PRODUCTO_46,BELLEZA,BRASIL,XIAOMI,2022
PRODUCTO_46,BELLEZA,BRASIL,HUAWE,2023
PRODUCTO_46,BELLEZA,BRASIL,XIAOMI,2024
PRODUCTO_47,COMPUTACIÓN,CHHILE,SONY,2018
PRODUCTO_47,COMPUTACIÓN,CHILE,DEL,2019
PRODUCTO_47,COMPUTACIÓN,CHILLE,SONY,2020
PRODUCTO_47,COMPUTACIÓN,CHIEL,HUAWEI,2021
PRODUCTO_47,COMPUTACIÓN,CHILEE,GL,2022
PRODUCTO_47,COMPUTACIÓN,CHILE,DELL,2023
PRODUCTO_47,COMPUTACIÓN,CHILE,LG,2024
PRODUCTO_47,COMPUTACIÓN,PERU,HUAWEI,2018
PRODUCTO_47,COMPUTACIÓN,PERU,SAMSUNG,2019
PRODUCTO_47,COMPUTACIÓN,PERU,HUAWEI,2020
PRODUCTO_47,COMPUTACIÓN,PERU,LG,2021
PRODUCTO_47,COMPUTACIÓN,PERU,SAMSUNG,2022
PRODUCTO_47,COMPUTACIÓN,PERU,SANSUNG,2023
PRODUCTO_47,COMPUTACIÓN,PPERU,DEL,2024
PRODUCTO_47,COMPUTACIÓN,COLOMBIA,HP,2018
PRODUCTO_47,COMPUTACIÓN,COLOMBIA,APPLE,2019
PRODUCTO_47,COMPUTACIÓN,COLOMBIA,LG,2020
PRODUCTO_47,COMPUTACIÓN,COLOMBIAA,SAMSUNG,2021
PRODUCTO_47,COMPUTACIÓN,COLOMBIA,SONY,2022
PRODUCTO_47,COMPUTACIÓN,COLOMBIA,HPP,2023
PRODUCTO_47,COMPUTACIÓN,COLOMBIA,HP,2024
PRODUCTO_47,COMPUTACIÓN,MEXICO,LG,2018
PRODUCTO_47,COMPUTACIÓN,MEXCIO,LG,2019
PRODUCTO_47,COMPUTACIÓN,MEXIO,DELL,2020
PRODUCTO_47,COMPUTACIÓN,MEXICO,HUAWEI,2021
PRODUCTO_47,COMPUTACIÓN,MEXICO,SON,2022
PRODUCTO_47,COMPUTACIÓN,EXICO,SAMSUNG,2023
PRODUCTO_47,COMPUTACIÓN,MEXIO,LG,2024
PRODUCTO_47,COMPUTACIÓN,ARGNTINA,LG,2018
PRODUCTO_47,COMPUTACIÓN,ARGNTINA,APPLE,2019
PRODUCTO_47,COMPUTACIÓN,ARGENTINA,LG,2020
PRODUCTO_47,COMPUTACIÓN,ARGENTINA,HUAWEII,2021
PRODUCTO_47,COMPUTACIÓN,ARGENTINA,HPP,2022
PRODUCTO_47,COMPUTACIÓN,ARGENTINA,SAMSUNG,2023
PRODUCTO_47,COMPUTACIÓN,ARGENTINA,APPLF,2024
PRODUCTO_47,COMPUTACIÓN,BRASIL,XIAOMI,2018
PRODUCTO_47,COMPUTACIÓN,BRASIL,APPL,2019
PRODUCTO_47,COMPUTACIÓN,BRASIL,XIAOMI,2020
PRODUCTO_47,COMPUTACIÓN,BRASIL,SONY,2021
PRODUCTO_47,COMPUTACIÓN,BRASIL,XIAOMII,2022
PRODUCTO_47,COMPUTACIÓN,BRASIL,APPLE,2023
PRODUCTO_47,COMPUTACIÓN,BRASIL,APPLE,2024
PRODUCTO_48,AUTOMOTRIZ,CHILE,SAMSUNG,2018
PRODUCTO_48,AUTOMOTRIZ,CHILE,SWMSUNG,2019
PRODUCTO_48,AUTOMOTRIZ,CHILE,SONY,2020
PRODUCTO_48,AUTOMOTRIZ,CHILE,XKAOMI,2021
PRODUCTO_48,AUTOMOTRIZ,CHILE,SON,2022
PRODUCTO_48,AUTOMOTRIZ,CHILE,SONY,2023
PRODUCTO_48,AUTOMOTRIZ,CHILE,HP,2024
PRODUCTO_48,AUTOMOTRIZ,PRU,HP,2018
PRODUCTO_48,AUTOMOTRIZ,PERU,APLE,2019
PRODUCTO_48,AUTOMOTRIZ,PERU,WAMSUNG,2020
PRODUCTO_48,AUTOMOTRIZ,PEU,XIAPMI,2021
PRODUCTO_48,AUTOMOTRIZ,PERU,PAPLE,2022
PRODUCTO_48,AUTOMOTRIZ,PERU,XIAOMI,2023
PRODUCTO_48,AUTOMOTRIZ,PERU,HP,2024
PRODUCTO_48,AUTOMOTRIZ,COLOMBIA,XIOMI,2018
PRODUCTO_48,AUTOMOTRIZ,COLOMBIA,LG,2019
PRODUCTO_48,AUTOMOTRIZ,COLOKBIA,HUAWEI,2020
PRODUCTO_48,AUTOMOTRIZ,COLOMBIA,XIOMI,2021
PRODUCTO_48,AUTOMOTRIZ,COLOMBIA,XIAOMI,2022
PRODUCTO_48,AUTOMOTRIZ,COLOMBIA,APPLE,2023
PRODUCTO_48,AUTOMOTRIZ,COLOMBIA,APPLE,2024
PRODUCTO_48,AUTOMOTRIZ,MEXICO,XIAOMI,2018
PRODUCTO_48,AUTOMOTRIZ,MEXICOO,LG,2019
PRODUCTO_48,AUTOMOTRIZ,EMXICO,XIAOMI,2020
PRODUCTO_48,AUTOMOTRIZ,MEXICO,SNOY,2021
PRODUCTO_48,AUTOMOTRIZ,MEXICO,APPLE,2022
PRODUCTO_48,AUTOMOTRIZ,MEXICO,HUAWEI,2023
PRODUCTO_48,AUTOMOTRIZ,MEXICO,SAMSUNG,2024
PRODUCTO_48,AUTOMOTRIZ,ARGENTINA,HUAWEI,2018
PRODUCTO_48,AUTOMOTRIZ,ARGENTINA,HUAWE,2019
PRODUCTO_48,AUTOMOTRIZ,ARGENTIA,XIAOMI,2020
PRODUCTO_48,AUTOMOTRIZ,ARGENTINA,APPLLE,2021
PRODUCTO_48,AUTOMOTRIZ,ARGENTINA,APPLE,2022
PRODUCTO_48,AUTOMOTRIZ,ARGENTINA,DELL,2023
PRODUCTO_48,AUTOMOTRIZ,ARGENTINA,HHP,2024
PRODUCTO_48,AUTOMOTRIZ,BRASSIL,HUAWEI,2018
PRODUCTO_48,AUTOMOTRIZ,BRASIL,L,2019
PRODUCTO_48,AUTOMOTRIZ,BRSIL,HP,2020
PRODUCTO_48,AUTOMOTRIZ,BRASIL,PH,2021
PRODUCTO_48,AUTOMOTRIZ,BRASIL,OSNY,2022
PRODUCTO_48,AUTOMOTRIZ,RBASIL,APPLE,2023
PRODUCTO_48,AUTOMOTRIZ,BRAAIL,EDLL,2024
PRODUCTO_49,HOGAR,CHILE,DELL,2018
PRODUCTO_49,HOGAR,CHILE,HUAWEI,2019
PRODUCTO_49,HOGAR,CHILE,HUAWEI,2020
PRODUCTO_49,HOGAR,CHILE,HUAWEI,2021
PRODUCTO_49,HOGAR,CHILE,SONY,2022
PRODUCTO_49,HOGAR,CHILE,L,2023
PRODUCTO_49,HOGAR,CHILE,SAMSUNG,2024
PRODUCTO_49,HOGAR,PERU,APPLE,2018
PRODUCTO_49,HOGAR,PERU,DELL,2019
PRODUCTO_49,HOGAR,PERU,HUAWEI,2020
PRODUCTO_49,HOGAR,PERU,QPPLE,2021
PRODUCTO_49,HOGAR,PERU,SONY,2022
PRODUCTO_49,HOGAR,PERU,XIAOMI,2023
PRODUCTO_49,HOGAR,PERU,HP,2024
PRODUCTO_49,HOGAR,COLOMBIA,PG,2018
PRODUCTO_49,HOGAR,COLMBIA,ASMSUNG,2019
PRODUCTO_49,HOGAR,COLOMBIA,HUAWEI,2020
PRODUCTO_49,HOGAR,COLOMBIA,XAIOMI,2021
PRODUCTO_49,HOGAR,COLOMBIA,XIAOMI,2022
PRODUCTO_49,HOGAR,COOOMBIA,HUAWEK,2023
PRODUCTO_49,HOGAR,COLOMIA,HUAWIE,2024
PRODUCTO_49,HOGAR,MEXICO,SAMSUNG,2018
PRODUCTO_49,HOGAR,MEXICO,SAMSUNG,2019
PRODUCTO_49,HOGAR,MEXICO,XIAOMI,2020
PRODUCTO_49,HOGAR,MEXICO,LG,2021
PRODUCTO_49,HOGAR,MEXICO,HUAWEI,2022
PRODUCTO_49,HOGAR,MEXIO,HUAWEI,2023
PRODUCTO_49,HOGAR,MEXICO,SONI,2024
PRODUCTO_49,HOGAR,ARGENTINA,XIAIMI,2018
PRODUCTO_49,HOGAR,ARGENTINA,HUAWEI,2019
PRODUCTO_49,HOGAR,ARGENTINA,SONY,2020
PRODUCTO_49,HOGAR,ARGENTINA,SAMSUNG,2021
PRODUCTO_49,HOGAR,ARGNTINA,APPLE,2022
PRODUCTO_49,HOGAR,ARENTINA,SONY,2023
PRODUCTO_49,HOGAR,ARGENTINA,APPEL,2024
PRODUCTO_49,HOGAR,BRASIL,APPLE,2018
PRODUCTO_49,HOGAR,BRASIL,DELL,2019
PRODUCTO_49,HOGAR,BASIL,L-G,2020
PRODUCTO_49,HOGAR,BRASIL,DDELL,2021
PRODUCTO_49,HOGAR,BRAASIL,APPLE,2022
PRODUCTO_49,HOGAR,BRASIL,HP,2023
PRODUCTO_49,HOGAR,BRAIL,SNY,2024
PRODUCTO_50,JUGUETERÍA,CHILE,LG,2018
PRODUCTO_50,JUGUETERÍA,CHILE,FELL,2019
PRODUCTO_50,JUGUETERÍA,CHLE,HUAWEI,2020
PRODUCTO_50,JUGUETERÍA,CHILE,HUAWEI,2021
PRODUCTO_50,JUGUETERÍA,CHLE,SAMSUNG,2022
PRODUCTO_50,JUGUETERÍA,CHILE,HP,2023
PRODUCTO_50,JUGUETERÍA,CHILE,HUAWEI,2024
PRODUCTO_50,JUGUETERÍA,PERU,APPEL,2018
PRODUCTO_50,JUGUETERÍA,ERU,HP,2019
PRODUCTO_50,JUGUETERÍA,PERU,DELL,2020
PRODUCTO_50,JUGUETERÍA,PERU,DELL,2021
PRODUCTO_50,JUGUETERÍA,PERU,XIAOMI,2022
PRODUCTO_50,JUGUETERÍA,PRU,SAMSUNG,2023
PRODUCTO_50,JUGUETERÍA,PERU,XIOMI,2024
PRODUCTO_50,JUGUETERÍA,COLOMBIA,XIAOMII,2018
PRODUCTO_50,JUGUETERÍA,COLOMBAI,HP,2019
PRODUCTO_50,JUGUETERÍA,COLOMIBA,HPP,2020
PRODUCTO_50,JUGUETERÍA,COLOMBIA,HUAWEI,2021
PRODUCTO_50,JUGUETERÍA,COLOMBIA,DELL,2022
PRODUCTO_50,JUGUETERÍA,COLOMBIA,LG,2023
PRODUCTO_50,JUGUETERÍA,COLOMBIA,DELLL,2024
PRODUCTO_50,JUGUETERÍA,MEXICO,XIAOMI,2018
PRODUCTO_50,JUGUETERÍA,MEXICO,LG,2019
PRODUCTO_50,JUGUETERÍA,MEXICO,XIAOMI,2020
PRODUCTO_50,JUGUETERÍA,MEXICO,SONY,2021
PRODUCTO_50,JUGUETERÍA,MEXIICO,HAWEI,2022
PRODUCTO_50,JUGUETERÍA,MEXICO,SONI,2023
PRODUCTO_50,JUGUETERÍA,MEXICO,APPLE,2024
PRODUCTO_50,JUGUETERÍA,ARGENTINA,DELL,2018
PRODUCTO_50,JUGUETERÍA,ARGNTINA,HP,2019
PRODUCTO_50,JUGUETERÍA,ARGENTINA,SAMSUNG,2020
PRODUCTO_50,JUGUETERÍA,ARGENTINA,LGG,2021
PRODUCTO_50,JUGUETERÍA,ARGENTINA,APPLE,2022
PRODUCTO_50,JUGUETERÍA,ARGENTINA,DELL,2023
PRODUCTO_50,JUGUETERÍA,ARGENTKNA,SONY,2024
PRODUCTO_50,JUGUETERÍA,BRASIL,SAMSUNG,2018
PRODUCTO_50,JUGUETERÍA,BASIL,DLEL,2019
PRODUCTO_50,JUGUETERÍA,BRASIL,LLG,2020
PRODUCTO_50,JUGUETERÍA,BRSIL,XIAOMI,2021
PRODUCTO_50,JUGUETERÍA,BRASIL,SAMSUNG,2022
PRODUCTO_50,JUGUETERÍA,BRSIL,XIAOIM,2023
PRODUCTO_50,JUGUETERÍA,BRASIO,AAMSUNG,2024
