producto,categoria,pais,marca,anio,precio_usd
PRODUCTO_1,BELLEZA,CHILE,HP,2018,154.39
PRODUCTO_1,BELLEZA,CHILE,SAMSUNG,2019,154.95
PRODUCTO_1,BELLEZA,CHILE,LG,2020,127.54
PRODUCTO_1,BELLEZA,CHILE,SONY,2021,170.12
PRODUCTO_1,BELLEZA,CHILE,APPLE,2022,21.02
PRODUCTO_1,BELLEZA,CHILE,DELL,2023,73.61
PRODUCTO_1,BELLEZA,CHILE,XIAOMI,2024,54.04
PRODUCTO_1,BELLEZA,PERU,HP,2018,114.38
PRODUCTO_1,BELLEZA,PERU,SAMSUNG,2019,135.31
PRODUCTO_1,BELLEZA,PERU,LG,2020,27.15
PRODUCTO_1,BELLEZA,PERU,SONY,2021,169.2
PRODUCTO_1,BELLEZA,PERU,HP,2022,187.7
PRODUCTO_1,BELLEZA,PERU,SAMSUNG,2023,40.69
PRODUCTO_1,BELLEZA,PERU,DELL,2024,45.07
PRODUCTO_1,BELLEZA,COLOMBIA,SAMSUNG,2018,73.38
PRODUCTO_1,BELLEZA,COLOMBIA,HUAWEI,2019,10.87
PRODUCTO_1,BELLEZA,COLOMBIA,SAMSUNG,2020,182.26
PRODUCTO_1,BELLEZA,COLOMBIA,SAMSUNG,2021,73.13
PRODUCTO_1,BELLEZA,COLOMBIA,LG,2022,61.19
PRODUCTO_1,BELLEZA,COLOMBIA,HUAWEI,2023,156.89
PRODUCTO_1,BELLEZA,COLOMBIA,XIAOMI,2024,190.22
PRODUCTO_1,BELLEZA,MEXICO,LG,2018,148.69
PRODUCTO_1,BELLEZA,MEXICO,HP,2019,19.32
PRODUCTO_1,BELLEZA,MEXICO,APPLE,2020,161.32
PRODUCTO_1,BELLEZA,MEXICO,SONY,2021,154.68
PRODUCTO_1,BELLEZA,MEXICO,LG,2022,63.73
PRODUCTO_1,BELLEZA,MEXICO,SONY,2023,133.49
PRODUCTO_1,BELLEZA,MEXICO,SONY,2024,15.82
PRODUCTO_1,BELLEZA,ARGENTINA,LG,2018,63.98
PRODUCTO_1,BELLEZA,ARGENTINA,LG,2019,67.9
PRODUCTO_1,BELLEZA,ARGENTINA,XIAOMI,2020,179.18
PRODUCTO_1,BELLEZA,ARGENTINA,HP,2021,95.78
PRODUCTO_1,BELLEZA,ARGENTINA,APPLE,2022,24.37
PRODUCTO_1,BELLEZA,ARGENTINA,HUAWEI,2023,125.03
PRODUCTO_1,BELLEZA,ARGENTINA,DELL,2024,199.64
PRODUCTO_1,BELLEZA,BRASIL,SAMSUNG,2018,79.34
PRODUCTO_1,BELLEZA,BRASIL,DELL,2019,29.14
PRODUCTO_1,BELLEZA,BRASIL,XIAOMI,2020,98.41
PRODUCTO_1,BELLEZA,BRASIL,HP,2021,129.47
PRODUCTO_1,BELLEZA,BRASIL,DELL,2022,140.59
PRODUCTO_1,BELLEZA,BRASIL,DELL,2023,36.2
PRODUCTO_1,BELLEZA,BRASIL,DELL,2024,14.51
PRODUCTO_2,COMPUTACIÓN,CHILE,DELL,2018,1745.88
PRODUCTO_2,COMPUTACIÓN,CHILE,DELL,2019,1441.33
PRODUCTO_2,COMPUTACIÓN,CHILE,HUAWEI,2020,1660.97
PRODUCTO_2,COMPUTACIÓN,CHILE,HUAWEI,2021,433.3
PRODUCTO_2,COMPUTACIÓN,CHILE,XIAOMI,2022,114.08
PRODUCTO_2,COMPUTACIÓN,CHILE,SONY,2023,558.64
PRODUCTO_2,COMPUTACIÓN,CHILE,LG,2024,267.84
PRODUCTO_2,COMPUTACIÓN,PERU,HP,2018,1301.23
PRODUCTO_2,COMPUTACIÓN,PERU,HP,2019,806.98
PRODUCTO_2,COMPUTACIÓN,PERU,XIAOMI,2020,189.27
PRODUCTO_2,COMPUTACIÓN,PERU,SONY,2021,1915.92
PRODUCTO_2,COMPUTACIÓN,PERU,HP,2022,753.34
PRODUCTO_2,COMPUTACIÓN,PERU,SONY,2023,1035.68
PRODUCTO_2,COMPUTACIÓN,PERU,HP,2024,1498.87
PRODUCTO_2,COMPUTACIÓN,COLOMBIA,LG,2018,438.23
PRODUCTO_2,COMPUTACIÓN,COLOMBIA,XIAOMI,2019,1239.69
PRODUCTO_2,COMPUTACIÓN,COLOMBIA,HP,2020,433.45
PRODUCTO_2,COMPUTACIÓN,COLOMBIA,HP,2021,1991.6
PRODUCTO_2,COMPUTACIÓN,COLOMBIA,HUAWEI,2022,1878.23
PRODUCTO_2,COMPUTACIÓN,COLOMBIA,LG,2023,538.2
PRODUCTO_2,COMPUTACIÓN,COLOMBIA,SAMSUNG,2024,209.22
PRODUCTO_2,COMPUTACIÓN,MEXICO,HP,2018,107.77
PRODUCTO_2,COMPUTACIÓN,MEXICO,SONY,2019,633.2
PRODUCTO_2,COMPUTACIÓN,MEXICO,LG,2020,1334.01
PRODUCTO_2,COMPUTACIÓN,MEXICO,HP,2021,124.25
PRODUCTO_2,COMPUTACIÓN,MEXICO,DELL,2022,1274.93
PRODUCTO_2,COMPUTACIÓN,MEXICO,DELL,2023,1033.37
PRODUCTO_2,COMPUTACIÓN,MEXICO,HUAWEI,2024,809.41
PRODUCTO_2,COMPUTACIÓN,ARGENTINA,SONY,2018,1413.56
PRODUCTO_2,COMPUTACIÓN,ARGENTINA,HP,2019,1019.35
PRODUCTO_2,COMPUTACIÓN,ARGENTINA,APPLE,2020,859.23
PRODUCTO_2,COMPUTACIÓN,ARGENTINA,SONY,2021,1288.79
PRODUCTO_2,COMPUTACIÓN,ARGENTINA,XIAOMI,2022,787.93
PRODUCTO_2,COMPUTACIÓN,ARGENTINA,HUAWEI,2023,431.06
PRODUCTO_2,COMPUTACIÓN,ARGENTINA,HP,2024,209.2
PRODUCTO_2,COMPUTACIÓN,BRASIL,HUAWEI,2018,1604.61
PRODUCTO_2,COMPUTACIÓN,BRASIL,HP,2019,1404.57
PRODUCTO_2,COMPUTACIÓN,BRASIL,HUAWEI,2020,1652.29
PRODUCTO_2,COMPUTACIÓN,BRASIL,SAMSUNG,2021,1053.88
PRODUCTO_2,COMPUTACIÓN,BRASIL,HUAWEI,2022,1772.69
PRODUCTO_2,COMPUTACIÓN,BRASIL,LG,2023,815.32
PRODUCTO_2,COMPUTACIÓN,BRASIL,DELL,2024,1583.2
PRODUCTO_3,AUTOMOTRIZ,CHILE,HUAWEI,2018,495.78
PRODUCTO_3,AUTOMOTRIZ,CHILE,SAMSUNG,2019,644.2
PRODUCTO_3,AUTOMOTRIZ,CHILE,APPLE,2020,400.92
PRODUCTO_3,AUTOMOTRIZ,CHILE,SAMSUNG,2021,293.79
PRODUCTO_3,AUTOMOTRIZ,CHILE,XIAOMI,2022,599.56
PRODUCTO_3,AUTOMOTRIZ,CHILE,SAMSUNG,2023,750.58
PRODUCTO_3,AUTOMOTRIZ,CHILE,SAMSUNG,2024,250.09
PRODUCTO_3,AUTOMOTRIZ,PERU,LG,2018,170.13
PRODUCTO_3,AUTOMOTRIZ,PERU,HUAWEI,2019,338.75
PRODUCTO_3,AUTOMOTRIZ,PERU,SONY,2020,720.02
PRODUCTO_3,AUTOMOTRIZ,PERU,APPLE,2021,194.12
PRODUCTO_3,AUTOMOTRIZ,PERU,SONY,2022,396.88
PRODUCTO_3,AUTOMOTRIZ,PERU,LG,2023,341.11
PRODUCTO_3,AUTOMOTRIZ,PERU,LG,2024,91.67
PRODUCTO_3,AUTOMOTRIZ,COLOMBIA,SAMSUNG,2018,551.25
PRODUCTO_3,AUTOMOTRIZ,COLOMBIA,DELL,2019,243.61
PRODUCTO_3,AUTOMOTRIZ,COLOMBIA,LG,2020,576.44
PRODUCTO_3,AUTOMOTRIZ,COLOMBIA,XIAOMI,2021,87.76
PRODUCTO_3,AUTOMOTRIZ,COLOMBIA,DELL,2022,427.68
PRODUCTO_3,AUTOMOTRIZ,COLOMBIA,SONY,2023,233.94
PRODUCTO_3,AUTOMOTRIZ,COLOMBIA,XIAOMI,2024,268.45
PRODUCTO_3,AUTOMOTRIZ,MEXICO,LG,2018,122.39
PRODUCTO_3,AUTOMOTRIZ,MEXICO,HUAWEI,2019,267.95
PRODUCTO_3,AUTOMOTRIZ,MEXICO,SONY,2020,159.41
PRODUCTO_3,AUTOMOTRIZ,MEXICO,XIAOMI,2021,277.67
PRODUCTO_3,AUTOMOTRIZ,MEXICO,SAMSUNG,2022,102.09
PRODUCTO_3,AUTOMOTRIZ,MEXICO,HP,2023,447.96
PRODUCTO_3,AUTOMOTRIZ,MEXICO,APPLE,2024,23.33
PRODUCTO_3,AUTOMOTRIZ,ARGENTINA,DELL,2018,727.81
PRODUCTO_3,AUTOMOTRIZ,ARGENTINA,HP,2019,33.77
PRODUCTO_3,AUTOMOTRIZ,ARGENTINA,SONY,2020,345.44
PRODUCTO_3,AUTOMOTRIZ,ARGENTINA,SAMSUNG,2021,773.16
PRODUCTO_3,AUTOMOTRIZ,ARGENTINA,XIAOMI,2022,799.27
PRODUCTO_3,AUTOMOTRIZ,ARGENTINA,HUAWEI,2023,354.31
PRODUCTO_3,AUTOMOTRIZ,ARGENTINA,SAMSUNG,2024,572.14
PRODUCTO_3,AUTOMOTRIZ,BRASIL,LG,2018,325.52
PRODUCTO_3,AUTOMOTRIZ,BRASIL,HP,2019,475.88
PRODUCTO_3,AUTOMOTRIZ,BRASIL,HP,2020,544.64
PRODUCTO_3,AUTOMOTRIZ,BRASIL,HP,2021,256.36
PRODUCTO_3,AUTOMOTRIZ,BRASIL,XIAOMI,2022,237.18
PRODUCTO_3,AUTOMOTRIZ,BRASIL,APPLE,2023,272.29
PRODUCTO_3,AUTOMOTRIZ,BRASIL,HUAWEI,2024,717.5
PRODUCTO_4,JUGUETERÍA,CHILE,SAMSUNG,2018,115.18
PRODUCTO_4,JUGUETERÍA,CHILE,XIAOMI,2019,40.54
PRODUCTO_4,JUGUETERÍA,CHILE,DELL,2020,100.31
PRODUCTO_4,JUGUETERÍA,CHILE,DELL,2021,30.64
PRODUCTO_4,JUGUETERÍA,CHILE,APPLE,2022,95.6
PRODUCTO_4,JUGUETERÍA,CHILE,DELL,2023,86.63
PRODUCTO_4,JUGUETERÍA,CHILE,APPLE,2024,106.29
PRODUCTO_4,JUGUETERÍA,PERU,HP,2018,118.73
PRODUCTO_4,JUGUETERÍA,PERU,DELL,2019,71.11
PRODUCTO_4,JUGUETERÍA,PERU,SAMSUNG,2020,11.36
PRODUCTO_4,JUGUETERÍA,PERU,HUAWEI,2021,113.08
PRODUCTO_4,JUGUETERÍA,PERU,APPLE,2022,60.06
PRODUCTO_4,JUGUETERÍA,PERU,LG,2023,64.36
PRODUCTO_4,JUGUETERÍA,PERU,DELL,2024,79.3
PRODUCTO_4,JUGUETERÍA,COLOMBIA,LG,2018,18.46
PRODUCTO_4,JUGUETERÍA,COLOMBIA,HP,2019,68.66
PRODUCTO_4,JUGUETERÍA,COLOMBIA,DELL,2020,94.16
PRODUCTO_4,JUGUETERÍA,COLOMBIA,LG,2021,49.94
PRODUCTO_4,JUGUETERÍA,COLOMBIA,APPLE,2022,102.54
PRODUCTO_4,JUGUETERÍA,COLOMBIA,DELL,2023,52.91
PRODUCTO_4,JUGUETERÍA,COLOMBIA,APPLE,2024,32.14
PRODUCTO_4,JUGUETERÍA,MEXICO,DELL,2018,115.35
PRODUCTO_4,JUGUETERÍA,MEXICO,APPLE,2019,109.13
PRODUCTO_4,JUGUETERÍA,MEXICO,APPLE,2020,35.11
PRODUCTO_4,JUGUETERÍA,MEXICO,SONY,2021,88.94
PRODUCTO_4,JUGUETERÍA,MEXICO,DELL,2022,63.3
PRODUCTO_4,JUGUETERÍA,MEXICO,HUAWEI,2023,69.17
PRODUCTO_4,JUGUETERÍA,MEXICO,DELL,2024,44.42
PRODUCTO_4,JUGUETERÍA,ARGENTINA,LG,2018,43.04
PRODUCTO_4,JUGUETERÍA,ARGENTINA,HP,2019,22.89
PRODUCTO_4,JUGUETERÍA,ARGENTINA,APPLE,2020,63.13
PRODUCTO_4,JUGUETERÍA,ARGENTINA,LG,2021,37.65
PRODUCTO_4,JUGUETERÍA,ARGENTINA,APPLE,2022,53.52
PRODUCTO_4,JUGUETERÍA,ARGENTINA,XIAOMI,2023,49.3
PRODUCTO_4,JUGUETERÍA,ARGENTINA,SONY,2024,117.31
PRODUCTO_4,JUGUETERÍA,BRASIL,SAMSUNG,2018,77.78
PRODUCTO_4,JUGUETERÍA,BRASIL,LG,2019,51.03
PRODUCTO_4,JUGUETERÍA,BRASIL,HUAWEI,2020,75.36
PRODUCTO_4,JUGUETERÍA,BRASIL,DELL,2021,62.06
PRODUCTO_4,JUGUETERÍA,BRASIL,SAMSUNG,2022,61.18
PRODUCTO_4,JUGUETERÍA,BRASIL,HUAWEI,2023,19.64
PRODUCTO_4,JUGUETERÍA,BRASIL,APPLE,2024,18.02
PRODUCTO_5,JUGUETERÍA,CHILE,HUAWEI,2018,32.81
PRODUCTO_5,JUGUETERÍA,CHILE,HUAWEI,2019,47.9
PRODUCTO_5,JUGUETERÍA,CHILE,DELL,2020,119.82
PRODUCTO_5,JUGUETERÍA,CHILE,LG,2021,116.51
PRODUCTO_5,JUGUETERÍA,CHILE,DELL,2022,97.46
PRODUCTO_5,JUGUETERÍA,CHILE,DELL,2023,59.99
PRODUCTO_5,JUGUETERÍA,CHILE,DELL,2024,23.63
PRODUCTO_5,JUGUETERÍA,PERU,APPLE,2018,21.15
PRODUCTO_5,JUGUETERÍA,PERU,XIAOMI,2019,113.37
PRODUCTO_5,JUGUETERÍA,PERU,SAMSUNG,2020,115.63
PRODUCTO_5,JUGUETERÍA,PERU,DELL,2021,89.73
PRODUCTO_5,JUGUETERÍA,PERU,LG,2022,92.12
PRODUCTO_5,JUGUETERÍA,PERU,DELL,2023,57.88
PRODUCTO_5,JUGUETERÍA,PERU,HP,2024,52.06
PRODUCTO_5,JUGUETERÍA,COLOMBIA,HP,2018,44.19
PRODUCTO_5,JUGUETERÍA,COLOMBIA,LG,2019,102.02
PRODUCTO_5,JUGUETERÍA,COLOMBIA,SONY,2020,104.59
PRODUCTO_5,JUGUETERÍA,COLOMBIA,SAMSUNG,2021,28.15
PRODUCTO_5,JUGUETERÍA,COLOMBIA,APPLE,2022,9.64
PRODUCTO_5,JUGUETERÍA,COLOMBIA,SONY,2023,60.34
PRODUCTO_5,JUGUETERÍA,COLOMBIA,DELL,2024,62.59
PRODUCTO_5,JUGUETERÍA,MEXICO,APPLE,2018,22.18
PRODUCTO_5,JUGUETERÍA,MEXICO,XIAOMI,2019,36.53
PRODUCTO_5,JUGUETERÍA,MEXICO,HP,2020,72.46
PRODUCTO_5,JUGUETERÍA,MEXICO,LG,2021,84.46
PRODUCTO_5,JUGUETERÍA,MEXICO,LG,2022,44.26
PRODUCTO_5,JUGUETERÍA,MEXICO,HP,2023,20.27
PRODUCTO_5,JUGUETERÍA,MEXICO,DELL,2024,78.15
PRODUCTO_5,JUGUETERÍA,ARGENTINA,LG,2018,104.13
PRODUCTO_5,JUGUETERÍA,ARGENTINA,SONY,2019,83.76
PRODUCTO_5,JUGUETERÍA,ARGENTINA,HP,2020,119.0
PRODUCTO_5,JUGUETERÍA,ARGENTINA,HUAWEI,2021,111.21
PRODUCTO_5,JUGUETERÍA,ARGENTINA,SAMSUNG,2022,80.23
PRODUCTO_5,JUGUETERÍA,ARGENTINA,XIAOMI,2023,61.52
PRODUCTO_5,JUGUETERÍA,ARGENTINA,XIAOMI,2024,90.31
PRODUCTO_5,JUGUETERÍA,BRASIL,DELL,2018,28.92
PRODUCTO_5,JUGUETERÍA,BRASIL,HUAWEI,2019,13.7
PRODUCTO_5,JUGUETERÍA,BRASIL,SONY,2020,43.62
PRODUCTO_5,JUGUETERÍA,BRASIL,XIAOMI,2021,59.73
PRODUCTO_5,JUGUETERÍA,BRASIL,SAMSUNG,2022,90.94
PRODUCTO_5,JUGUETERÍA,BRASIL,HUAWEI,2023,5.49
PRODUCTO_5,JUGUETERÍA,BRASIL,SAMSUNG,2024,89.74
PRODUCTO_6,AUTOMOTRIZ,CHILE,SONY,2018,284.95
PRODUCTO_6,AUTOMOTRIZ,CHILE,LG,2019,479.39
PRODUCTO_6,AUTOMOTRIZ,CHILE,SONY,2020,692.69
PRODUCTO_6,AUTOMOTRIZ,CHILE,APPLE,2021,422.77
PRODUCTO_6,AUTOMOTRIZ,CHILE,XIAOMI,2022,535.3
PRODUCTO_6,AUTOMOTRIZ,CHILE,HP,2023,693.23
PRODUCTO_6,AUTOMOTRIZ,CHILE,SAMSUNG,2024,297.4
PRODUCTO_6,AUTOMOTRIZ,PERU,LG,2018,459.78
PRODUCTO_6,AUTOMOTRIZ,PERU,SONY,2019,446.67
PRODUCTO_6,AUTOMOTRIZ,PERU,HP,2020,276.83
PRODUCTO_6,AUTOMOTRIZ,PERU,DELL,2021,684.41
PRODUCTO_6,AUTOMOTRIZ,PERU,XIAOMI,2022,202.13
PRODUCTO_6,AUTOMOTRIZ,PERU,SONY,2023,33.85
PRODUCTO_6,AUTOMOTRIZ,PERU,DELL,2024,693.91
PRODUCTO_6,AUTOMOTRIZ,COLOMBIA,HP,2018,468.46
PRODUCTO_6,AUTOMOTRIZ,COLOMBIA,APPLE,2019,450.4
PRODUCTO_6,AUTOMOTRIZ,COLOMBIA,SONY,2020,369.52
PRODUCTO_6,AUTOMOTRIZ,COLOMBIA,HUAWEI,2021,202.18
PRODUCTO_6,AUTOMOTRIZ,COLOMBIA,XIAOMI,2022,95.5
PRODUCTO_6,AUTOMOTRIZ,COLOMBIA,HUAWEI,2023,37.21
PRODUCTO_6,AUTOMOTRIZ,COLOMBIA,HP,2024,642.99
PRODUCTO_6,AUTOMOTRIZ,MEXICO,APPLE,2018,725.75
PRODUCTO_6,AUTOMOTRIZ,MEXICO,HP,2019,80.71
PRODUCTO_6,AUTOMOTRIZ,MEXICO,APPLE,2020,556.48
PRODUCTO_6,AUTOMOTRIZ,MEXICO,LG,2021,741.9
PRODUCTO_6,AUTOMOTRIZ,MEXICO,SONY,2022,545.53
PRODUCTO_6,AUTOMOTRIZ,MEXICO,HUAWEI,2023,462.65
PRODUCTO_6,AUTOMOTRIZ,MEXICO,DELL,2024,741.29
PRODUCTO_6,AUTOMOTRIZ,ARGENTINA,XIAOMI,2018,449.01
PRODUCTO_6,AUTOMOTRIZ,ARGENTINA,LG,2019,726.27
PRODUCTO_6,AUTOMOTRIZ,ARGENTINA,SONY,2020,202.23
PRODUCTO_6,AUTOMOTRIZ,ARGENTINA,APPLE,2021,485.27
PRODUCTO_6,AUTOMOTRIZ,ARGENTINA,DELL,2022,404.85
PRODUCTO_6,AUTOMOTRIZ,ARGENTINA,XIAOMI,2023,493.0
PRODUCTO_6,AUTOMOTRIZ,ARGENTINA,HUAWEI,2024,289.92
PRODUCTO_6,AUTOMOTRIZ,BRASIL,SAMSUNG,2018,110.77
PRODUCTO_6,AUTOMOTRIZ,BRASIL,HUAWEI,2019,690.8
PRODUCTO_6,AUTOMOTRIZ,BRASIL,APPLE,2020,726.59
PRODUCTO_6,AUTOMOTRIZ,BRASIL,HUAWEI,2021,436.3
PRODUCTO_6,AUTOMOTRIZ,BRASIL,DELL,2022,215.83
PRODUCTO_6,AUTOMOTRIZ,BRASIL,LG,2023,41.43
PRODUCTO_6,AUTOMOTRIZ,BRASIL,HUAWEI,2024,118.25
PRODUCTO_7,DEPORTE,CHILE,LG,2018,174.6
PRODUCTO_7,DEPORTE,CHILE,SAMSUNG,2019,87.64
PRODUCTO_7,DEPORTE,CHILE,SONY,2020,266.09
PRODUCTO_7,DEPORTE,CHILE,DELL,2021,17.21
PRODUCTO_7,DEPORTE,CHILE,SONY,2022,159.97
PRODUCTO_7,DEPORTE,CHILE,XIAOMI,2023,338.65
PRODUCTO_7,DEPORTE,CHILE,LG,2024,160.81
PRODUCTO_7,DEPORTE,PERU,HP,2018,251.61
PRODUCTO_7,DEPORTE,PERU,SAMSUNG,2019,211.73
PRODUCTO_7,DEPORTE,PERU,DELL,2020,70.57
PRODUCTO_7,DEPORTE,PERU,SAMSUNG,2021,386.09
PRODUCTO_7,DEPORTE,PERU,SAMSUNG,2022,189.7
PRODUCTO_7,DEPORTE,PERU,APPLE,2023,309.64
PRODUCTO_7,DEPORTE,PERU,HUAWEI,2024,308.88
PRODUCTO_7,DEPORTE,COLOMBIA,DELL,2018,352.91
PRODUCTO_7,DEPORTE,COLOMBIA,LG,2019,136.2
PRODUCTO_7,DEPORTE,COLOMBIA,APPLE,2020,53.14
PRODUCTO_7,DEPORTE,COLOMBIA,APPLE,2021,294.08
PRODUCTO_7,DEPORTE,COLOMBIA,XIAOMI,2022,316.6
PRODUCTO_7,DEPORTE,COLOMBIA,SONY,2023,259.36
PRODUCTO_7,DEPORTE,COLOMBIA,SONY,2024,269.1
PRODUCTO_7,DEPORTE,MEXICO,HP,2018,261.04
PRODUCTO_7,DEPORTE,MEXICO,SAMSUNG,2019,318.65
PRODUCTO_7,DEPORTE,MEXICO,SAMSUNG,2020,208.44
PRODUCTO_7,DEPORTE,MEXICO,XIAOMI,2021,258.86
PRODUCTO_7,DEPORTE,MEXICO,SAMSUNG,2022,267.78
PRODUCTO_7,DEPORTE,MEXICO,LG,2023,165.19
PRODUCTO_7,DEPORTE,MEXICO,HP,2024,391.97
PRODUCTO_7,DEPORTE,ARGENTINA,APPLE,2018,355.17
PRODUCTO_7,DEPORTE,ARGENTINA,LG,2019,167.02
PRODUCTO_7,DEPORTE,ARGENTINA,HUAWEI,2020,317.95
PRODUCTO_7,DEPORTE,ARGENTINA,SAMSUNG,2021,55.88
PRODUCTO_7,DEPORTE,ARGENTINA,SONY,2022,45.09
PRODUCTO_7,DEPORTE,ARGENTINA,XIAOMI,2023,340.39
PRODUCTO_7,DEPORTE,ARGENTINA,APPLE,2024,298.84
PRODUCTO_7,DEPORTE,BRASIL,LG,2018,332.05
PRODUCTO_7,DEPORTE,BRASIL,APPLE,2019,15.81
PRODUCTO_7,DEPORTE,BRASIL,LG,2020,385.63
PRODUCTO_7,DEPORTE,BRASIL,HP,2021,318.65
PRODUCTO_7,DEPORTE,BRASIL,HUAWEI,2022,95.48
PRODUCTO_7,DEPORTE,BRASIL,XIAOMI,2023,63.78
PRODUCTO_7,DEPORTE,BRASIL,LG,2024,190.97
PRODUCTO_8,COMPUTACIÓN,CHILE,LG,2018,544.12
PRODUCTO_8,COMPUTACIÓN,CHILE,DELL,2019,1410.15
PRODUCTO_8,COMPUTACIÓN,CHILE,LG,2020,782.21
PRODUCTO_8,COMPUTACIÓN,CHILE,HP,2021,162.67
PRODUCTO_8,COMPUTACIÓN,CHILE,LG,2022,1792.78
PRODUCTO_8,COMPUTACIÓN,CHILE,HP,2023,1714.22
PRODUCTO_8,COMPUTACIÓN,CHILE,SAMSUNG,2024,226.95
PRODUCTO_8,COMPUTACIÓN,PERU,DELL,2018,681.94
PRODUCTO_8,COMPUTACIÓN,PERU,APPLE,2019,1763.15
PRODUCTO_8,COMPUTACIÓN,PERU,XIAOMI,2020,637.72
PRODUCTO_8,COMPUTACIÓN,PERU,HUAWEI,2021,1831.4
PRODUCTO_8,COMPUTACIÓN,PERU,APPLE,2022,948.13
PRODUCTO_8,COMPUTACIÓN,PERU,XIAOMI,2023,1586.23
PRODUCTO_8,COMPUTACIÓN,PERU,LG,2024,942.83
PRODUCTO_8,COMPUTACIÓN,COLOMBIA,DELL,2018,1741.98
PRODUCTO_8,COMPUTACIÓN,COLOMBIA,HP,2019,1589.69
PRODUCTO_8,COMPUTACIÓN,COLOMBIA,HP,2020,1537.96
PRODUCTO_8,COMPUTACIÓN,COLOMBIA,LG,2021,1771.35
PRODUCTO_8,COMPUTACIÓN,COLOMBIA,SAMSUNG,2022,1380.01
PRODUCTO_8,COMPUTACIÓN,COLOMBIA,XIAOMI,2023,1853.0
PRODUCTO_8,COMPUTACIÓN,COLOMBIA,DELL,2024,1308.72
PRODUCTO_8,COMPUTACIÓN,MEXICO,SONY,2018,1759.8
PRODUCTO_8,COMPUTACIÓN,MEXICO,XIAOMI,2019,1269.3
PRODUCTO_8,COMPUTACIÓN,MEXICO,SONY,2020,945.29
PRODUCTO_8,COMPUTACIÓN,MEXICO,HUAWEI,2021,1151.51
PRODUCTO_8,COMPUTACIÓN,MEXICO,SONY,2022,1632.17
PRODUCTO_8,COMPUTACIÓN,MEXICO,XIAOMI,2023,445.96
PRODUCTO_8,COMPUTACIÓN,MEXICO,HP,2024,342.18
PRODUCTO_8,COMPUTACIÓN,ARGENTINA,XIAOMI,2018,493.54
PRODUCTO_8,COMPUTACIÓN,ARGENTINA,DELL,2019,973.92
PRODUCTO_8,COMPUTACIÓN,ARGENTINA,HUAWEI,2020,1661.88
PRODUCTO_8,COMPUTACIÓN,ARGENTINA,XIAOMI,2021,980.68
PRODUCTO_8,COMPUTACIÓN,ARGENTINA,HP,2022,1076.21
PRODUCTO_8,COMPUTACIÓN,ARGENTINA,SONY,2023,1345.62
PRODUCTO_8,COMPUTACIÓN,ARGENTINA,APPLE,2024,813.94
PRODUCTO_8,COMPUTACIÓN,BRASIL,APPLE,2018,573.27
PRODUCTO_8,COMPUTACIÓN,BRASIL,HP,2019,1150.93
PRODUCTO_8,COMPUTACIÓN,BRASIL,LG,2020,1925.64
PRODUCTO_8,COMPUTACIÓN,BRASIL,APPLE,2021,176.12
PRODUCTO_8,COMPUTACIÓN,BRASIL,HP,2022,598.71
PRODUCTO_8,COMPUTACIÓN,BRASIL,DELL,2023,1054.85
PRODUCTO_8,COMPUTACIÓN,BRASIL,LG,2024,217.05
PRODUCTO_9,BELLEZA,CHILE,LG,2018,144.72
PRODUCTO_9,BELLEZA,CHILE,APPLE,2019,53.02
PRODUCTO_9,BELLEZA,CHILE,SONY,2020,135.61
PRODUCTO_9,BELLEZA,CHILE,SONY,2021,116.8
PRODUCTO_9,BELLEZA,CHILE,XIAOMI,2022,196.14
PRODUCTO_9,BELLEZA,CHILE,SAMSUNG,2023,29.05
PRODUCTO_9,BELLEZA,CHILE,HUAWEI,2024,100.07
PRODUCTO_9,BELLEZA,PERU,LG,2018,92.24
PRODUCTO_9,BELLEZA,PERU,DELL,2019,45.05
PRODUCTO_9,BELLEZA,PERU,XIAOMI,2020,36.93
PRODUCTO_9,BELLEZA,PERU,DELL,2021,7.55
PRODUCTO_9,BELLEZA,PERU,HUAWEI,2022,80.64
PRODUCTO_9,BELLEZA,PERU,HUAWEI,2023,156.87
PRODUCTO_9,BELLEZA,PERU,DELL,2024,29.09
PRODUCTO_9,BELLEZA,COLOMBIA,APPLE,2018,149.3
PRODUCTO_9,BELLEZA,COLOMBIA,LG,2019,144.6
PRODUCTO_9,BELLEZA,COLOMBIA,SONY,2020,50.1
PRODUCTO_9,BELLEZA,COLOMBIA,LG,2021,171.94
PRODUCTO_9,BELLEZA,COLOMBIA,SONY,2022,112.4
PRODUCTO_9,BELLEZA,COLOMBIA,XIAOMI,2023,15.85
PRODUCTO_9,BELLEZA,COLOMBIA,SONY,2024,140.9
PRODUCTO_9,BELLEZA,MEXICO,XIAOMI,2018,152.58
PRODUCTO_9,BELLEZA,MEXICO,SONY,2019,47.33
PRODUCTO_9,BELLEZA,MEXICO,SAMSUNG,2020,118.91
PRODUCTO_9,BELLEZA,MEXICO,SAMSUNG,2021,34.23
PRODUCTO_9,BELLEZA,MEXICO,HP,2022,68.46
PRODUCTO_9,BELLEZA,MEXICO,SAMSUNG,2023,198.91
PRODUCTO_9,BELLEZA,MEXICO,DELL,2024,108.77
PRODUCTO_9,BELLEZA,ARGENTINA,XIAOMI,2018,167.41
PRODUCTO_9,BELLEZA,ARGENTINA,XIAOMI,2019,94.23
PRODUCTO_9,BELLEZA,ARGENTINA,SAMSUNG,2020,150.31
PRODUCTO_9,BELLEZA,ARGENTINA,APPLE,2021,64.64
PRODUCTO_9,BELLEZA,ARGENTINA,HUAWEI,2022,46.24
PRODUCTO_9,BELLEZA,ARGENTINA,LG,2023,168.82
PRODUCTO_9,BELLEZA,ARGENTINA,SAMSUNG,2024,115.33
PRODUCTO_9,BELLEZA,BRASIL,HUAWEI,2018,128.87
PRODUCTO_9,BELLEZA,BRASIL,APPLE,2019,165.93
PRODUCTO_9,BELLEZA,BRASIL,SAMSUNG,2020,161.95
PRODUCTO_9,BELLEZA,BRASIL,HUAWEI,2021,127.42
PRODUCTO_9,BELLEZA,BRASIL,LG,2022,106.68
PRODUCTO_9,BELLEZA,BRASIL,DELL,2023,138.19
PRODUCTO_9,BELLEZA,BRASIL,XIAOMI,2024,54.69
PRODUCTO_10,BELLEZA,CHILE,XIAOMI,2018,66.07
PRODUCTO_10,BELLEZA,CHILE,XIAOMI,2019,38.74
PRODUCTO_10,BELLEZA,CHILE,LG,2020,132.07
PRODUCTO_10,BELLEZA,CHILE,HP,2021,50.77
PRODUCTO_10,BELLEZA,CHILE,HP,2022,114.22
PRODUCTO_10,BELLEZA,CHILE,LG,2023,139.88
PRODUCTO_10,BELLEZA,CHILE,LG,2024,100.45
PRODUCTO_10,BELLEZA,PERU,LG,2018,139.6
PRODUCTO_10,BELLEZA,PERU,HP,2019,148.69
PRODUCTO_10,BELLEZA,PERU,DELL,2020,177.4
PRODUCTO_10,BELLEZA,PERU,HP,2021,15.79
PRODUCTO_10,BELLEZA,PERU,HUAWEI,2022,104.53
PRODUCTO_10,BELLEZA,PERU,DELL,2023,26.15
PRODUCTO_10,BELLEZA,PERU,HUAWEI,2024,33.31
PRODUCTO_10,BELLEZA,COLOMBIA,XIAOMI,2018,66.31
PRODUCTO_10,BELLEZA,COLOMBIA,DELL,2019,191.3
PRODUCTO_10,BELLEZA,COLOMBIA,XIAOMI,2020,65.36
PRODUCTO_10,BELLEZA,COLOMBIA,LG,2021,168.66
PRODUCTO_10,BELLEZA,COLOMBIA,XIAOMI,2022,109.83
PRODUCTO_10,BELLEZA,COLOMBIA,APPLE,2023,66.81
PRODUCTO_10,BELLEZA,COLOMBIA,APPLE,2024,62.33
PRODUCTO_10,BELLEZA,MEXICO,SONY,2018,13.71
PRODUCTO_10,BELLEZA,MEXICO,DELL,2019,145.59
PRODUCTO_10,BELLEZA,MEXICO,APPLE,2020,173.74
PRODUCTO_10,BELLEZA,MEXICO,HP,2021,173.66
PRODUCTO_10,BELLEZA,MEXICO,HP,2022,190.42
PRODUCTO_10,BELLEZA,MEXICO,LG,2023,57.32
PRODUCTO_10,BELLEZA,MEXICO,LG,2024,109.65
PRODUCTO_10,BELLEZA,ARGENTINA,SAMSUNG,2018,35.81
PRODUCTO_10,BELLEZA,ARGENTINA,SONY,2019,44.41
PRODUCTO_10,BELLEZA,ARGENTINA,LG,2020,113.82
PRODUCTO_10,BELLEZA,ARGENTINA,HP,2021,88.18
PRODUCTO_10,BELLEZA,ARGENTINA,APPLE,2022,31.2
PRODUCTO_10,BELLEZA,ARGENTINA,HUAWEI,2023,190.71
PRODUCTO_10,BELLEZA,ARGENTINA,DELL,2024,8.84
PRODUCTO_10,BELLEZA,BRASIL,XIAOMI,2018,122.85
PRODUCTO_10,BELLEZA,BRASIL,XIAOMI,2019,30.09
PRODUCTO_10,BELLEZA,BRASIL,XIAOMI,2020,27.03
PRODUCTO_10,BELLEZA,BRASIL,APPLE,2021,99.3
PRODUCTO_10,BELLEZA,BRASIL,SONY,2022,37.0
PRODUCTO_10,BELLEZA,BRASIL,HUAWEI,2023,74.72
PRODUCTO_10,BELLEZA,BRASIL,APPLE,2024,145.82
PRODUCTO_11,AUTOMOTRIZ,CHILE,APPLE,2018,315.29
PRODUCTO_11,AUTOMOTRIZ,CHILE,LG,2019,149.2
PRODUCTO_11,AUTOMOTRIZ,CHILE,SAMSUNG,2020,369.91
PRODUCTO_11,AUTOMOTRIZ,CHILE,SAMSUNG,2021,652.74
PRODUCTO_11,AUTOMOTRIZ,CHILE,DELL,2022,281.3
PRODUCTO_11,AUTOMOTRIZ,CHILE,SONY,2023,476.4
PRODUCTO_11,AUTOMOTRIZ,CHILE,HUAWEI,2024,449.85
PRODUCTO_11,AUTOMOTRIZ,PERU,HP,2018,243.08
PRODUCTO_11,AUTOMOTRIZ,PERU,HUAWEI,2019,478.31
PRODUCTO_11,AUTOMOTRIZ,PERU,XIAOMI,2020,131.48
PRODUCTO_11,AUTOMOTRIZ,PERU,HP,2021,657.82
PRODUCTO_11,AUTOMOTRIZ,PERU,XIAOMI,2022,723.97
PRODUCTO_11,AUTOMOTRIZ,PERU,DELL,2023,200.86
PRODUCTO_11,AUTOMOTRIZ,PERU,SONY,2024,74.76
PRODUCTO_11,AUTOMOTRIZ,COLOMBIA,HP,2018,43.9
PRODUCTO_11,AUTOMOTRIZ,COLOMBIA,HP,2019,370.69
PRODUCTO_11,AUTOMOTRIZ,COLOMBIA,SONY,2020,25.01
PRODUCTO_11,AUTOMOTRIZ,COLOMBIA,HUAWEI,2021,84.29
PRODUCTO_11,AUTOMOTRIZ,COLOMBIA,APPLE,2022,268.8
PRODUCTO_11,AUTOMOTRIZ,COLOMBIA,SONY,2023,83.62
PRODUCTO_11,AUTOMOTRIZ,COLOMBIA,APPLE,2024,477.79
PRODUCTO_11,AUTOMOTRIZ,MEXICO,SAMSUNG,2018,734.9
PRODUCTO_11,AUTOMOTRIZ,MEXICO,SAMSUNG,2019,785.71
PRODUCTO_11,AUTOMOTRIZ,MEXICO,SONY,2020,227.05
PRODUCTO_11,AUTOMOTRIZ,MEXICO,SONY,2021,156.83
PRODUCTO_11,AUTOMOTRIZ,MEXICO,APPLE,2022,58.06
PRODUCTO_11,AUTOMOTRIZ,MEXICO,HP,2023,128.65
PRODUCTO_11,AUTOMOTRIZ,MEXICO,DELL,2024,94.26
PRODUCTO_11,AUTOMOTRIZ,ARGENTINA,DELL,2018,68.48
PRODUCTO_11,AUTOMOTRIZ,ARGENTINA,APPLE,2019,623.31
PRODUCTO_11,AUTOMOTRIZ,ARGENTINA,LG,2020,566.59
PRODUCTO_11,AUTOMOTRIZ,ARGENTINA,HP,2021,76.65
PRODUCTO_11,AUTOMOTRIZ,ARGENTINA,SONY,2022,404.31
PRODUCTO_11,AUTOMOTRIZ,ARGENTINA,DELL,2023,426.84
PRODUCTO_11,AUTOMOTRIZ,ARGENTINA,DELL,2024,400.44
PRODUCTO_11,AUTOMOTRIZ,BRASIL,SAMSUNG,2018,246.81
PRODUCTO_11,AUTOMOTRIZ,BRASIL,DELL,2019,319.06
PRODUCTO_11,AUTOMOTRIZ,BRASIL,DELL,2020,134.71
PRODUCTO_11,AUTOMOTRIZ,BRASIL,HUAWEI,2021,576.48
PRODUCTO_11,AUTOMOTRIZ,BRASIL,LG,2022,249.57
PRODUCTO_11,AUTOMOTRIZ,BRASIL,APPLE,2023,524.67
PRODUCTO_11,AUTOMOTRIZ,BRASIL,SAMSUNG,2024,388.35
PRODUCTO_12,JUGUETERÍA,CHILE,DELL,2018,25.7
PRODUCTO_12,JUGUETERÍA,CHILE,XIAOMI,2019,44.61
PRODUCTO_12,JUGUETERÍA,CHILE,SONY,2020,30.84
PRODUCTO_12,JUGUETERÍA,CHILE,DELL,2021,108.0
PRODUCTO_12,JUGUETERÍA,CHILE,HUAWEI,2022,12.85
PRODUCTO_12,JUGUETERÍA,CHILE,SONY,2023,117.48
PRODUCTO_12,JUGUETERÍA,CHILE,LG,2024,112.7
PRODUCTO_12,JUGUETERÍA,PERU,HP,2018,8.12
PRODUCTO_12,JUGUETERÍA,PERU,SONY,2019,85.65
PRODUCTO_12,JUGUETERÍA,PERU,HUAWEI,2020,108.27
PRODUCTO_12,JUGUETERÍA,PERU,HUAWEI,2021,17.3
PRODUCTO_12,JUGUETERÍA,PERU,SAMSUNG,2022,115.11
PRODUCTO_12,JUGUETERÍA,PERU,SONY,2023,95.35
PRODUCTO_12,JUGUETERÍA,PERU,HP,2024,118.27
PRODUCTO_12,JUGUETERÍA,COLOMBIA,HUAWEI,2018,43.1
PRODUCTO_12,JUGUETERÍA,COLOMBIA,SONY,2019,47.31
PRODUCTO_12,JUGUETERÍA,COLOMBIA,SAMSUNG,2020,102.97
PRODUCTO_12,JUGUETERÍA,COLOMBIA,APPLE,2021,39.06
PRODUCTO_12,JUGUETERÍA,COLOMBIA,XIAOMI,2022,5.14
PRODUCTO_12,JUGUETERÍA,COLOMBIA,SONY,2023,62.65
PRODUCTO_12,JUGUETERÍA,COLOMBIA,LG,2024,118.56
PRODUCTO_12,JUGUETERÍA,MEXICO,HUAWEI,2018,80.13
PRODUCTO_12,JUGUETERÍA,MEXICO,APPLE,2019,35.45
PRODUCTO_12,JUGUETERÍA,MEXICO,SAMSUNG,2020,70.27
PRODUCTO_12,JUGUETERÍA,MEXICO,SAMSUNG,2021,86.99
PRODUCTO_12,JUGUETERÍA,MEXICO,XIAOMI,2022,102.71
PRODUCTO_12,JUGUETERÍA,MEXICO,SONY,2023,15.78
PRODUCTO_12,JUGUETERÍA,MEXICO,HP,2024,94.64
PRODUCTO_12,JUGUETERÍA,ARGENTINA,HUAWEI,2018,65.14
PRODUCTO_12,JUGUETERÍA,ARGENTINA,DELL,2019,108.02
PRODUCTO_12,JUGUETERÍA,ARGENTINA,HUAWEI,2020,76.29
PRODUCTO_12,JUGUETERÍA,ARGENTINA,SONY,2021,63.27
PRODUCTO_12,JUGUETERÍA,ARGENTINA,HUAWEI,2022,12.84
PRODUCTO_12,JUGUETERÍA,ARGENTINA,LG,2023,10.88
PRODUCTO_12,JUGUETERÍA,ARGENTINA,SAMSUNG,2024,10.58
PRODUCTO_12,JUGUETERÍA,BRASIL,HUAWEI,2018,58.59
PRODUCTO_12,JUGUETERÍA,BRASIL,APPLE,2019,41.56
PRODUCTO_12,JUGUETERÍA,BRASIL,SAMSUNG,2020,114.41
PRODUCTO_12,JUGUETERÍA,BRASIL,SAMSUNG,2021,27.09
PRODUCTO_12,JUGUETERÍA,BRASIL,SONY,2022,96.39
PRODUCTO_12,JUGUETERÍA,BRASIL,HP,2023,26.72
PRODUCTO_12,JUGUETERÍA,BRASIL,LG,2024,37.85
PRODUCTO_13,BELLEZA,CHILE,LG,2018,169.99
PRODUCTO_13,BELLEZA,CHILE,SONY,2019,133.13
PRODUCTO_13,BELLEZA,CHILE,APPLE,2020,176.2
PRODUCTO_13,BELLEZA,CHILE,APPLE,2021,47.33
PRODUCTO_13,BELLEZA,CHILE,APPLE,2022,59.36
PRODUCTO_13,BELLEZA,CHILE,DELL,2023,93.06
PRODUCTO_13,BELLEZA,CHILE,APPLE,2024,89.34
PRODUCTO_13,BELLEZA,PERU,HUAWEI,2018,99.38
PRODUCTO_13,BELLEZA,PERU,HUAWEI,2019,182.24
PRODUCTO_13,BELLEZA,PERU,APPLE,2020,75.63
PRODUCTO_13,BELLEZA,PERU,XIAOMI,2021,135.21
PRODUCTO_13,BELLEZA,PERU,APPLE,2022,144.79
PRODUCTO_13,BELLEZA,PERU,DELL,2023,199.65
PRODUCTO_13,BELLEZA,PERU,LG,2024,184.19
PRODUCTO_13,BELLEZA,COLOMBIA,LG,2018,180.63
PRODUCTO_13,BELLEZA,COLOMBIA,APPLE,2019,180.31
PRODUCTO_13,BELLEZA,COLOMBIA,XIAOMI,2020,39.61
PRODUCTO_13,BELLEZA,COLOMBIA,SAMSUNG,2021,53.13
PRODUCTO_13,BELLEZA,COLOMBIA,HUAWEI,2022,74.15
PRODUCTO_13,BELLEZA,COLOMBIA,SONY,2023,94.84
PRODUCTO_13,BELLEZA,COLOMBIA,XIAOMI,2024,35.75
PRODUCTO_13,BELLEZA,MEXICO,XIAOMI,2018,10.47
PRODUCTO_13,BELLEZA,MEXICO,DELL,2019,175.94
PRODUCTO_13,BELLEZA,MEXICO,SONY,2020,122.88
PRODUCTO_13,BELLEZA,MEXICO,LG,2021,146.28
PRODUCTO_13,BELLEZA,MEXICO,HP,2022,146.78
PRODUCTO_13,BELLEZA,MEXICO,XIAOMI,2023,157.61
PRODUCTO_13,BELLEZA,MEXICO,APPLE,2024,110.48
PRODUCTO_13,BELLEZA,ARGENTINA,LG,2018,136.65
PRODUCTO_13,BELLEZA,ARGENTINA,HP,2019,117.0
PRODUCTO_13,BELLEZA,ARGENTINA,SAMSUNG,2020,67.43
PRODUCTO_13,BELLEZA,ARGENTINA,HUAWEI,2021,181.71
PRODUCTO_13,BELLEZA,ARGENTINA,XIAOMI,2022,27.08
PRODUCTO_13,BELLEZA,ARGENTINA,SONY,2023,79.52
PRODUCTO_13,BELLEZA,ARGENTINA,XIAOMI,2024,193.76
PRODUCTO_13,BELLEZA,BRASIL,HUAWEI,2018,95.22
PRODUCTO_13,BELLEZA,BRASIL,APPLE,2019,155.06
PRODUCTO_13,BELLEZA,BRASIL,DELL,2020,38.05
PRODUCTO_13,BELLEZA,BRASIL,HUAWEI,2021,164.36
PRODUCTO_13,BELLEZA,BRASIL,APPLE,2022,101.77
PRODUCTO_13,BELLEZA,BRASIL,HUAWEI,2023,94.12
PRODUCTO_13,BELLEZA,BRASIL,APPLE,2024,111.89
PRODUCTO_14,ELECTRÓNICA,CHILE,APPLE,2018,1341.25
PRODUCTO_14,ELECTRÓNICA,CHILE,HP,2019,109.96
PRODUCTO_14,ELECTRÓNICA,CHILE,LG,2020,1147.64
PRODUCTO_14,ELECTRÓNICA,CHILE,SAMSUNG,2021,623.73
PRODUCTO_14,ELECTRÓNICA,CHILE,DELL,2022,704.06
PRODUCTO_14,ELECTRÓNICA,CHILE,HUAWEI,2023,383.5
PRODUCTO_14,ELECTRÓNICA,CHILE,SONY,2024,1112.55
PRODUCTO_14,ELECTRÓNICA,PERU,SAMSUNG,2018,536.26
PRODUCTO_14,ELECTRÓNICA,PERU,SONY,2019,1071.08
PRODUCTO_14,ELECTRÓNICA,PERU,HP,2020,1229.04
PRODUCTO_14,ELECTRÓNICA,PERU,APPLE,2021,373.09
PRODUCTO_14,ELECTRÓNICA,PERU,XIAOMI,2022,1449.33
PRODUCTO_14,ELECTRÓNICA,PERU,XIAOMI,2023,1114.9
PRODUCTO_14,ELECTRÓNICA,PERU,HP,2024,483.1
PRODUCTO_14,ELECTRÓNICA,COLOMBIA,SONY,2018,711.2
PRODUCTO_14,ELECTRÓNICA,COLOMBIA,HP,2019,1444.61
PRODUCTO_14,ELECTRÓNICA,COLOMBIA,SONY,2020,127.95
PRODUCTO_14,ELECTRÓNICA,COLOMBIA,XIAOMI,2021,435.26
PRODUCTO_14,ELECTRÓNICA,COLOMBIA,XIAOMI,2022,784.11
PRODUCTO_14,ELECTRÓNICA,COLOMBIA,LG,2023,318.38
PRODUCTO_14,ELECTRÓNICA,COLOMBIA,SAMSUNG,2024,1175.92
PRODUCTO_14,ELECTRÓNICA,MEXICO,APPLE,2018,143.4
PRODUCTO_14,ELECTRÓNICA,MEXICO,SAMSUNG,2019,233.97
PRODUCTO_14,ELECTRÓNICA,MEXICO,XIAOMI,2020,893.7
PRODUCTO_14,ELECTRÓNICA,MEXICO,HP,2021,1252.35
PRODUCTO_14,ELECTRÓNICA,MEXICO,XIAOMI,2022,1216.39
PRODUCTO_14,ELECTRÓNICA,MEXICO,HP,2023,113.89
PRODUCTO_14,ELECTRÓNICA,MEXICO,SONY,2024,952.81
PRODUCTO_14,ELECTRÓNICA,ARGENTINA,XIAOMI,2018,233.55
PRODUCTO_14,ELECTRÓNICA,ARGENTINA,APPLE,2019,285.33
PRODUCTO_14,ELECTRÓNICA,ARGENTINA,HUAWEI,2020,1117.29
PRODUCTO_14,ELECTRÓNICA,ARGENTINA,HP,2021,939.43
PRODUCTO_14,ELECTRÓNICA,ARGENTINA,HP,2022,805.56
PRODUCTO_14,ELECTRÓNICA,ARGENTINA,DELL,2023,1471.17
PRODUCTO_14,ELECTRÓNICA,ARGENTINA,APPLE,2024,848.74
PRODUCTO_14,ELECTRÓNICA,BRASIL,HUAWEI,2018,1003.51
PRODUCTO_14,ELECTRÓNICA,BRASIL,APPLE,2019,722.58
PRODUCTO_14,ELECTRÓNICA,BRASIL,LG,2020,938.87
PRODUCTO_14,ELECTRÓNICA,BRASIL,APPLE,2021,1492.61
PRODUCTO_14,ELECTRÓNICA,BRASIL,HUAWEI,2022,593.43
PRODUCTO_14,ELECTRÓNICA,BRASIL,SONY,2023,160.85
PRODUCTO_14,ELECTRÓNICA,BRASIL,SONY,2024,1022.45
PRODUCTO_15,HOGAR,CHILE,SAMSUNG,2018,245.41
PRODUCTO_15,HOGAR,CHILE,SAMSUNG,2019,291.59
PRODUCTO_15,HOGAR,CHILE,HUAWEI,2020,154.23
PRODUCTO_15,HOGAR,CHILE,SONY,2021,203.7
PRODUCTO_15,HOGAR,CHILE,APPLE,2022,57.6
PRODUCTO_15,HOGAR,CHILE,SAMSUNG,2023,177.84
PRODUCTO_15,HOGAR,CHILE,HP,2024,147.49
PRODUCTO_15,HOGAR,PERU,HUAWEI,2018,123.09
PRODUCTO_15,HOGAR,PERU,SONY,2019,177.78
PRODUCTO_15,HOGAR,PERU,XIAOMI,2020,180.14
PRODUCTO_15,HOGAR,PERU,LG,2021,116.46
PRODUCTO_15,HOGAR,PERU,HUAWEI,2022,177.85
PRODUCTO_15,HOGAR,PERU,SAMSUNG,2023,272.78
PRODUCTO_15,HOGAR,PERU,DELL,2024,270.87
PRODUCTO_15,HOGAR,COLOMBIA,SAMSUNG,2018,29.16
PRODUCTO_15,HOGAR,COLOMBIA,HUAWEI,2019,200.74
PRODUCTO_15,HOGAR,COLOMBIA,XIAOMI,2020,92.25
PRODUCTO_15,HOGAR,COLOMBIA,APPLE,2021,176.92
PRODUCTO_15,HOGAR,COLOMBIA,SONY,2022,172.54
PRODUCTO_15,HOGAR,COLOMBIA,LG,2023,230.52
PRODUCTO_15,HOGAR,COLOMBIA,SONY,2024,105.1
PRODUCTO_15,HOGAR,MEXICO,APPLE,2018,286.81
PRODUCTO_15,HOGAR,MEXICO,DELL,2019,178.28
PRODUCTO_15,HOGAR,MEXICO,SAMSUNG,2020,39.2
PRODUCTO_15,HOGAR,MEXICO,XIAOMI,2021,195.28
PRODUCTO_15,HOGAR,MEXICO,SONY,2022,10.45
PRODUCTO_15,HOGAR,MEXICO,HUAWEI,2023,240.81
PRODUCTO_15,HOGAR,MEXICO,SONY,2024,29.09
PRODUCTO_15,HOGAR,ARGENTINA,SONY,2018,136.11
PRODUCTO_15,HOGAR,ARGENTINA,SONY,2019,122.19
PRODUCTO_15,HOGAR,ARGENTINA,DELL,2020,71.24
PRODUCTO_15,HOGAR,ARGENTINA,DELL,2021,186.01
PRODUCTO_15,HOGAR,ARGENTINA,DELL,2022,19.36
PRODUCTO_15,HOGAR,ARGENTINA,LG,2023,53.51
PRODUCTO_15,HOGAR,ARGENTINA,HP,2024,82.11
PRODUCTO_15,HOGAR,BRASIL,DELL,2018,18.99
PRODUCTO_15,HOGAR,BRASIL,LG,2019,210.66
PRODUCTO_15,HOGAR,BRASIL,LG,2020,221.75
PRODUCTO_15,HOGAR,BRASIL,SAMSUNG,2021,278.72
PRODUCTO_15,HOGAR,BRASIL,APPLE,2022,148.22
PRODUCTO_15,HOGAR,BRASIL,LG,2023,25.58
PRODUCTO_15,HOGAR,BRASIL,HP,2024,21.33
PRODUCTO_16,AUTOMOTRIZ,CHILE,APPLE,2018,486.74
PRODUCTO_16,AUTOMOTRIZ,CHILE,XIAOMI,2019,171.7
PRODUCTO_16,AUTOMOTRIZ,CHILE,XIAOMI,2020,322.64
PRODUCTO_16,AUTOMOTRIZ,CHILE,APPLE,2021,104.77
PRODUCTO_16,AUTOMOTRIZ,CHILE,SONY,2022,302.81
PRODUCTO_16,AUTOMOTRIZ,CHILE,SONY,2023,491.21
PRODUCTO_16,AUTOMOTRIZ,CHILE,XIAOMI,2024,175.08
PRODUCTO_16,AUTOMOTRIZ,PERU,HP,2018,261.19
PRODUCTO_16,AUTOMOTRIZ,PERU,XIAOMI,2019,366.84
PRODUCTO_16,AUTOMOTRIZ,PERU,HUAWEI,2020,642.63
PRODUCTO_16,AUTOMOTRIZ,PERU,LG,2021,265.59
PRODUCTO_16,AUTOMOTRIZ,PERU,APPLE,2022,153.06
PRODUCTO_16,AUTOMOTRIZ,PERU,HUAWEI,2023,577.12
PRODUCTO_16,AUTOMOTRIZ,PERU,HP,2024,488.12
PRODUCTO_16,AUTOMOTRIZ,COLOMBIA,SAMSUNG,2018,204.7
PRODUCTO_16,AUTOMOTRIZ,COLOMBIA,HP,2019,405.8
PRODUCTO_16,AUTOMOTRIZ,COLOMBIA,SONY,2020,264.16
PRODUCTO_16,AUTOMOTRIZ,COLOMBIA,APPLE,2021,387.33
PRODUCTO_16,AUTOMOTRIZ,COLOMBIA,HUAWEI,2022,291.57
PRODUCTO_16,AUTOMOTRIZ,COLOMBIA,XIAOMI,2023,451.6
PRODUCTO_16,AUTOMOTRIZ,COLOMBIA,LG,2024,63.69
PRODUCTO_16,AUTOMOTRIZ,MEXICO,APPLE,2018,244.79
PRODUCTO_16,AUTOMOTRIZ,MEXICO,SAMSUNG,2019,779.73
PRODUCTO_16,AUTOMOTRIZ,MEXICO,HUAWEI,2020,24.39
PRODUCTO_16,AUTOMOTRIZ,MEXICO,APPLE,2021,543.47
PRODUCTO_16,AUTOMOTRIZ,MEXICO,APPLE,2022,464.48
PRODUCTO_16,AUTOMOTRIZ,MEXICO,HP,2023,55.94
PRODUCTO_16,AUTOMOTRIZ,MEXICO,SAMSUNG,2024,530.03
PRODUCTO_16,AUTOMOTRIZ,ARGENTINA,SONY,2018,533.76
PRODUCTO_16,AUTOMOTRIZ,ARGENTINA,LG,2019,109.65
PRODUCTO_16,AUTOMOTRIZ,ARGENTINA,APPLE,2020,321.55
PRODUCTO_16,AUTOMOTRIZ,ARGENTINA,APPLE,2021,287.1
PRODUCTO_16,AUTOMOTRIZ,ARGENTINA,LG,2022,424.91
PRODUCTO_16,AUTOMOTRIZ,ARGENTINA,SAMSUNG,2023,192.09
PRODUCTO_16,AUTOMOTRIZ,ARGENTINA,HP,2024,316.22
PRODUCTO_16,AUTOMOTRIZ,BRASIL,XIAOMI,2018,447.18
PRODUCTO_16,AUTOMOTRIZ,BRASIL,DELL,2019,110.61
PRODUCTO_16,AUTOMOTRIZ,BRASIL,HUAWEI,2020,272.58
PRODUCTO_16,AUTOMOTRIZ,BRASIL,DELL,2021,471.57
PRODUCTO_16,AUTOMOTRIZ,BRASIL,DELL,2022,740.54
PRODUCTO_16,AUTOMOTRIZ,BRASIL,HP,2023,795.22
PRODUCTO_16,AUTOMOTRIZ,BRASIL,SAMSUNG,2024,493.62
PRODUCTO_17,COMPUTACIÓN,CHILE,HP,2018,1219.75
PRODUCTO_17,COMPUTACIÓN,CHILE,HUAWEI,2019,941.57
PRODUCTO_17,COMPUTACIÓN,CHILE,HUAWEI,2020,1635.8
PRODUCTO_17,COMPUTACIÓN,CHILE,HP,2021,683.46
PRODUCTO_17,COMPUTACIÓN,CHILE,LG,2022,1661.81
PRODUCTO_17,COMPUTACIÓN,CHILE,HP,2023,1519.58
PRODUCTO_17,COMPUTACIÓN,CHILE,LG,2024,1064.19
PRODUCTO_17,COMPUTACIÓN,PERU,HP,2018,1485.51
PRODUCTO_17,COMPUTACIÓN,PERU,APPLE,2019,809.27
PRODUCTO_17,COMPUTACIÓN,PERU,XIAOMI,2020,1360.81
PRODUCTO_17,COMPUTACIÓN,PERU,SONY,2021,1679.76
PRODUCTO_17,COMPUTACIÓN,PERU,XIAOMI,2022,1358.25
PRODUCTO_17,COMPUTACIÓN,PERU,HUAWEI,2023,1653.98
PRODUCTO_17,COMPUTACIÓN,PERU,SONY,2024,1382.99
PRODUCTO_17,COMPUTACIÓN,COLOMBIA,HUAWEI,2018,1193.68
PRODUCTO_17,COMPUTACIÓN,COLOMBIA,XIAOMI,2019,240.8
PRODUCTO_17,COMPUTACIÓN,COLOMBIA,XIAOMI,2020,891.54
PRODUCTO_17,COMPUTACIÓN,COLOMBIA,DELL,2021,861.08
PRODUCTO_17,COMPUTACIÓN,COLOMBIA,LG,2022,950.09
PRODUCTO_17,COMPUTACIÓN,COLOMBIA,SONY,2023,1010.79
PRODUCTO_17,COMPUTACIÓN,COLOMBIA,HUAWEI,2024,1716.47
PRODUCTO_17,COMPUTACIÓN,MEXICO,SONY,2018,1629.5
PRODUCTO_17,COMPUTACIÓN,MEXICO,SAMSUNG,2019,232.09
PRODUCTO_17,COMPUTACIÓN,MEXICO,LG,2020,1445.28
PRODUCTO_17,COMPUTACIÓN,MEXICO,HUAWEI,2021,1938.07
PRODUCTO_17,COMPUTACIÓN,MEXICO,SAMSUNG,2022,1615.67
PRODUCTO_17,COMPUTACIÓN,MEXICO,DELL,2023,1954.97
PRODUCTO_17,COMPUTACIÓN,MEXICO,DELL,2024,976.71
PRODUCTO_17,COMPUTACIÓN,ARGENTINA,HP,2018,122.46
PRODUCTO_17,COMPUTACIÓN,ARGENTINA,HUAWEI,2019,1219.95
PRODUCTO_17,COMPUTACIÓN,ARGENTINA,HUAWEI,2020,131.04
PRODUCTO_17,COMPUTACIÓN,ARGENTINA,HP,2021,1010.43
PRODUCTO_17,COMPUTACIÓN,ARGENTINA,SAMSUNG,2022,1895.23
PRODUCTO_17,COMPUTACIÓN,ARGENTINA,DELL,2023,1781.32
PRODUCTO_17,COMPUTACIÓN,ARGENTINA,XIAOMI,2024,1895.78
PRODUCTO_17,COMPUTACIÓN,BRASIL,HUAWEI,2018,1798.13
PRODUCTO_17,COMPUTACIÓN,BRASIL,HUAWEI,2019,254.82
PRODUCTO_17,COMPUTACIÓN,BRASIL,HUAWEI,2020,639.4
PRODUCTO_17,COMPUTACIÓN,BRASIL,HP,2021,818.65
PRODUCTO_17,COMPUTACIÓN,BRASIL,DELL,2022,1334.23
PRODUCTO_17,COMPUTACIÓN,BRASIL,APPLE,2023,1732.35
PRODUCTO_17,COMPUTACIÓN,BRASIL,SONY,2024,671.21
PRODUCTO_18,ELECTRÓNICA,CHILE,DELL,2018,694.12
PRODUCTO_18,ELECTRÓNICA,CHILE,HP,2019,723.64
PRODUCTO_18,ELECTRÓNICA,CHILE,SAMSUNG,2020,1427.77
PRODUCTO_18,ELECTRÓNICA,CHILE,HUAWEI,2021,219.08
PRODUCTO_18,ELECTRÓNICA,CHILE,HP,2022,241.89
PRODUCTO_18,ELECTRÓNICA,CHILE,XIAOMI,2023,1423.22
PRODUCTO_18,ELECTRÓNICA,CHILE,APPLE,2024,901.8
PRODUCTO_18,ELECTRÓNICA,PERU,HP,2018,1343.15
PRODUCTO_18,ELECTRÓNICA,PERU,XIAOMI,2019,1196.97
PRODUCTO_18,ELECTRÓNICA,PERU,XIAOMI,2020,140.88
PRODUCTO_18,ELECTRÓNICA,PERU,HUAWEI,2021,268.08
PRODUCTO_18,ELECTRÓNICA,PERU,SAMSUNG,2022,939.69
PRODUCTO_18,ELECTRÓNICA,PERU,SAMSUNG,2023,1287.99
PRODUCTO_18,ELECTRÓNICA,PERU,SAMSUNG,2024,539.03
PRODUCTO_18,ELECTRÓNICA,COLOMBIA,DELL,2018,1473.96
PRODUCTO_18,ELECTRÓNICA,COLOMBIA,XIAOMI,2019,1054.17
PRODUCTO_18,ELECTRÓNICA,COLOMBIA,SONY,2020,251.25
PRODUCTO_18,ELECTRÓNICA,COLOMBIA,SONY,2021,155.7
PRODUCTO_18,ELECTRÓNICA,COLOMBIA,SONY,2022,733.81
PRODUCTO_18,ELECTRÓNICA,COLOMBIA,SAMSUNG,2023,1357.83
PRODUCTO_18,ELECTRÓNICA,COLOMBIA,DELL,2024,276.83
PRODUCTO_18,ELECTRÓNICA,MEXICO,HP,2018,198.6
PRODUCTO_18,ELECTRÓNICA,MEXICO,LG,2019,869.78
PRODUCTO_18,ELECTRÓNICA,MEXICO,HUAWEI,2020,1397.68
PRODUCTO_18,ELECTRÓNICA,MEXICO,HP,2021,772.7
PRODUCTO_18,ELECTRÓNICA,MEXICO,HP,2022,1099.49
PRODUCTO_18,ELECTRÓNICA,MEXICO,SAMSUNG,2023,1155.9
PRODUCTO_18,ELECTRÓNICA,MEXICO,DELL,2024,1369.96
PRODUCTO_18,ELECTRÓNICA,ARGENTINA,DELL,2018,1124.15
PRODUCTO_18,ELECTRÓNICA,ARGENTINA,SONY,2019,1070.01
PRODUCTO_18,ELECTRÓNICA,ARGENTINA,HUAWEI,2020,603.01
PRODUCTO_18,ELECTRÓNICA,ARGENTINA,HP,2021,316.75
PRODUCTO_18,ELECTRÓNICA,ARGENTINA,HUAWEI,2022,708.27
PRODUCTO_18,ELECTRÓNICA,ARGENTINA,DELL,2023,1499.98
PRODUCTO_18,ELECTRÓNICA,ARGENTINA,HUAWEI,2024,787.75
PRODUCTO_18,ELECTRÓNICA,BRASIL,HP,2018,840.64
PRODUCTO_18,ELECTRÓNICA,BRASIL,LG,2019,746.11
PRODUCTO_18,ELECTRÓNICA,BRASIL,XIAOMI,2020,726.38
PRODUCTO_18,ELECTRÓNICA,BRASIL,SONY,2021,164.22
PRODUCTO_18,ELECTRÓNICA,BRASIL,APPLE,2022,1450.31
PRODUCTO_18,ELECTRÓNICA,BRASIL,APPLE,2023,1438.09
PRODUCTO_18,ELECTRÓNICA,BRASIL,DELL,2024,889.74
PRODUCTO_19,JUGUETERÍA,CHILE,HP,2018,43.68
PRODUCTO_19,JUGUETERÍA,CHILE,APPLE,2019,19.17
PRODUCTO_19,JUGUETERÍA,CHILE,SAMSUNG,2020,42.13
PRODUCTO_19,JUGUETERÍA,CHILE,LG,2021,44.57
PRODUCTO_19,JUGUETERÍA,CHILE,LG,2022,17.77
PRODUCTO_19,JUGUETERÍA,CHILE,SONY,2023,35.9
PRODUCTO_19,JUGUETERÍA,CHILE,HUAWEI,2024,29.97
PRODUCTO_19,JUGUETERÍA,PERU,SAMSUNG,2018,70.89
PRODUCTO_19,JUGUETERÍA,PERU,XIAOMI,2019,56.23
PRODUCTO_19,JUGUETERÍA,PERU,SONY,2020,73.42
PRODUCTO_19,JUGUETERÍA,PERU,HP,2021,53.19
PRODUCTO_19,JUGUETERÍA,PERU,LG,2022,41.7
PRODUCTO_19,JUGUETERÍA,PERU,SONY,2023,63.59
PRODUCTO_19,JUGUETERÍA,PERU,LG,2024,42.12
PRODUCTO_19,JUGUETERÍA,COLOMBIA,HUAWEI,2018,109.49
PRODUCTO_19,JUGUETERÍA,COLOMBIA,HUAWEI,2019,70.53
PRODUCTO_19,JUGUETERÍA,COLOMBIA,SONY,2020,109.12
PRODUCTO_19,JUGUETERÍA,COLOMBIA,SAMSUNG,2021,39.03
PRODUCTO_19,JUGUETERÍA,COLOMBIA,LG,2022,47.39
PRODUCTO_19,JUGUETERÍA,COLOMBIA,DELL,2023,107.99
PRODUCTO_19,JUGUETERÍA,COLOMBIA,XIAOMI,2024,94.33
PRODUCTO_19,JUGUETERÍA,MEXICO,APPLE,2018,55.56
PRODUCTO_19,JUGUETERÍA,MEXICO,HP,2019,19.84
PRODUCTO_19,JUGUETERÍA,MEXICO,XIAOMI,2020,94.77
PRODUCTO_19,JUGUETERÍA,MEXICO,DELL,2021,7.06
PRODUCTO_19,JUGUETERÍA,MEXICO,APPLE,2022,68.72
PRODUCTO_19,JUGUETERÍA,MEXICO,LG,2023,66.13
PRODUCTO_19,JUGUETERÍA,MEXICO,DELL,2024,109.9
PRODUCTO_19,JUGUETERÍA,ARGENTINA,XIAOMI,2018,14.96
PRODUCTO_19,JUGUETERÍA,ARGENTINA,APPLE,2019,97.05
PRODUCTO_19,JUGUETERÍA,ARGENTINA,HP,2020,15.33
PRODUCTO_19,JUGUETERÍA,ARGENTINA,XIAOMI,2021,61.1
PRODUCTO_19,JUGUETERÍA,ARGENTINA,APPLE,2022,8.01
PRODUCTO_19,JUGUETERÍA,ARGENTINA,HUAWEI,2023,76.55
PRODUCTO_19,JUGUETERÍA,ARGENTINA,SAMSUNG,2024,96.58
PRODUCTO_19,JUGUETERÍA,BRASIL,XIAOMI,2018,110.93
PRODUCTO_19,JUGUETERÍA,BRASIL,APPLE,2019,64.07
PRODUCTO_19,JUGUETERÍA,BRASIL,DELL,2020,19.4
PRODUCTO_19,JUGUETERÍA,BRASIL,APPLE,2021,46.49
PRODUCTO_19,JUGUETERÍA,BRASIL,XIAOMI,2022,89.68
PRODUCTO_19,JUGUETERÍA,BRASIL,SAMSUNG,2023,58.37
PRODUCTO_19,JUGUETERÍA,BRASIL,DELL,2024,64.99
PRODUCTO_20,COMPUTACIÓN,CHILE,DELL,2018,1403.07
PRODUCTO_20,COMPUTACIÓN,CHILE,HP,2019,1035.08
PRODUCTO_20,COMPUTACIÓN,CHILE,XIAOMI,2020,1910.11
PRODUCTO_20,COMPUTACIÓN,CHILE,APPLE,2021,857.2
PRODUCTO_20,COMPUTACIÓN,CHILE,LG,2022,1195.19
PRODUCTO_20,COMPUTACIÓN,CHILE,APPLE,2023,1778.35
PRODUCTO_20,COMPUTACIÓN,CHILE,HP,2024,1196.21
PRODUCTO_20,COMPUTACIÓN,PERU,LG,2018,1137.19
PRODUCTO_20,COMPUTACIÓN,PERU,LG,2019,497.03
PRODUCTO_20,COMPUTACIÓN,PERU,HUAWEI,2020,1462.11
PRODUCTO_20,COMPUTACIÓN,PERU,HP,2021,1808.55
PRODUCTO_20,COMPUTACIÓN,PERU,LG,2022,1151.46
PRODUCTO_20,COMPUTACIÓN,PERU,DELL,2023,674.65
PRODUCTO_20,COMPUTACIÓN,PERU,XIAOMI,2024,824.36
PRODUCTO_20,COMPUTACIÓN,COLOMBIA,SONY,2018,555.07
PRODUCTO_20,COMPUTACIÓN,COLOMBIA,SAMSUNG,2019,536.37
PRODUCTO_20,COMPUTACIÓN,COLOMBIA,HUAWEI,2020,1714.25
PRODUCTO_20,COMPUTACIÓN,COLOMBIA,LG,2021,1197.92
PRODUCTO_20,COMPUTACIÓN,COLOMBIA,HP,2022,1017.13
PRODUCTO_20,COMPUTACIÓN,COLOMBIA,APPLE,2023,1274.66
PRODUCTO_20,COMPUTACIÓN,COLOMBIA,DELL,2024,920.05
PRODUCTO_20,COMPUTACIÓN,MEXICO,HP,2018,804.17
PRODUCTO_20,COMPUTACIÓN,MEXICO,LG,2019,333.52
PRODUCTO_20,COMPUTACIÓN,MEXICO,SONY,2020,1742.36
PRODUCTO_20,COMPUTACIÓN,MEXICO,XIAOMI,2021,246.35
PRODUCTO_20,COMPUTACIÓN,MEXICO,HUAWEI,2022,1143.54
PRODUCTO_20,COMPUTACIÓN,MEXICO,SAMSUNG,2023,1054.25
PRODUCTO_20,COMPUTACIÓN,MEXICO,HUAWEI,2024,602.19
PRODUCTO_20,COMPUTACIÓN,ARGENTINA,LG,2018,1235.02
PRODUCTO_20,COMPUTACIÓN,ARGENTINA,DELL,2019,831.72
PRODUCTO_20,COMPUTACIÓN,ARGENTINA,HUAWEI,2020,1962.73
PRODUCTO_20,COMPUTACIÓN,ARGENTINA,SAMSUNG,2021,391.28
PRODUCTO_20,COMPUTACIÓN,ARGENTINA,LG,2022,275.43
PRODUCTO_20,COMPUTACIÓN,ARGENTINA,APPLE,2023,1401.05
PRODUCTO_20,COMPUTACIÓN,ARGENTINA,HP,2024,1212.07
PRODUCTO_20,COMPUTACIÓN,BRASIL,APPLE,2018,908.64
PRODUCTO_20,COMPUTACIÓN,BRASIL,XIAOMI,2019,1138.34
PRODUCTO_20,COMPUTACIÓN,BRASIL,XIAOMI,2020,212.28
PRODUCTO_20,COMPUTACIÓN,BRASIL,SONY,2021,1809.4
PRODUCTO_20,COMPUTACIÓN,BRASIL,DELL,2022,1819.51
PRODUCTO_20,COMPUTACIÓN,BRASIL,APPLE,2023,1458.2
PRODUCTO_20,COMPUTACIÓN,BRASIL,DELL,2024,408.3
PRODUCTO_21,HOGAR,CHILE,SAMSUNG,2018,242.23
PRODUCTO_21,HOGAR,CHILE,LG,2019,283.03
PRODUCTO_21,HOGAR,CHILE,HP,2020,143.01
PRODUCTO_21,HOGAR,CHILE,XIAOMI,2021,27.48
PRODUCTO_21,HOGAR,CHILE,XIAOMI,2022,27.45
PRODUCTO_21,HOGAR,CHILE,DELL,2023,68.33
PRODUCTO_21,HOGAR,CHILE,DELL,2024,25.85
PRODUCTO_21,HOGAR,PERU,HUAWEI,2018,55.28
PRODUCTO_21,HOGAR,PERU,DELL,2019,134.99
PRODUCTO_21,HOGAR,PERU,XIAOMI,2020,270.95
PRODUCTO_21,HOGAR,PERU,HUAWEI,2021,11.47
PRODUCTO_21,HOGAR,PERU,LG,2022,43.59
PRODUCTO_21,HOGAR,PERU,SONY,2023,19.16
PRODUCTO_21,HOGAR,PERU,SONY,2024,24.9
PRODUCTO_21,HOGAR,COLOMBIA,HUAWEI,2018,112.69
PRODUCTO_21,HOGAR,COLOMBIA,HP,2019,65.09
PRODUCTO_21,HOGAR,COLOMBIA,SAMSUNG,2020,184.96
PRODUCTO_21,HOGAR,COLOMBIA,SONY,2021,290.02
PRODUCTO_21,HOGAR,COLOMBIA,SAMSUNG,2022,27.38
PRODUCTO_21,HOGAR,COLOMBIA,XIAOMI,2023,119.41
PRODUCTO_21,HOGAR,COLOMBIA,LG,2024,81.15
PRODUCTO_21,HOGAR,MEXICO,DELL,2018,27.19
PRODUCTO_21,HOGAR,MEXICO,XIAOMI,2019,38.94
PRODUCTO_21,HOGAR,MEXICO,LG,2020,284.5
PRODUCTO_21,HOGAR,MEXICO,APPLE,2021,125.82
PRODUCTO_21,HOGAR,MEXICO,DELL,2022,52.2
PRODUCTO_21,HOGAR,MEXICO,XIAOMI,2023,177.03
PRODUCTO_21,HOGAR,MEXICO,HP,2024,46.96
PRODUCTO_21,HOGAR,ARGENTINA,APPLE,2018,201.6
PRODUCTO_21,HOGAR,ARGENTINA,HUAWEI,2019,98.53
PRODUCTO_21,HOGAR,ARGENTINA,DELL,2020,175.11
PRODUCTO_21,HOGAR,ARGENTINA,HUAWEI,2021,63.7
PRODUCTO_21,HOGAR,ARGENTINA,APPLE,2022,265.78
PRODUCTO_21,HOGAR,ARGENTINA,DELL,2023,165.97
PRODUCTO_21,HOGAR,ARGENTINA,LG,2024,35.3
PRODUCTO_21,HOGAR,BRASIL,XIAOMI,2018,257.92
PRODUCTO_21,HOGAR,BRASIL,LG,2019,20.01
PRODUCTO_21,HOGAR,BRASIL,SONY,2020,90.49
PRODUCTO_21,HOGAR,BRASIL,APPLE,2021,36.75
PRODUCTO_21,HOGAR,BRASIL,LG,2022,149.36
PRODUCTO_21,HOGAR,BRASIL,SONY,2023,207.58
PRODUCTO_21,HOGAR,BRASIL,HUAWEI,2024,155.06
PRODUCTO_22,BELLEZA,CHILE,APPLE,2018,81.04
PRODUCTO_22,BELLEZA,CHILE,HUAWEI,2019,15.14
PRODUCTO_22,BELLEZA,CHILE,XIAOMI,2020,176.56
PRODUCTO_22,BELLEZA,CHILE,SONY,2021,90.17
PRODUCTO_22,BELLEZA,CHILE,SAMSUNG,2022,31.73
PRODUCTO_22,BELLEZA,CHILE,SONY,2023,74.16
PRODUCTO_22,BELLEZA,CHILE,LG,2024,103.93
PRODUCTO_22,BELLEZA,PERU,SONY,2018,56.92
PRODUCTO_22,BELLEZA,PERU,LG,2019,199.81
PRODUCTO_22,BELLEZA,PERU,LG,2020,96.02
PRODUCTO_22,BELLEZA,PERU,SONY,2021,146.06
PRODUCTO_22,BELLEZA,PERU,DELL,2022,9.39
PRODUCTO_22,BELLEZA,PERU,SONY,2023,31.15
PRODUCTO_22,BELLEZA,PERU,DELL,2024,42.7
PRODUCTO_22,BELLEZA,COLOMBIA,DELL,2018,70.41
PRODUCTO_22,BELLEZA,COLOMBIA,LG,2019,131.59
PRODUCTO_22,BELLEZA,COLOMBIA,HUAWEI,2020,128.36
PRODUCTO_22,BELLEZA,COLOMBIA,APPLE,2021,48.54
PRODUCTO_22,BELLEZA,COLOMBIA,DELL,2022,166.88
PRODUCTO_22,BELLEZA,COLOMBIA,HUAWEI,2023,184.18
PRODUCTO_22,BELLEZA,COLOMBIA,SAMSUNG,2024,182.31
PRODUCTO_22,BELLEZA,MEXICO,LG,2018,6.94
PRODUCTO_22,BELLEZA,MEXICO,LG,2019,96.15
PRODUCTO_22,BELLEZA,MEXICO,DELL,2020,86.24
PRODUCTO_22,BELLEZA,MEXICO,SONY,2021,183.44
PRODUCTO_22,BELLEZA,MEXICO,XIAOMI,2022,125.9
PRODUCTO_22,BELLEZA,MEXICO,APPLE,2023,46.75
PRODUCTO_22,BELLEZA,MEXICO,LG,2024,188.11
PRODUCTO_22,BELLEZA,ARGENTINA,SAMSUNG,2018,183.36
PRODUCTO_22,BELLEZA,ARGENTINA,SONY,2019,62.22
PRODUCTO_22,BELLEZA,ARGENTINA,APPLE,2020,110.71
PRODUCTO_22,BELLEZA,ARGENTINA,HP,2021,44.14
PRODUCTO_22,BELLEZA,ARGENTINA,LG,2022,195.1
PRODUCTO_22,BELLEZA,ARGENTINA,SONY,2023,120.58
PRODUCTO_22,BELLEZA,ARGENTINA,DELL,2024,28.65
PRODUCTO_22,BELLEZA,BRASIL,HUAWEI,2018,103.95
PRODUCTO_22,BELLEZA,BRASIL,SONY,2019,42.49
PRODUCTO_22,BELLEZA,BRASIL,APPLE,2020,123.38
PRODUCTO_22,BELLEZA,BRASIL,DELL,2021,135.07
PRODUCTO_22,BELLEZA,BRASIL,APPLE,2022,46.79
PRODUCTO_22,BELLEZA,BRASIL,SAMSUNG,2023,34.17
PRODUCTO_22,BELLEZA,BRASIL,HP,2024,113.59
PRODUCTO_23,ELECTRÓNICA,CHILE,LG,2018,396.19
PRODUCTO_23,ELECTRÓNICA,CHILE,SONY,2019,1157.66
PRODUCTO_23,ELECTRÓNICA,CHILE,HP,2020,1472.78
PRODUCTO_23,ELECTRÓNICA,CHILE,HUAWEI,2021,270.87
PRODUCTO_23,ELECTRÓNICA,CHILE,APPLE,2022,368.13
PRODUCTO_23,ELECTRÓNICA,CHILE,XIAOMI,2023,1174.24
PRODUCTO_23,ELECTRÓNICA,CHILE,HUAWEI,2024,639.38
PRODUCTO_23,ELECTRÓNICA,PERU,SONY,2018,1441.93
PRODUCTO_23,ELECTRÓNICA,PERU,SAMSUNG,2019,391.71
PRODUCTO_23,ELECTRÓNICA,PERU,DELL,2020,1090.66
PRODUCTO_23,ELECTRÓNICA,PERU,HUAWEI,2021,622.44
PRODUCTO_23,ELECTRÓNICA,PERU,APPLE,2022,345.09
PRODUCTO_23,ELECTRÓNICA,PERU,HUAWEI,2023,1357.02
PRODUCTO_23,ELECTRÓNICA,PERU,HP,2024,885.21
PRODUCTO_23,ELECTRÓNICA,COLOMBIA,APPLE,2018,175.27
PRODUCTO_23,ELECTRÓNICA,COLOMBIA,HP,2019,989.52
PRODUCTO_23,ELECTRÓNICA,COLOMBIA,SONY,2020,1128.28
PRODUCTO_23,ELECTRÓNICA,COLOMBIA,SAMSUNG,2021,590.61
PRODUCTO_23,ELECTRÓNICA,COLOMBIA,HUAWEI,2022,949.73
PRODUCTO_23,ELECTRÓNICA,COLOMBIA,XIAOMI,2023,1498.94
PRODUCTO_23,ELECTRÓNICA,COLOMBIA,XIAOMI,2024,966.66
PRODUCTO_23,ELECTRÓNICA,MEXICO,DELL,2018,648.4
PRODUCTO_23,ELECTRÓNICA,MEXICO,APPLE,2019,547.37
PRODUCTO_23,ELECTRÓNICA,MEXICO,APPLE,2020,518.31
PRODUCTO_23,ELECTRÓNICA,MEXICO,SAMSUNG,2021,1308.2
PRODUCTO_23,ELECTRÓNICA,MEXICO,APPLE,2022,552.9
PRODUCTO_23,ELECTRÓNICA,MEXICO,DELL,2023,1272.24
PRODUCTO_23,ELECTRÓNICA,MEXICO,SONY,2024,1277.96
PRODUCTO_23,ELECTRÓNICA,ARGENTINA,SONY,2018,737.23
PRODUCTO_23,ELECTRÓNICA,ARGENTINA,APPLE,2019,569.96
PRODUCTO_23,ELECTRÓNICA,ARGENTINA,SONY,2020,161.96
PRODUCTO_23,ELECTRÓNICA,ARGENTINA,SONY,2021,1255.95
PRODUCTO_23,ELECTRÓNICA,ARGENTINA,DELL,2022,974.28
PRODUCTO_23,ELECTRÓNICA,ARGENTINA,LG,2023,838.65
PRODUCTO_23,ELECTRÓNICA,ARGENTINA,APPLE,2024,978.39
PRODUCTO_23,ELECTRÓNICA,BRASIL,HUAWEI,2018,1136.57
PRODUCTO_23,ELECTRÓNICA,BRASIL,LG,2019,714.65
PRODUCTO_23,ELECTRÓNICA,BRASIL,DELL,2020,731.21
PRODUCTO_23,ELECTRÓNICA,BRASIL,HUAWEI,2021,228.1
PRODUCTO_23,ELECTRÓNICA,BRASIL,DELL,2022,1342.7
PRODUCTO_23,ELECTRÓNICA,BRASIL,HP,2023,704.78
PRODUCTO_23,ELECTRÓNICA,BRASIL,LG,2024,922.2
PRODUCTO_24,DEPORTE,CHILE,SONY,2018,285.94
PRODUCTO_24,DEPORTE,CHILE,DELL,2019,365.12
PRODUCTO_24,DEPORTE,CHILE,XIAOMI,2020,36.64
PRODUCTO_24,DEPORTE,CHILE,DELL,2021,309.56
PRODUCTO_24,DEPORTE,CHILE,XIAOMI,2022,126.42
PRODUCTO_24,DEPORTE,CHILE,SONY,2023,175.35
PRODUCTO_24,DEPORTE,CHILE,SONY,2024,20.24
PRODUCTO_24,DEPORTE,PERU,HP,2018,142.61
PRODUCTO_24,DEPORTE,PERU,SONY,2019,376.1
PRODUCTO_24,DEPORTE,PERU,LG,2020,394.95
PRODUCTO_24,DEPORTE,PERU,HUAWEI,2021,280.49
PRODUCTO_24,DEPORTE,PERU,HP,2022,108.2
PRODUCTO_24,DEPORTE,PERU,LG,2023,173.76
PRODUCTO_24,DEPORTE,PERU,LG,2024,173.56
PRODUCTO_24,DEPORTE,COLOMBIA,XIAOMI,2018,312.52
PRODUCTO_24,DEPORTE,COLOMBIA,HUAWEI,2019,274.99
PRODUCTO_24,DEPORTE,COLOMBIA,SONY,2020,337.39
PRODUCTO_24,DEPORTE,COLOMBIA,HP,2021,151.75
PRODUCTO_24,DEPORTE,COLOMBIA,SAMSUNG,2022,97.61
PRODUCTO_24,DEPORTE,COLOMBIA,SAMSUNG,2023,291.78
PRODUCTO_24,DEPORTE,COLOMBIA,XIAOMI,2024,145.64
PRODUCTO_24,DEPORTE,MEXICO,APPLE,2018,200.94
PRODUCTO_24,DEPORTE,MEXICO,SAMSUNG,2019,47.64
PRODUCTO_24,DEPORTE,MEXICO,HP,2020,59.3
PRODUCTO_24,DEPORTE,MEXICO,APPLE,2021,148.02
PRODUCTO_24,DEPORTE,MEXICO,LG,2022,222.48
PRODUCTO_24,DEPORTE,MEXICO,XIAOMI,2023,139.5
PRODUCTO_24,DEPORTE,MEXICO,SONY,2024,18.19
PRODUCTO_24,DEPORTE,ARGENTINA,HP,2018,210.71
PRODUCTO_24,DEPORTE,ARGENTINA,DELL,2019,249.1
PRODUCTO_24,DEPORTE,ARGENTINA,SONY,2020,105.2
PRODUCTO_24,DEPORTE,ARGENTINA,APPLE,2021,229.8
PRODUCTO_24,DEPORTE,ARGENTINA,LG,2022,127.44
PRODUCTO_24,DEPORTE,ARGENTINA,DELL,2023,267.87
PRODUCTO_24,DEPORTE,ARGENTINA,LG,2024,308.93
PRODUCTO_24,DEPORTE,BRASIL,HUAWEI,2018,317.36
PRODUCTO_24,DEPORTE,BRASIL,HUAWEI,2019,119.98
PRODUCTO_24,DEPORTE,BRASIL,DELL,2020,390.08
PRODUCTO_24,DEPORTE,BRASIL,HP,2021,229.1
PRODUCTO_24,DEPORTE,BRASIL,DELL,2022,85.23
PRODUCTO_24,DEPORTE,BRASIL,APPLE,2023,193.18
PRODUCTO_24,DEPORTE,BRASIL,SONY,2024,39.56
PRODUCTO_25,DEPORTE,CHILE,XIAOMI,2018,376.2
PRODUCTO_25,DEPORTE,CHILE,DELL,2019,357.41
PRODUCTO_25,DEPORTE,CHILE,SAMSUNG,2020,179.99
PRODUCTO_25,DEPORTE,CHILE,XIAOMI,2021,239.01
PRODUCTO_25,DEPORTE,CHILE,APPLE,2022,178.97
PRODUCTO_25,DEPORTE,CHILE,HP,2023,97.33
PRODUCTO_25,DEPORTE,CHILE,LG,2024,185.69
PRODUCTO_25,DEPORTE,PERU,APPLE,2018,244.56
PRODUCTO_25,DEPORTE,PERU,APPLE,2019,354.71
PRODUCTO_25,DEPORTE,PERU,APPLE,2020,258.08
PRODUCTO_25,DEPORTE,PERU,APPLE,2021,31.92
PRODUCTO_25,DEPORTE,PERU,XIAOMI,2022,169.16
PRODUCTO_25,DEPORTE,PERU,APPLE,2023,160.58
PRODUCTO_25,DEPORTE,PERU,DELL,2024,353.18
PRODUCTO_25,DEPORTE,COLOMBIA,HUAWEI,2018,98.49
PRODUCTO_25,DEPORTE,COLOMBIA,LG,2019,153.39
PRODUCTO_25,DEPORTE,COLOMBIA,SONY,2020,193.75
PRODUCTO_25,DEPORTE,COLOMBIA,SONY,2021,264.04
PRODUCTO_25,DEPORTE,COLOMBIA,HUAWEI,2022,91.54
PRODUCTO_25,DEPORTE,COLOMBIA,XIAOMI,2023,257.83
PRODUCTO_25,DEPORTE,COLOMBIA,SONY,2024,142.99
PRODUCTO_25,DEPORTE,MEXICO,LG,2018,381.6
PRODUCTO_25,DEPORTE,MEXICO,DELL,2019,186.93
PRODUCTO_25,DEPORTE,MEXICO,SONY,2020,179.85
PRODUCTO_25,DEPORTE,MEXICO,HP,2021,282.29
PRODUCTO_25,DEPORTE,MEXICO,LG,2022,280.09
PRODUCTO_25,DEPORTE,MEXICO,HP,2023,160.65
PRODUCTO_25,DEPORTE,MEXICO,DELL,2024,313.3
PRODUCTO_25,DEPORTE,ARGENTINA,HP,2018,23.38
PRODUCTO_25,DEPORTE,ARGENTINA,XIAOMI,2019,89.19
PRODUCTO_25,DEPORTE,ARGENTINA,XIAOMI,2020,17.43
PRODUCTO_25,DEPORTE,ARGENTINA,HUAWEI,2021,223.88
PRODUCTO_25,DEPORTE,ARGENTINA,APPLE,2022,311.51
PRODUCTO_25,DEPORTE,ARGENTINA,SONY,2023,325.68
PRODUCTO_25,DEPORTE,ARGENTINA,SAMSUNG,2024,368.22
PRODUCTO_25,DEPORTE,BRASIL,HUAWEI,2018,280.26
PRODUCTO_25,DEPORTE,BRASIL,APPLE,2019,77.41
PRODUCTO_25,DEPORTE,BRASIL,APPLE,2020,386.61
PRODUCTO_25,DEPORTE,BRASIL,SAMSUNG,2021,264.85
PRODUCTO_25,DEPORTE,BRASIL,LG,2022,151.21
PRODUCTO_25,DEPORTE,BRASIL,HP,2023,354.56
PRODUCTO_25,DEPORTE,BRASIL,APPLE,2024,133.18
PRODUCTO_26,HOGAR,CHILE,DELL,2018,34.88
PRODUCTO_26,HOGAR,CHILE,SAMSUNG,2019,229.58
PRODUCTO_26,HOGAR,CHILE,HUAWEI,2020,297.8
PRODUCTO_26,HOGAR,CHILE,SAMSUNG,2021,72.05
PRODUCTO_26,HOGAR,CHILE,XIAOMI,2022,172.64
PRODUCTO_26,HOGAR,CHILE,HUAWEI,2023,236.69
PRODUCTO_26,HOGAR,CHILE,APPLE,2024,104.88
PRODUCTO_26,HOGAR,PERU,XIAOMI,2018,81.7
PRODUCTO_26,HOGAR,PERU,SONY,2019,237.95
PRODUCTO_26,HOGAR,PERU,HUAWEI,2020,265.54
PRODUCTO_26,HOGAR,PERU,DELL,2021,298.46
PRODUCTO_26,HOGAR,PERU,APPLE,2022,190.52
PRODUCTO_26,HOGAR,PERU,DELL,2023,64.02
PRODUCTO_26,HOGAR,PERU,XIAOMI,2024,280.5
PRODUCTO_26,HOGAR,COLOMBIA,SAMSUNG,2018,261.13
PRODUCTO_26,HOGAR,COLOMBIA,SONY,2019,178.99
PRODUCTO_26,HOGAR,COLOMBIA,SAMSUNG,2020,83.16
PRODUCTO_26,HOGAR,COLOMBIA,HP,2021,282.7
PRODUCTO_26,HOGAR,COLOMBIA,HP,2022,113.76
PRODUCTO_26,HOGAR,COLOMBIA,LG,2023,288.71
PRODUCTO_26,HOGAR,COLOMBIA,APPLE,2024,27.65
PRODUCTO_26,HOGAR,MEXICO,HUAWEI,2018,217.17
PRODUCTO_26,HOGAR,MEXICO,LG,2019,141.49
PRODUCTO_26,HOGAR,MEXICO,DELL,2020,126.06
PRODUCTO_26,HOGAR,MEXICO,XIAOMI,2021,270.43
PRODUCTO_26,HOGAR,MEXICO,XIAOMI,2022,96.67
PRODUCTO_26,HOGAR,MEXICO,XIAOMI,2023,59.49
PRODUCTO_26,HOGAR,MEXICO,HP,2024,244.68
PRODUCTO_26,HOGAR,ARGENTINA,SAMSUNG,2018,132.17
PRODUCTO_26,HOGAR,ARGENTINA,APPLE,2019,91.41
PRODUCTO_26,HOGAR,ARGENTINA,XIAOMI,2020,214.88
PRODUCTO_26,HOGAR,ARGENTINA,SAMSUNG,2021,258.38
PRODUCTO_26,HOGAR,ARGENTINA,DELL,2022,176.64
PRODUCTO_26,HOGAR,ARGENTINA,LG,2023,144.96
PRODUCTO_26,HOGAR,ARGENTINA,HP,2024,143.28
PRODUCTO_26,HOGAR,BRASIL,HP,2018,239.78
PRODUCTO_26,HOGAR,BRASIL,HP,2019,179.79
PRODUCTO_26,HOGAR,BRASIL,DELL,2020,52.45
PRODUCTO_26,HOGAR,BRASIL,XIAOMI,2021,79.96
PRODUCTO_26,HOGAR,BRASIL,APPLE,2022,200.63
PRODUCTO_26,HOGAR,BRASIL,SAMSUNG,2023,276.83
PRODUCTO_26,HOGAR,BRASIL,LG,2024,88.98
PRODUCTO_27,COMPUTACIÓN,CHILE,HP,2018,1503.91
PRODUCTO_27,COMPUTACIÓN,CHILE,XIAOMI,2019,1835.44
PRODUCTO_27,COMPUTACIÓN,CHILE,HUAWEI,2020,623.57
PRODUCTO_27,COMPUTACIÓN,CHILE,LG,2021,354.73
PRODUCTO_27,COMPUTACIÓN,CHILE,DELL,2022,1794.22
PRODUCTO_27,COMPUTACIÓN,CHILE,APPLE,2023,1515.36
PRODUCTO_27,COMPUTACIÓN,CHILE,LG,2024,1645.26
PRODUCTO_27,COMPUTACIÓN,PERU,DELL,2018,334.43
PRODUCTO_27,COMPUTACIÓN,PERU,HUAWEI,2019,1975.6
PRODUCTO_27,COMPUTACIÓN,PERU,APPLE,2020,1021.27
PRODUCTO_27,COMPUTACIÓN,PERU,LG,2021,324.81
PRODUCTO_27,COMPUTACIÓN,PERU,APPLE,2022,1195.18
PRODUCTO_27,COMPUTACIÓN,PERU,XIAOMI,2023,952.74
PRODUCTO_27,COMPUTACIÓN,PERU,HP,2024,379.95
PRODUCTO_27,COMPUTACIÓN,COLOMBIA,LG,2018,844.56
PRODUCTO_27,COMPUTACIÓN,COLOMBIA,DELL,2019,1382.89
PRODUCTO_27,COMPUTACIÓN,COLOMBIA,APPLE,2020,625.63
PRODUCTO_27,COMPUTACIÓN,COLOMBIA,LG,2021,1604.8
PRODUCTO_27,COMPUTACIÓN,COLOMBIA,APPLE,2022,1155.99
PRODUCTO_27,COMPUTACIÓN,COLOMBIA,LG,2023,253.25
PRODUCTO_27,COMPUTACIÓN,COLOMBIA,LG,2024,876.03
PRODUCTO_27,COMPUTACIÓN,MEXICO,APPLE,2018,1376.25
PRODUCTO_27,COMPUTACIÓN,MEXICO,HUAWEI,2019,390.48
PRODUCTO_27,COMPUTACIÓN,MEXICO,SONY,2020,1378.68
PRODUCTO_27,COMPUTACIÓN,MEXICO,HUAWEI,2021,1635.64
PRODUCTO_27,COMPUTACIÓN,MEXICO,HP,2022,1008.12
PRODUCTO_27,COMPUTACIÓN,MEXICO,HUAWEI,2023,408.11
PRODUCTO_27,COMPUTACIÓN,MEXICO,DELL,2024,1914.39
PRODUCTO_27,COMPUTACIÓN,ARGENTINA,APPLE,2018,1515.01
PRODUCTO_27,COMPUTACIÓN,ARGENTINA,HP,2019,98.73
PRODUCTO_27,COMPUTACIÓN,ARGENTINA,DELL,2020,357.44
PRODUCTO_27,COMPUTACIÓN,ARGENTINA,HUAWEI,2021,1763.41
PRODUCTO_27,COMPUTACIÓN,ARGENTINA,HP,2022,133.24
PRODUCTO_27,COMPUTACIÓN,ARGENTINA,APPLE,2023,1145.2
PRODUCTO_27,COMPUTACIÓN,ARGENTINA,SONY,2024,1423.0
PRODUCTO_27,COMPUTACIÓN,BRASIL,HP,2018,1022.5
PRODUCTO_27,COMPUTACIÓN,BRASIL,HP,2019,858.75
PRODUCTO_27,COMPUTACIÓN,BRASIL,DELL,2020,1980.85
PRODUCTO_27,COMPUTACIÓN,BRASIL,HUAWEI,2021,817.42
PRODUCTO_27,COMPUTACIÓN,BRASIL,XIAOMI,2022,233.53
PRODUCTO_27,COMPUTACIÓN,BRASIL,HP,2023,759.32
PRODUCTO_27,COMPUTACIÓN,BRASIL,LG,2024,430.65
PRODUCTO_28,ELECTRÓNICA,CHILE,HUAWEI,2018,813.01
PRODUCTO_28,ELECTRÓNICA,CHILE,APPLE,2019,937.87
PRODUCTO_28,ELECTRÓNICA,CHILE,LG,2020,1193.31
PRODUCTO_28,ELECTRÓNICA,CHILE,SAMSUNG,2021,1495.25
PRODUCTO_28,ELECTRÓNICA,CHILE,XIAOMI,2022,918.41
PRODUCTO_28,ELECTRÓNICA,CHILE,LG,2023,1097.44
PRODUCTO_28,ELECTRÓNICA,CHILE,SONY,2024,497.82
PRODUCTO_28,ELECTRÓNICA,PERU,DELL,2018,1029.54
PRODUCTO_28,ELECTRÓNICA,PERU,APPLE,2019,756.12
PRODUCTO_28,ELECTRÓNICA,PERU,HUAWEI,2020,770.48
PRODUCTO_28,ELECTRÓNICA,PERU,HP,2021,946.39
PRODUCTO_28,ELECTRÓNICA,PERU,XIAOMI,2022,1313.31
PRODUCTO_28,ELECTRÓNICA,PERU,XIAOMI,2023,1079.52
PRODUCTO_28,ELECTRÓNICA,PERU,LG,2024,722.07
PRODUCTO_28,ELECTRÓNICA,COLOMBIA,LG,2018,87.11
PRODUCTO_28,ELECTRÓNICA,COLOMBIA,LG,2019,451.0
PRODUCTO_28,ELECTRÓNICA,COLOMBIA,XIAOMI,2020,824.87
PRODUCTO_28,ELECTRÓNICA,COLOMBIA,SONY,2021,844.87
PRODUCTO_28,ELECTRÓNICA,COLOMBIA,SONY,2022,1367.76
PRODUCTO_28,ELECTRÓNICA,COLOMBIA,LG,2023,946.22
PRODUCTO_28,ELECTRÓNICA,COLOMBIA,SONY,2024,343.68
PRODUCTO_28,ELECTRÓNICA,MEXICO,HP,2018,1497.31
PRODUCTO_28,ELECTRÓNICA,MEXICO,SAMSUNG,2019,1016.56
PRODUCTO_28,ELECTRÓNICA,MEXICO,HUAWEI,2020,1212.43
PRODUCTO_28,ELECTRÓNICA,MEXICO,SONY,2021,915.32
PRODUCTO_28,ELECTRÓNICA,MEXICO,SAMSUNG,2022,299.66
PRODUCTO_28,ELECTRÓNICA,MEXICO,APPLE,2023,130.92
PRODUCTO_28,ELECTRÓNICA,MEXICO,SONY,2024,128.9
PRODUCTO_28,ELECTRÓNICA,ARGENTINA,HUAWEI,2018,251.23
PRODUCTO_28,ELECTRÓNICA,ARGENTINA,DELL,2019,1326.77
PRODUCTO_28,ELECTRÓNICA,ARGENTINA,DELL,2020,1155.93
PRODUCTO_28,ELECTRÓNICA,ARGENTINA,DELL,2021,1243.76
PRODUCTO_28,ELECTRÓNICA,ARGENTINA,HP,2022,1167.51
PRODUCTO_28,ELECTRÓNICA,ARGENTINA,SONY,2023,695.98
PRODUCTO_28,ELECTRÓNICA,ARGENTINA,DELL,2024,923.88
PRODUCTO_28,ELECTRÓNICA,BRASIL,DELL,2018,226.77
PRODUCTO_28,ELECTRÓNICA,BRASIL,XIAOMI,2019,1454.58
PRODUCTO_28,ELECTRÓNICA,BRASIL,HUAWEI,2020,535.5
PRODUCTO_28,ELECTRÓNICA,BRASIL,SONY,2021,1095.14
PRODUCTO_28,ELECTRÓNICA,BRASIL,XIAOMI,2022,1062.43
PRODUCTO_28,ELECTRÓNICA,BRASIL,SONY,2023,1476.16
PRODUCTO_28,ELECTRÓNICA,BRASIL,XIAOMI,2024,1013.31
PRODUCTO_29,COMPUTACIÓN,CHILE,SONY,2018,1001.76
PRODUCTO_29,COMPUTACIÓN,CHILE,XIAOMI,2019,577.08
PRODUCTO_29,COMPUTACIÓN,CHILE,SAMSUNG,2020,1916.69
PRODUCTO_29,COMPUTACIÓN,CHILE,HUAWEI,2021,133.94
PRODUCTO_29,COMPUTACIÓN,CHILE,APPLE,2022,381.82
PRODUCTO_29,COMPUTACIÓN,CHILE,LG,2023,1421.84
PRODUCTO_29,COMPUTACIÓN,CHILE,APPLE,2024,1300.91
PRODUCTO_29,COMPUTACIÓN,PERU,SAMSUNG,2018,1062.18
PRODUCTO_29,COMPUTACIÓN,PERU,HUAWEI,2019,930.79
PRODUCTO_29,COMPUTACIÓN,PERU,XIAOMI,2020,1314.23
PRODUCTO_29,COMPUTACIÓN,PERU,APPLE,2021,345.94
PRODUCTO_29,COMPUTACIÓN,PERU,DELL,2022,208.2
PRODUCTO_29,COMPUTACIÓN,PERU,SONY,2023,1939.89
PRODUCTO_29,COMPUTACIÓN,PERU,HP,2024,1901.4
PRODUCTO_29,COMPUTACIÓN,COLOMBIA,HUAWEI,2018,627.37
PRODUCTO_29,COMPUTACIÓN,COLOMBIA,APPLE,2019,1323.27
PRODUCTO_29,COMPUTACIÓN,COLOMBIA,LG,2020,858.23
PRODUCTO_29,COMPUTACIÓN,COLOMBIA,SAMSUNG,2021,1116.78
PRODUCTO_29,COMPUTACIÓN,COLOMBIA,HP,2022,1056.09
PRODUCTO_29,COMPUTACIÓN,COLOMBIA,SAMSUNG,2023,531.35
PRODUCTO_29,COMPUTACIÓN,COLOMBIA,HUAWEI,2024,1831.37
PRODUCTO_29,COMPUTACIÓN,MEXICO,LG,2018,1507.41
PRODUCTO_29,COMPUTACIÓN,MEXICO,HP,2019,1135.61
PRODUCTO_29,COMPUTACIÓN,MEXICO,HUAWEI,2020,406.74
PRODUCTO_29,COMPUTACIÓN,MEXICO,XIAOMI,2021,1029.81
PRODUCTO_29,COMPUTACIÓN,MEXICO,SAMSUNG,2022,1140.37
PRODUCTO_29,COMPUTACIÓN,MEXICO,DELL,2023,1542.62
PRODUCTO_29,COMPUTACIÓN,MEXICO,XIAOMI,2024,1993.5
PRODUCTO_29,COMPUTACIÓN,ARGENTINA,XIAOMI,2018,122.95
PRODUCTO_29,COMPUTACIÓN,ARGENTINA,SAMSUNG,2019,1309.09
PRODUCTO_29,COMPUTACIÓN,ARGENTINA,SONY,2020,1505.45
PRODUCTO_29,COMPUTACIÓN,ARGENTINA,HP,2021,706.96
PRODUCTO_29,COMPUTACIÓN,ARGENTINA,HP,2022,288.89
PRODUCTO_29,COMPUTACIÓN,ARGENTINA,HUAWEI,2023,1675.89
PRODUCTO_29,COMPUTACIÓN,ARGENTINA,XIAOMI,2024,361.11
PRODUCTO_29,COMPUTACIÓN,BRASIL,SAMSUNG,2018,1318.26
PRODUCTO_29,COMPUTACIÓN,BRASIL,SONY,2019,1781.07
PRODUCTO_29,COMPUTACIÓN,BRASIL,SAMSUNG,2020,926.22
PRODUCTO_29,COMPUTACIÓN,BRASIL,HP,2021,271.94
PRODUCTO_29,COMPUTACIÓN,BRASIL,SAMSUNG,2022,1635.98
PRODUCTO_29,COMPUTACIÓN,BRASIL,DELL,2023,742.59
PRODUCTO_29,COMPUTACIÓN,BRASIL,SONY,2024,905.65
PRODUCTO_30,HOGAR,CHILE,HP,2018,156.94
PRODUCTO_30,HOGAR,CHILE,XIAOMI,2019,91.93
PRODUCTO_30,HOGAR,CHILE,HUAWEI,2020,121.75
PRODUCTO_30,HOGAR,CHILE,LG,2021,120.14
PRODUCTO_30,HOGAR,CHILE,HP,2022,282.3
PRODUCTO_30,HOGAR,CHILE,XIAOMI,2023,43.56
PRODUCTO_30,HOGAR,CHILE,SAMSUNG,2024,267.13
PRODUCTO_30,HOGAR,PERU,DELL,2018,26.85
PRODUCTO_30,HOGAR,PERU,SONY,2019,215.57
PRODUCTO_30,HOGAR,PERU,SAMSUNG,2020,84.99
PRODUCTO_30,HOGAR,PERU,SONY,2021,18.62
PRODUCTO_30,HOGAR,PERU,HUAWEI,2022,151.99
PRODUCTO_30,HOGAR,PERU,XIAOMI,2023,38.3
PRODUCTO_30,HOGAR,PERU,XIAOMI,2024,283.75
PRODUCTO_30,HOGAR,COLOMBIA,HUAWEI,2018,10.4
PRODUCTO_30,HOGAR,COLOMBIA,HUAWEI,2019,49.54
PRODUCTO_30,HOGAR,COLOMBIA,SONY,2020,152.48
PRODUCTO_30,HOGAR,COLOMBIA,HP,2021,197.69
PRODUCTO_30,HOGAR,COLOMBIA,LG,2022,157.64
PRODUCTO_30,HOGAR,COLOMBIA,XIAOMI,2023,29.12
PRODUCTO_30,HOGAR,COLOMBIA,HP,2024,265.56
PRODUCTO_30,HOGAR,MEXICO,HUAWEI,2018,203.9
PRODUCTO_30,HOGAR,MEXICO,XIAOMI,2019,63.13
PRODUCTO_30,HOGAR,MEXICO,SAMSUNG,2020,168.03
PRODUCTO_30,HOGAR,MEXICO,SONY,2021,70.03
PRODUCTO_30,HOGAR,MEXICO,SAMSUNG,2022,129.6
PRODUCTO_30,HOGAR,MEXICO,HUAWEI,2023,259.28
PRODUCTO_30,HOGAR,MEXICO,HUAWEI,2024,95.38
PRODUCTO_30,HOGAR,ARGENTINA,DELL,2018,25.42
PRODUCTO_30,HOGAR,ARGENTINA,DELL,2019,229.92
PRODUCTO_30,HOGAR,ARGENTINA,SAMSUNG,2020,187.28
PRODUCTO_30,HOGAR,ARGENTINA,DELL,2021,259.06
PRODUCTO_30,HOGAR,ARGENTINA,HUAWEI,2022,257.22
PRODUCTO_30,HOGAR,ARGENTINA,HUAWEI,2023,29.09
PRODUCTO_30,HOGAR,ARGENTINA,XIAOMI,2024,275.82
PRODUCTO_30,HOGAR,BRASIL,XIAOMI,2018,157.72
PRODUCTO_30,HOGAR,BRASIL,DELL,2019,142.29
PRODUCTO_30,HOGAR,BRASIL,DELL,2020,278.09
PRODUCTO_30,HOGAR,BRASIL,SONY,2021,159.18
PRODUCTO_30,HOGAR,BRASIL,SONY,2022,51.38
PRODUCTO_30,HOGAR,BRASIL,DELL,2023,192.93
PRODUCTO_30,HOGAR,BRASIL,HUAWEI,2024,129.28
PRODUCTO_31,DEPORTE,CHILE,HP,2018,340.0
PRODUCTO_31,DEPORTE,CHILE,DELL,2019,47.26
PRODUCTO_31,DEPORTE,CHILE,SAMSUNG,2020,230.63
PRODUCTO_31,DEPORTE,CHILE,LG,2021,62.55
PRODUCTO_31,DEPORTE,CHILE,XIAOMI,2022,28.38
PRODUCTO_31,DEPORTE,CHILE,XIAOMI,2023,292.96
PRODUCTO_31,DEPORTE,CHILE,HUAWEI,2024,373.66
PRODUCTO_31,DEPORTE,PERU,XIAOMI,2018,119.1
PRODUCTO_31,DEPORTE,PERU,LG,2019,104.33
PRODUCTO_31,DEPORTE,PERU,HP,2020,366.16
PRODUCTO_31,DEPORTE,PERU,DELL,2021,166.8
PRODUCTO_31,DEPORTE,PERU,APPLE,2022,57.52
PRODUCTO_31,DEPORTE,PERU,APPLE,2023,39.23
PRODUCTO_31,DEPORTE,PERU,HP,2024,325.3
PRODUCTO_31,DEPORTE,COLOMBIA,HUAWEI,2018,299.08
PRODUCTO_31,DEPORTE,COLOMBIA,DELL,2019,20.44
PRODUCTO_31,DEPORTE,COLOMBIA,HP,2020,43.47
PRODUCTO_31,DEPORTE,COLOMBIA,SONY,2021,201.18
PRODUCTO_31,DEPORTE,COLOMBIA,XIAOMI,2022,46.49
PRODUCTO_31,DEPORTE,COLOMBIA,XIAOMI,2023,217.24
PRODUCTO_31,DEPORTE,COLOMBIA,HUAWEI,2024,73.84
PRODUCTO_31,DEPORTE,MEXICO,HP,2018,224.7
PRODUCTO_31,DEPORTE,MEXICO,SAMSUNG,2019,255.34
PRODUCTO_31,DEPORTE,MEXICO,SAMSUNG,2020,394.32
PRODUCTO_31,DEPORTE,MEXICO,DELL,2021,168.81
PRODUCTO_31,DEPORTE,MEXICO,HUAWEI,2022,169.59
PRODUCTO_31,DEPORTE,MEXICO,SAMSUNG,2023,133.4
PRODUCTO_31,DEPORTE,MEXICO,APPLE,2024,324.2
PRODUCTO_31,DEPORTE,ARGENTINA,XIAOMI,2018,361.72
PRODUCTO_31,DEPORTE,ARGENTINA,SONY,2019,132.2
PRODUCTO_31,DEPORTE,ARGENTINA,SAMSUNG,2020,16.85
PRODUCTO_31,DEPORTE,ARGENTINA,SAMSUNG,2021,112.04
PRODUCTO_31,DEPORTE,ARGENTINA,HUAWEI,2022,159.53
PRODUCTO_31,DEPORTE,ARGENTINA,LG,2023,387.85
PRODUCTO_31,DEPORTE,ARGENTINA,HUAWEI,2024,166.85
PRODUCTO_31,DEPORTE,BRASIL,HUAWEI,2018,141.63
PRODUCTO_31,DEPORTE,BRASIL,LG,2019,227.91
PRODUCTO_31,DEPORTE,BRASIL,HP,2020,81.87
PRODUCTO_31,DEPORTE,BRASIL,HUAWEI,2021,333.22
PRODUCTO_31,DEPORTE,BRASIL,SONY,2022,293.92
PRODUCTO_31,DEPORTE,BRASIL,DELL,2023,89.83
PRODUCTO_31,DEPORTE,BRASIL,APPLE,2024,337.47
PRODUCTO_32,COMPUTACIÓN,CHILE,SONY,2018,1799.06
PRODUCTO_32,COMPUTACIÓN,CHILE,XIAOMI,2019,1766.82
PRODUCTO_32,COMPUTACIÓN,CHILE,LG,2020,1123.14
PRODUCTO_32,COMPUTACIÓN,CHILE,LG,2021,431.34
PRODUCTO_32,COMPUTACIÓN,CHILE,SAMSUNG,2022,795.2
PRODUCTO_32,COMPUTACIÓN,CHILE,SAMSUNG,2023,424.34
PRODUCTO_32,COMPUTACIÓN,CHILE,HP,2024,639.16
PRODUCTO_32,COMPUTACIÓN,PERU,DELL,2018,1374.96
PRODUCTO_32,COMPUTACIÓN,PERU,SONY,2019,1045.53
PRODUCTO_32,COMPUTACIÓN,PERU,DELL,2020,624.99
PRODUCTO_32,COMPUTACIÓN,PERU,SONY,2021,1058.34
PRODUCTO_32,COMPUTACIÓN,PERU,DELL,2022,1555.65
PRODUCTO_32,COMPUTACIÓN,PERU,HP,2023,247.08
PRODUCTO_32,COMPUTACIÓN,PERU,HP,2024,718.44
PRODUCTO_32,COMPUTACIÓN,COLOMBIA,DELL,2018,802.76
PRODUCTO_32,COMPUTACIÓN,COLOMBIA,SAMSUNG,2019,1644.77
PRODUCTO_32,COMPUTACIÓN,COLOMBIA,XIAOMI,2020,1075.97
PRODUCTO_32,COMPUTACIÓN,COLOMBIA,APPLE,2021,1699.23
PRODUCTO_32,COMPUTACIÓN,COLOMBIA,XIAOMI,2022,993.57
PRODUCTO_32,COMPUTACIÓN,COLOMBIA,SONY,2023,1690.27
PRODUCTO_32,COMPUTACIÓN,COLOMBIA,APPLE,2024,1190.25
PRODUCTO_32,COMPUTACIÓN,MEXICO,DELL,2018,1548.78
PRODUCTO_32,COMPUTACIÓN,MEXICO,XIAOMI,2019,1847.18
PRODUCTO_32,COMPUTACIÓN,MEXICO,HUAWEI,2020,584.98
PRODUCTO_32,COMPUTACIÓN,MEXICO,SONY,2021,1850.71
PRODUCTO_32,COMPUTACIÓN,MEXICO,LG,2022,108.75
PRODUCTO_32,COMPUTACIÓN,MEXICO,HP,2023,729.62
PRODUCTO_32,COMPUTACIÓN,MEXICO,SAMSUNG,2024,1958.5
PRODUCTO_32,COMPUTACIÓN,ARGENTINA,DELL,2018,944.8
PRODUCTO_32,COMPUTACIÓN,ARGENTINA,HUAWEI,2019,637.38
PRODUCTO_32,COMPUTACIÓN,ARGENTINA,HP,2020,1900.36
PRODUCTO_32,COMPUTACIÓN,ARGENTINA,XIAOMI,2021,1252.1
PRODUCTO_32,COMPUTACIÓN,ARGENTINA,XIAOMI,2022,1498.98
PRODUCTO_32,COMPUTACIÓN,ARGENTINA,SONY,2023,1307.62
PRODUCTO_32,COMPUTACIÓN,ARGENTINA,HP,2024,1103.33
PRODUCTO_32,COMPUTACIÓN,BRASIL,DELL,2018,1984.89
PRODUCTO_32,COMPUTACIÓN,BRASIL,SAMSUNG,2019,576.69
PRODUCTO_32,COMPUTACIÓN,BRASIL,XIAOMI,2020,797.58
PRODUCTO_32,COMPUTACIÓN,BRASIL,APPLE,2021,1318.64
PRODUCTO_32,COMPUTACIÓN,BRASIL,HP,2022,1844.42
PRODUCTO_32,COMPUTACIÓN,BRASIL,HUAWEI,2023,555.11
PRODUCTO_32,COMPUTACIÓN,BRASIL,LG,2024,773.91
PRODUCTO_33,AUTOMOTRIZ,CHILE,HUAWEI,2018,242.09
PRODUCTO_33,AUTOMOTRIZ,CHILE,XIAOMI,2019,313.13
PRODUCTO_33,AUTOMOTRIZ,CHILE,DELL,2020,698.24
PRODUCTO_33,AUTOMOTRIZ,CHILE,SONY,2021,25.58
PRODUCTO_33,AUTOMOTRIZ,CHILE,LG,2022,577.06
PRODUCTO_33,AUTOMOTRIZ,CHILE,HUAWEI,2023,757.18
PRODUCTO_33,AUTOMOTRIZ,CHILE,SONY,2024,538.53
PRODUCTO_33,AUTOMOTRIZ,PERU,HP,2018,634.2
PRODUCTO_33,AUTOMOTRIZ,PERU,HP,2019,60.02
PRODUCTO_33,AUTOMOTRIZ,PERU,HUAWEI,2020,69.97
PRODUCTO_33,AUTOMOTRIZ,PERU,HP,2021,119.01
PRODUCTO_33,AUTOMOTRIZ,PERU,HP,2022,680.18
PRODUCTO_33,AUTOMOTRIZ,PERU,LG,2023,417.74
PRODUCTO_33,AUTOMOTRIZ,PERU,SONY,2024,273.18
PRODUCTO_33,AUTOMOTRIZ,COLOMBIA,LG,2018,138.31
PRODUCTO_33,AUTOMOTRIZ,COLOMBIA,DELL,2019,674.68
PRODUCTO_33,AUTOMOTRIZ,COLOMBIA,LG,2020,89.83
PRODUCTO_33,AUTOMOTRIZ,COLOMBIA,HUAWEI,2021,379.67
PRODUCTO_33,AUTOMOTRIZ,COLOMBIA,XIAOMI,2022,493.23
PRODUCTO_33,AUTOMOTRIZ,COLOMBIA,APPLE,2023,648.0
PRODUCTO_33,AUTOMOTRIZ,COLOMBIA,LG,2024,508.16
PRODUCTO_33,AUTOMOTRIZ,MEXICO,APPLE,2018,476.22
PRODUCTO_33,AUTOMOTRIZ,MEXICO,LG,2019,265.2
PRODUCTO_33,AUTOMOTRIZ,MEXICO,LG,2020,719.76
PRODUCTO_33,AUTOMOTRIZ,MEXICO,APPLE,2021,767.4
PRODUCTO_33,AUTOMOTRIZ,MEXICO,LG,2022,334.0
PRODUCTO_33,AUTOMOTRIZ,MEXICO,LG,2023,784.53
PRODUCTO_33,AUTOMOTRIZ,MEXICO,APPLE,2024,24.75
PRODUCTO_33,AUTOMOTRIZ,ARGENTINA,LG,2018,792.41
PRODUCTO_33,AUTOMOTRIZ,ARGENTINA,SONY,2019,669.89
PRODUCTO_33,AUTOMOTRIZ,ARGENTINA,LG,2020,268.6
PRODUCTO_33,AUTOMOTRIZ,ARGENTINA,APPLE,2021,755.43
PRODUCTO_33,AUTOMOTRIZ,ARGENTINA,HUAWEI,2022,384.62
PRODUCTO_33,AUTOMOTRIZ,ARGENTINA,APPLE,2023,738.39
PRODUCTO_33,AUTOMOTRIZ,ARGENTINA,HP,2024,164.27
PRODUCTO_33,AUTOMOTRIZ,BRASIL,DELL,2018,516.25
PRODUCTO_33,AUTOMOTRIZ,BRASIL,HUAWEI,2019,196.63
PRODUCTO_33,AUTOMOTRIZ,BRASIL,DELL,2020,359.35
PRODUCTO_33,AUTOMOTRIZ,BRASIL,APPLE,2021,660.44
PRODUCTO_33,AUTOMOTRIZ,BRASIL,HUAWEI,2022,170.1
PRODUCTO_33,AUTOMOTRIZ,BRASIL,DELL,2023,169.47
PRODUCTO_33,AUTOMOTRIZ,BRASIL,DELL,2024,32.65
PRODUCTO_34,COMPUTACIÓN,CHILE,XIAOMI,2018,1686.08
PRODUCTO_34,COMPUTACIÓN,CHILE,HUAWEI,2019,1390.56
PRODUCTO_34,COMPUTACIÓN,CHILE,HP,2020,747.0
PRODUCTO_34,COMPUTACIÓN,CHILE,APPLE,2021,972.99
PRODUCTO_34,COMPUTACIÓN,CHILE,APPLE,2022,1379.43
PRODUCTO_34,COMPUTACIÓN,CHILE,SONY,2023,303.51
PRODUCTO_34,COMPUTACIÓN,CHILE,DELL,2024,467.74
PRODUCTO_34,COMPUTACIÓN,PERU,LG,2018,1874.24
PRODUCTO_34,COMPUTACIÓN,PERU,DELL,2019,161.69
PRODUCTO_34,COMPUTACIÓN,PERU,SAMSUNG,2020,1204.13
PRODUCTO_34,COMPUTACIÓN,PERU,HUAWEI,2021,441.28
PRODUCTO_34,COMPUTACIÓN,PERU,SAMSUNG,2022,280.47
PRODUCTO_34,COMPUTACIÓN,PERU,LG,2023,624.22
PRODUCTO_34,COMPUTACIÓN,PERU,XIAOMI,2024,1731.23
PRODUCTO_34,COMPUTACIÓN,COLOMBIA,SAMSUNG,2018,1729.11
PRODUCTO_34,COMPUTACIÓN,COLOMBIA,APPLE,2019,1175.8
PRODUCTO_34,COMPUTACIÓN,COLOMBIA,SAMSUNG,2020,1588.89
PRODUCTO_34,COMPUTACIÓN,COLOMBIA,LG,2021,955.86
PRODUCTO_34,COMPUTACIÓN,COLOMBIA,HP,2022,1110.06
PRODUCTO_34,COMPUTACIÓN,COLOMBIA,HP,2023,682.76
PRODUCTO_34,COMPUTACIÓN,COLOMBIA,XIAOMI,2024,1006.77
PRODUCTO_34,COMPUTACIÓN,MEXICO,APPLE,2018,1927.75
PRODUCTO_34,COMPUTACIÓN,MEXICO,HP,2019,992.48
PRODUCTO_34,COMPUTACIÓN,MEXICO,LG,2020,1929.35
PRODUCTO_34,COMPUTACIÓN,MEXICO,LG,2021,1389.11
PRODUCTO_34,COMPUTACIÓN,MEXICO,HUAWEI,2022,1580.05
PRODUCTO_34,COMPUTACIÓN,MEXICO,SAMSUNG,2023,324.94
PRODUCTO_34,COMPUTACIÓN,MEXICO,XIAOMI,2024,870.43
PRODUCTO_34,COMPUTACIÓN,ARGENTINA,SAMSUNG,2018,565.25
PRODUCTO_34,COMPUTACIÓN,ARGENTINA,SAMSUNG,2019,573.91
PRODUCTO_34,COMPUTACIÓN,ARGENTINA,HUAWEI,2020,1425.49
PRODUCTO_34,COMPUTACIÓN,ARGENTINA,SAMSUNG,2021,1474.29
PRODUCTO_34,COMPUTACIÓN,ARGENTINA,LG,2022,798.45
PRODUCTO_34,COMPUTACIÓN,ARGENTINA,DELL,2023,277.26
PRODUCTO_34,COMPUTACIÓN,ARGENTINA,APPLE,2024,1734.93
PRODUCTO_34,COMPUTACIÓN,BRASIL,XIAOMI,2018,995.06
PRODUCTO_34,COMPUTACIÓN,BRASIL,XIAOMI,2019,617.32
PRODUCTO_34,COMPUTACIÓN,BRASIL,APPLE,2020,818.01
PRODUCTO_34,COMPUTACIÓN,BRASIL,APPLE,2021,1689.92
PRODUCTO_34,COMPUTACIÓN,BRASIL,XIAOMI,2022,303.03
PRODUCTO_34,COMPUTACIÓN,BRASIL,SONY,2023,356.14
PRODUCTO_34,COMPUTACIÓN,BRASIL,SONY,2024,1126.57
PRODUCTO_35,ELECTRÓNICA,CHILE,APPLE,2018,1035.63
PRODUCTO_35,ELECTRÓNICA,CHILE,APPLE,2019,471.01
PRODUCTO_35,ELECTRÓNICA,CHILE,HUAWEI,2020,869.37
PRODUCTO_35,ELECTRÓNICA,CHILE,HP,2021,373.81
PRODUCTO_35,ELECTRÓNICA,CHILE,SONY,2022,848.96
PRODUCTO_35,ELECTRÓNICA,CHILE,HUAWEI,2023,835.99
PRODUCTO_35,ELECTRÓNICA,CHILE,APPLE,2024,1302.28
PRODUCTO_35,ELECTRÓNICA,PERU,SAMSUNG,2018,1470.32
PRODUCTO_35,ELECTRÓNICA,PERU,XIAOMI,2019,679.1
PRODUCTO_35,ELECTRÓNICA,PERU,XIAOMI,2020,1192.12
PRODUCTO_35,ELECTRÓNICA,PERU,SONY,2021,358.83
PRODUCTO_35,ELECTRÓNICA,PERU,LG,2022,992.02
PRODUCTO_35,ELECTRÓNICA,PERU,HP,2023,1346.67
PRODUCTO_35,ELECTRÓNICA,PERU,XIAOMI,2024,127.85
PRODUCTO_35,ELECTRÓNICA,COLOMBIA,SONY,2018,1444.9
PRODUCTO_35,ELECTRÓNICA,COLOMBIA,DELL,2019,155.21
PRODUCTO_35,ELECTRÓNICA,COLOMBIA,APPLE,2020,1023.76
PRODUCTO_35,ELECTRÓNICA,COLOMBIA,SAMSUNG,2021,686.59
PRODUCTO_35,ELECTRÓNICA,COLOMBIA,LG,2022,242.83
PRODUCTO_35,ELECTRÓNICA,COLOMBIA,HUAWEI,2023,1259.0
PRODUCTO_35,ELECTRÓNICA,COLOMBIA,SONY,2024,245.0
PRODUCTO_35,ELECTRÓNICA,MEXICO,SAMSUNG,2018,164.39
PRODUCTO_35,ELECTRÓNICA,MEXICO,DELL,2019,82.87
PRODUCTO_35,ELECTRÓNICA,MEXICO,APPLE,2020,333.68
PRODUCTO_35,ELECTRÓNICA,MEXICO,DELL,2021,781.98
PRODUCTO_35,ELECTRÓNICA,MEXICO,LG,2022,207.23
PRODUCTO_35,ELECTRÓNICA,MEXICO,LG,2023,609.56
PRODUCTO_35,ELECTRÓNICA,MEXICO,XIAOMI,2024,709.93
PRODUCTO_35,ELECTRÓNICA,ARGENTINA,XIAOMI,2018,1252.52
PRODUCTO_35,ELECTRÓNICA,ARGENTINA,LG,2019,726.16
PRODUCTO_35,ELECTRÓNICA,ARGENTINA,HUAWEI,2020,837.07
PRODUCTO_35,ELECTRÓNICA,ARGENTINA,XIAOMI,2021,246.56
PRODUCTO_35,ELECTRÓNICA,ARGENTINA,LG,2022,817.22
PRODUCTO_35,ELECTRÓNICA,ARGENTINA,HUAWEI,2023,835.33
PRODUCTO_35,ELECTRÓNICA,ARGENTINA,DELL,2024,138.89
PRODUCTO_35,ELECTRÓNICA,BRASIL,LG,2018,421.96
PRODUCTO_35,ELECTRÓNICA,BRASIL,SONY,2019,1237.03
PRODUCTO_35,ELECTRÓNICA,BRASIL,DELL,2020,1073.07
PRODUCTO_35,ELECTRÓNICA,BRASIL,HP,2021,735.49
PRODUCTO_35,ELECTRÓNICA,BRASIL,DELL,2022,576.15
PRODUCTO_35,ELECTRÓNICA,BRASIL,HP,2023,1118.96
PRODUCTO_35,ELECTRÓNICA,BRASIL,SAMSUNG,2024,590.81
PRODUCTO_36,COMPUTACIÓN,CHILE,XIAOMI,2018,276.9
PRODUCTO_36,COMPUTACIÓN,CHILE,HUAWEI,2019,340.08
PRODUCTO_36,COMPUTACIÓN,CHILE,HP,2020,1999.62
PRODUCTO_36,COMPUTACIÓN,CHILE,LG,2021,1322.22
PRODUCTO_36,COMPUTACIÓN,CHILE,APPLE,2022,599.13
PRODUCTO_36,COMPUTACIÓN,CHILE,HUAWEI,2023,637.85
PRODUCTO_36,COMPUTACIÓN,CHILE,HUAWEI,2024,1986.03
PRODUCTO_36,COMPUTACIÓN,PERU,HUAWEI,2018,874.37
PRODUCTO_36,COMPUTACIÓN,PERU,HUAWEI,2019,236.46
PRODUCTO_36,COMPUTACIÓN,PERU,SAMSUNG,2020,496.3
PRODUCTO_36,COMPUTACIÓN,PERU,HP,2021,1126.59
PRODUCTO_36,COMPUTACIÓN,PERU,HUAWEI,2022,602.59
PRODUCTO_36,COMPUTACIÓN,PERU,SONY,2023,97.58
PRODUCTO_36,COMPUTACIÓN,PERU,XIAOMI,2024,1745.57
PRODUCTO_36,COMPUTACIÓN,COLOMBIA,XIAOMI,2018,1514.74
PRODUCTO_36,COMPUTACIÓN,COLOMBIA,SAMSUNG,2019,439.52
PRODUCTO_36,COMPUTACIÓN,COLOMBIA,HUAWEI,2020,1285.48
PRODUCTO_36,COMPUTACIÓN,COLOMBIA,APPLE,2021,1820.14
PRODUCTO_36,COMPUTACIÓN,COLOMBIA,XIAOMI,2022,1926.37
PRODUCTO_36,COMPUTACIÓN,COLOMBIA,XIAOMI,2023,1705.7
PRODUCTO_36,COMPUTACIÓN,COLOMBIA,LG,2024,324.25
PRODUCTO_36,COMPUTACIÓN,MEXICO,SONY,2018,333.32
PRODUCTO_36,COMPUTACIÓN,MEXICO,SAMSUNG,2019,1965.53
PRODUCTO_36,COMPUTACIÓN,MEXICO,SONY,2020,628.7
PRODUCTO_36,COMPUTACIÓN,MEXICO,HP,2021,324.67
PRODUCTO_36,COMPUTACIÓN,MEXICO,XIAOMI,2022,1529.0
PRODUCTO_36,COMPUTACIÓN,MEXICO,SAMSUNG,2023,1630.12
PRODUCTO_36,COMPUTACIÓN,MEXICO,DELL,2024,1673.23
PRODUCTO_36,COMPUTACIÓN,ARGENTINA,SONY,2018,395.21
PRODUCTO_36,COMPUTACIÓN,ARGENTINA,XIAOMI,2019,1481.08
PRODUCTO_36,COMPUTACIÓN,ARGENTINA,SAMSUNG,2020,1539.1
PRODUCTO_36,COMPUTACIÓN,ARGENTINA,APPLE,2021,336.2
PRODUCTO_36,COMPUTACIÓN,ARGENTINA,LG,2022,1383.18
PRODUCTO_36,COMPUTACIÓN,ARGENTINA,SONY,2023,1004.73
PRODUCTO_36,COMPUTACIÓN,ARGENTINA,LG,2024,456.31
PRODUCTO_36,COMPUTACIÓN,BRASIL,HUAWEI,2018,367.0
PRODUCTO_36,COMPUTACIÓN,BRASIL,SAMSUNG,2019,912.69
PRODUCTO_36,COMPUTACIÓN,BRASIL,DELL,2020,1270.45
PRODUCTO_36,COMPUTACIÓN,BRASIL,SONY,2021,1152.63
PRODUCTO_36,COMPUTACIÓN,BRASIL,SAMSUNG,2022,1566.9
PRODUCTO_36,COMPUTACIÓN,BRASIL,HUAWEI,2023,1641.39
PRODUCTO_36,COMPUTACIÓN,BRASIL,SAMSUNG,2024,1039.1
PRODUCTO_37,BELLEZA,CHILE,SONY,2018,131.36
PRODUCTO_37,BELLEZA,CHILE,XIAOMI,2019,186.67
PRODUCTO_37,BELLEZA,CHILE,HP,2020,146.88
PRODUCTO_37,BELLEZA,CHILE,XIAOMI,2021,125.69
PRODUCTO_37,BELLEZA,CHILE,HUAWEI,2022,83.45
PRODUCTO_37,BELLEZA,CHILE,APPLE,2023,96.54
PRODUCTO_37,BELLEZA,CHILE,HUAWEI,2024,143.24
PRODUCTO_37,BELLEZA,PERU,LG,2018,43.79
PRODUCTO_37,BELLEZA,PERU,HUAWEI,2019,55.97
PRODUCTO_37,BELLEZA,PERU,LG,2020,168.18
PRODUCTO_37,BELLEZA,PERU,APPLE,2021,17.2
PRODUCTO_37,BELLEZA,PERU,SAMSUNG,2022,92.32
PRODUCTO_37,BELLEZA,PERU,XIAOMI,2023,84.65
PRODUCTO_37,BELLEZA,PERU,LG,2024,155.43
PRODUCTO_37,BELLEZA,COLOMBIA,SAMSUNG,2018,66.64
PRODUCTO_37,BELLEZA,COLOMBIA,DELL,2019,152.86
PRODUCTO_37,BELLEZA,COLOMBIA,APPLE,2020,189.78
PRODUCTO_37,BELLEZA,COLOMBIA,SAMSUNG,2021,116.93
PRODUCTO_37,BELLEZA,COLOMBIA,HUAWEI,2022,69.69
PRODUCTO_37,BELLEZA,COLOMBIA,DELL,2023,119.87
PRODUCTO_37,BELLEZA,COLOMBIA,APPLE,2024,53.6
PRODUCTO_37,BELLEZA,MEXICO,LG,2018,9.99
PRODUCTO_37,BELLEZA,MEXICO,SAMSUNG,2019,194.5
PRODUCTO_37,BELLEZA,MEXICO,HUAWEI,2020,97.87
PRODUCTO_37,BELLEZA,MEXICO,XIAOMI,2021,14.94
PRODUCTO_37,BELLEZA,MEXICO,APPLE,2022,112.89
PRODUCTO_37,BELLEZA,MEXICO,XIAOMI,2023,162.04
PRODUCTO_37,BELLEZA,MEXICO,DELL,2024,72.67
PRODUCTO_37,BELLEZA,ARGENTINA,HUAWEI,2018,22.53
PRODUCTO_37,BELLEZA,ARGENTINA,DELL,2019,90.29
PRODUCTO_37,BELLEZA,ARGENTINA,HP,2020,63.84
PRODUCTO_37,BELLEZA,ARGENTINA,SONY,2021,157.76
PRODUCTO_37,BELLEZA,ARGENTINA,APPLE,2022,37.04
PRODUCTO_37,BELLEZA,ARGENTINA,HP,2023,43.8
PRODUCTO_37,BELLEZA,ARGENTINA,HUAWEI,2024,38.26
PRODUCTO_37,BELLEZA,BRASIL,HP,2018,169.98
PRODUCTO_37,BELLEZA,BRASIL,HP,2019,90.01
PRODUCTO_37,BELLEZA,BRASIL,APPLE,2020,109.25
PRODUCTO_37,BELLEZA,BRASIL,LG,2021,96.19
PRODUCTO_37,BELLEZA,BRASIL,HUAWEI,2022,174.9
PRODUCTO_37,BELLEZA,BRASIL,DELL,2023,171.67
PRODUCTO_37,BELLEZA,BRASIL,SAMSUNG,2024,14.96
PRODUCTO_38,BELLEZA,CHILE,APPLE,2018,8.05
PRODUCTO_38,BELLEZA,CHILE,HUAWEI,2019,191.15
PRODUCTO_38,BELLEZA,CHILE,SONY,2020,31.64
PRODUCTO_38,BELLEZA,CHILE,LG,2021,188.86
PRODUCTO_38,BELLEZA,CHILE,SONY,2022,127.0
PRODUCTO_38,BELLEZA,CHILE,SONY,2023,144.64
PRODUCTO_38,BELLEZA,CHILE,LG,2024,136.03
PRODUCTO_38,BELLEZA,PERU,SONY,2018,113.26
PRODUCTO_38,BELLEZA,PERU,HUAWEI,2019,72.01
PRODUCTO_38,BELLEZA,PERU,HUAWEI,2020,35.02
PRODUCTO_38,BELLEZA,PERU,LG,2021,164.57
PRODUCTO_38,BELLEZA,PERU,APPLE,2022,39.42
PRODUCTO_38,BELLEZA,PERU,DELL,2023,199.45
PRODUCTO_38,BELLEZA,PERU,HUAWEI,2024,38.1
PRODUCTO_38,BELLEZA,COLOMBIA,XIAOMI,2018,199.57
PRODUCTO_38,BELLEZA,COLOMBIA,HP,2019,6.78
PRODUCTO_38,BELLEZA,COLOMBIA,SONY,2020,117.91
PRODUCTO_38,BELLEZA,COLOMBIA,HUAWEI,2021,25.79
PRODUCTO_38,BELLEZA,COLOMBIA,SAMSUNG,2022,154.35
PRODUCTO_38,BELLEZA,COLOMBIA,HP,2023,196.2
PRODUCTO_38,BELLEZA,COLOMBIA,SONY,2024,5.08
PRODUCTO_38,BELLEZA,MEXICO,DELL,2018,196.41
PRODUCTO_38,BELLEZA,MEXICO,LG,2019,72.77
PRODUCTO_38,BELLEZA,MEXICO,APPLE,2020,74.99
PRODUCTO_38,BELLEZA,MEXICO,DELL,2021,115.15
PRODUCTO_38,BELLEZA,MEXICO,SAMSUNG,2022,173.28
PRODUCTO_38,BELLEZA,MEXICO,SAMSUNG,2023,112.11
PRODUCTO_38,BELLEZA,MEXICO,LG,2024,150.91
PRODUCTO_38,BELLEZA,ARGENTINA,APPLE,2018,63.09
PRODUCTO_38,BELLEZA,ARGENTINA,SAMSUNG,2019,22.0
PRODUCTO_38,BELLEZA,ARGENTINA,HUAWEI,2020,10.78
PRODUCTO_38,BELLEZA,ARGENTINA,SAMSUNG,2021,18.56
PRODUCTO_38,BELLEZA,ARGENTINA,HP,2022,57.25
PRODUCTO_38,BELLEZA,ARGENTINA,APPLE,2023,123.11
PRODUCTO_38,BELLEZA,ARGENTINA,HP,2024,126.97
PRODUCTO_38,BELLEZA,BRASIL,XIAOMI,2018,118.81
PRODUCTO_38,BELLEZA,BRASIL,XIAOMI,2019,94.72
PRODUCTO_38,BELLEZA,BRASIL,SAMSUNG,2020,192.12
PRODUCTO_38,BELLEZA,BRASIL,DELL,2021,174.95
PRODUCTO_38,BELLEZA,BRASIL,HUAWEI,2022,181.16
PRODUCTO_38,BELLEZA,BRASIL,HP,2023,48.31
PRODUCTO_38,BELLEZA,BRASIL,SAMSUNG,2024,23.59
PRODUCTO_39,HOGAR,CHILE,HP,2018,218.34
PRODUCTO_39,HOGAR,CHILE,HP,2019,193.62
PRODUCTO_39,HOGAR,CHILE,APPLE,2020,211.17
PRODUCTO_39,HOGAR,CHILE,HUAWEI,2021,226.25
PRODUCTO_39,HOGAR,CHILE,HUAWEI,2022,51.86
PRODUCTO_39,HOGAR,CHILE,XIAOMI,2023,184.07
PRODUCTO_39,HOGAR,CHILE,HP,2024,285.5
PRODUCTO_39,HOGAR,PERU,HUAWEI,2018,162.13
PRODUCTO_39,HOGAR,PERU,DELL,2019,29.21
PRODUCTO_39,HOGAR,PERU,HP,2020,292.83
PRODUCTO_39,HOGAR,PERU,HP,2021,265.58
PRODUCTO_39,HOGAR,PERU,DELL,2022,160.23
PRODUCTO_39,HOGAR,PERU,SAMSUNG,2023,92.59
PRODUCTO_39,HOGAR,PERU,APPLE,2024,113.65
PRODUCTO_39,HOGAR,COLOMBIA,LG,2018,42.12
PRODUCTO_39,HOGAR,COLOMBIA,SONY,2019,200.11
PRODUCTO_39,HOGAR,COLOMBIA,HUAWEI,2020,86.69
PRODUCTO_39,HOGAR,COLOMBIA,LG,2021,23.68
PRODUCTO_39,HOGAR,COLOMBIA,SAMSUNG,2022,95.06
PRODUCTO_39,HOGAR,COLOMBIA,LG,2023,256.06
PRODUCTO_39,HOGAR,COLOMBIA,LG,2024,213.1
PRODUCTO_39,HOGAR,MEXICO,APPLE,2018,277.59
PRODUCTO_39,HOGAR,MEXICO,SONY,2019,28.62
PRODUCTO_39,HOGAR,MEXICO,HP,2020,207.96
PRODUCTO_39,HOGAR,MEXICO,SAMSUNG,2021,244.22
PRODUCTO_39,HOGAR,MEXICO,SONY,2022,14.0
PRODUCTO_39,HOGAR,MEXICO,HP,2023,214.55
PRODUCTO_39,HOGAR,MEXICO,SONY,2024,212.54
PRODUCTO_39,HOGAR,ARGENTINA,SAMSUNG,2018,139.07
PRODUCTO_39,HOGAR,ARGENTINA,LG,2019,63.64
PRODUCTO_39,HOGAR,ARGENTINA,DELL,2020,41.03
PRODUCTO_39,HOGAR,ARGENTINA,HUAWEI,2021,35.98
PRODUCTO_39,HOGAR,ARGENTINA,HUAWEI,2022,185.71
PRODUCTO_39,HOGAR,ARGENTINA,SONY,2023,143.98
PRODUCTO_39,HOGAR,ARGENTINA,SAMSUNG,2024,52.83
PRODUCTO_39,HOGAR,BRASIL,DELL,2018,82.44
PRODUCTO_39,HOGAR,BRASIL,HP,2019,55.65
PRODUCTO_39,HOGAR,BRASIL,APPLE,2020,46.93
PRODUCTO_39,HOGAR,BRASIL,LG,2021,245.29
PRODUCTO_39,HOGAR,BRASIL,DELL,2022,214.63
PRODUCTO_39,HOGAR,BRASIL,HUAWEI,2023,90.54
PRODUCTO_39,HOGAR,BRASIL,LG,2024,203.0
PRODUCTO_40,DEPORTE,CHILE,DELL,2018,215.95
PRODUCTO_40,DEPORTE,CHILE,SONY,2019,107.56
PRODUCTO_40,DEPORTE,CHILE,DELL,2020,81.69
PRODUCTO_40,DEPORTE,CHILE,SONY,2021,17.68
PRODUCTO_40,DEPORTE,CHILE,HP,2022,353.59
PRODUCTO_40,DEPORTE,CHILE,DELL,2023,30.51
PRODUCTO_40,DEPORTE,CHILE,XIAOMI,2024,379.0
PRODUCTO_40,DEPORTE,PERU,HUAWEI,2018,50.12
PRODUCTO_40,DEPORTE,PERU,APPLE,2019,89.82
PRODUCTO_40,DEPORTE,PERU,DELL,2020,156.4
PRODUCTO_40,DEPORTE,PERU,SONY,2021,356.98
PRODUCTO_40,DEPORTE,PERU,APPLE,2022,325.41
PRODUCTO_40,DEPORTE,PERU,XIAOMI,2023,346.61
PRODUCTO_40,DEPORTE,PERU,SONY,2024,128.89
PRODUCTO_40,DEPORTE,COLOMBIA,HP,2018,257.96
PRODUCTO_40,DEPORTE,COLOMBIA,HUAWEI,2019,79.16
PRODUCTO_40,DEPORTE,COLOMBIA,SONY,2020,331.96
PRODUCTO_40,DEPORTE,COLOMBIA,SONY,2021,130.27
PRODUCTO_40,DEPORTE,COLOMBIA,SONY,2022,183.32
PRODUCTO_40,DEPORTE,COLOMBIA,DELL,2023,224.01
PRODUCTO_40,DEPORTE,COLOMBIA,DELL,2024,183.37
PRODUCTO_40,DEPORTE,MEXICO,APPLE,2018,188.24
PRODUCTO_40,DEPORTE,MEXICO,DELL,2019,125.23
PRODUCTO_40,DEPORTE,MEXICO,HP,2020,194.33
PRODUCTO_40,DEPORTE,MEXICO,APPLE,2021,43.86
PRODUCTO_40,DEPORTE,MEXICO,XIAOMI,2022,96.44
PRODUCTO_40,DEPORTE,MEXICO,LG,2023,323.31
PRODUCTO_40,DEPORTE,MEXICO,HP,2024,356.54
PRODUCTO_40,DEPORTE,ARGENTINA,HP,2018,166.14
PRODUCTO_40,DEPORTE,ARGENTINA,APPLE,2019,296.74
PRODUCTO_40,DEPORTE,ARGENTINA,XIAOMI,2020,306.5
PRODUCTO_40,DEPORTE,ARGENTINA,SAMSUNG,2021,280.13
PRODUCTO_40,DEPORTE,ARGENTINA,XIAOMI,2022,66.41
PRODUCTO_40,DEPORTE,ARGENTINA,SAMSUNG,2023,121.83
PRODUCTO_40,DEPORTE,ARGENTINA,LG,2024,62.17
PRODUCTO_40,DEPORTE,BRASIL,XIAOMI,2018,236.14
PRODUCTO_40,DEPORTE,BRASIL,SONY,2019,238.02
PRODUCTO_40,DEPORTE,BRASIL,APPLE,2020,232.35
PRODUCTO_40,DEPORTE,BRASIL,SAMSUNG,2021,126.21
PRODUCTO_40,DEPORTE,BRASIL,APPLE,2022,193.43
PRODUCTO_40,DEPORTE,BRASIL,SAMSUNG,2023,220.73
PRODUCTO_40,DEPORTE,BRASIL,APPLE,2024,218.1
PRODUCTO_41,JUGUETERÍA,CHILE,APPLE,2018,26.37
PRODUCTO_41,JUGUETERÍA,CHILE,HP,2019,19.31
PRODUCTO_41,JUGUETERÍA,CHILE,APPLE,2020,27.83
PRODUCTO_41,JUGUETERÍA,CHILE,HP,2021,119.02
PRODUCTO_41,JUGUETERÍA,CHILE,SAMSUNG,2022,30.99
PRODUCTO_41,JUGUETERÍA,CHILE,HP,2023,5.44
PRODUCTO_41,JUGUETERÍA,CHILE,LG,2024,38.96
PRODUCTO_41,JUGUETERÍA,PERU,LG,2018,100.18
PRODUCTO_41,JUGUETERÍA,PERU,APPLE,2019,10.52
PRODUCTO_41,JUGUETERÍA,PERU,LG,2020,70.92
PRODUCTO_41,JUGUETERÍA,PERU,HP,2021,32.82
PRODUCTO_41,JUGUETERÍA,PERU,XIAOMI,2022,58.76
PRODUCTO_41,JUGUETERÍA,PERU,DELL,2023,80.73
PRODUCTO_41,JUGUETERÍA,PERU,SAMSUNG,2024,34.2
PRODUCTO_41,JUGUETERÍA,COLOMBIA,XIAOMI,2018,20.44
PRODUCTO_41,JUGUETERÍA,COLOMBIA,HP,2019,101.28
PRODUCTO_41,JUGUETERÍA,COLOMBIA,SONY,2020,72.15
PRODUCTO_41,JUGUETERÍA,COLOMBIA,HUAWEI,2021,65.25
PRODUCTO_41,JUGUETERÍA,COLOMBIA,APPLE,2022,65.37
PRODUCTO_41,JUGUETERÍA,COLOMBIA,HUAWEI,2023,35.24
PRODUCTO_41,JUGUETERÍA,COLOMBIA,LG,2024,10.85
PRODUCTO_41,JUGUETERÍA,MEXICO,DELL,2018,67.82
PRODUCTO_41,JUGUETERÍA,MEXICO,LG,2019,54.22
PRODUCTO_41,JUGUETERÍA,MEXICO,LG,2020,108.88
PRODUCTO_41,JUGUETERÍA,MEXICO,XIAOMI,2021,61.75
PRODUCTO_41,JUGUETERÍA,MEXICO,SONY,2022,32.95
PRODUCTO_41,JUGUETERÍA,MEXICO,DELL,2023,110.45
PRODUCTO_41,JUGUETERÍA,MEXICO,HUAWEI,2024,63.51
PRODUCTO_41,JUGUETERÍA,ARGENTINA,SONY,2018,27.99
PRODUCTO_41,JUGUETERÍA,ARGENTINA,XIAOMI,2019,58.71
PRODUCTO_41,JUGUETERÍA,ARGENTINA,SONY,2020,38.7
PRODUCTO_41,JUGUETERÍA,ARGENTINA,XIAOMI,2021,27.27
PRODUCTO_41,JUGUETERÍA,ARGENTINA,APPLE,2022,113.02
PRODUCTO_41,JUGUETERÍA,ARGENTINA,DELL,2023,43.26
PRODUCTO_41,JUGUETERÍA,ARGENTINA,HUAWEI,2024,79.2
PRODUCTO_41,JUGUETERÍA,BRASIL,DELL,2018,107.41
PRODUCTO_41,JUGUETERÍA,BRASIL,LG,2019,109.35
PRODUCTO_41,JUGUETERÍA,BRASIL,HUAWEI,2020,76.49
PRODUCTO_41,JUGUETERÍA,BRASIL,APPLE,2021,104.79
PRODUCTO_41,JUGUETERÍA,BRASIL,LG,2022,112.78
PRODUCTO_41,JUGUETERÍA,BRASIL,APPLE,2023,65.07
PRODUCTO_41,JUGUETERÍA,BRASIL,XIAOMI,2024,81.14
PRODUCTO_42,AUTOMOTRIZ,CHILE,SONY,2018,603.81
PRODUCTO_42,AUTOMOTRIZ,CHILE,DELL,2019,44.63
PRODUCTO_42,AUTOMOTRIZ,CHILE,DELL,2020,694.41
PRODUCTO_42,AUTOMOTRIZ,CHILE,DELL,2021,365.06
PRODUCTO_42,AUTOMOTRIZ,CHILE,HP,2022,545.92
PRODUCTO_42,AUTOMOTRIZ,CHILE,SAMSUNG,2023,563.12
PRODUCTO_42,AUTOMOTRIZ,CHILE,LG,2024,549.68
PRODUCTO_42,AUTOMOTRIZ,PERU,SAMSUNG,2018,429.34
PRODUCTO_42,AUTOMOTRIZ,PERU,DELL,2019,643.17
PRODUCTO_42,AUTOMOTRIZ,PERU,SONY,2020,444.17
PRODUCTO_42,AUTOMOTRIZ,PERU,SONY,2021,648.75
PRODUCTO_42,AUTOMOTRIZ,PERU,HP,2022,413.91
PRODUCTO_42,AUTOMOTRIZ,PERU,HP,2023,595.68
PRODUCTO_42,AUTOMOTRIZ,PERU,APPLE,2024,367.04
PRODUCTO_42,AUTOMOTRIZ,COLOMBIA,XIAOMI,2018,526.54
PRODUCTO_42,AUTOMOTRIZ,COLOMBIA,HUAWEI,2019,743.79
PRODUCTO_42,AUTOMOTRIZ,COLOMBIA,APPLE,2020,347.15
PRODUCTO_42,AUTOMOTRIZ,COLOMBIA,APPLE,2021,329.23
PRODUCTO_42,AUTOMOTRIZ,COLOMBIA,XIAOMI,2022,746.16
PRODUCTO_42,AUTOMOTRIZ,COLOMBIA,XIAOMI,2023,410.57
PRODUCTO_42,AUTOMOTRIZ,COLOMBIA,XIAOMI,2024,436.48
PRODUCTO_42,AUTOMOTRIZ,MEXICO,HUAWEI,2018,447.69
PRODUCTO_42,AUTOMOTRIZ,MEXICO,SAMSUNG,2019,260.93
PRODUCTO_42,AUTOMOTRIZ,MEXICO,HUAWEI,2020,393.0
PRODUCTO_42,AUTOMOTRIZ,MEXICO,LG,2021,518.88
PRODUCTO_42,AUTOMOTRIZ,MEXICO,DELL,2022,229.64
PRODUCTO_42,AUTOMOTRIZ,MEXICO,SONY,2023,333.83
PRODUCTO_42,AUTOMOTRIZ,MEXICO,APPLE,2024,58.56
PRODUCTO_42,AUTOMOTRIZ,ARGENTINA,APPLE,2018,133.5
PRODUCTO_42,AUTOMOTRIZ,ARGENTINA,DELL,2019,293.31
PRODUCTO_42,AUTOMOTRIZ,ARGENTINA,SONY,2020,598.75
PRODUCTO_42,AUTOMOTRIZ,ARGENTINA,SAMSUNG,2021,745.37
PRODUCTO_42,AUTOMOTRIZ,ARGENTINA,HUAWEI,2022,654.42
PRODUCTO_42,AUTOMOTRIZ,ARGENTINA,LG,2023,700.75
PRODUCTO_42,AUTOMOTRIZ,ARGENTINA,LG,2024,524.13
PRODUCTO_42,AUTOMOTRIZ,BRASIL,LG,2018,733.62
PRODUCTO_42,AUTOMOTRIZ,BRASIL,HP,2019,247.68
PRODUCTO_42,AUTOMOTRIZ,BRASIL,HUAWEI,2020,118.78
PRODUCTO_42,AUTOMOTRIZ,BRASIL,HUAWEI,2021,610.65
PRODUCTO_42,AUTOMOTRIZ,BRASIL,HUAWEI,2022,115.05
PRODUCTO_42,AUTOMOTRIZ,BRASIL,APPLE,2023,476.76
PRODUCTO_42,AUTOMOTRIZ,BRASIL,SONY,2024,603.6
PRODUCTO_43,JUGUETERÍA,CHILE,APPLE,2018,37.15
PRODUCTO_43,JUGUETERÍA,CHILE,LG,2019,69.54
PRODUCTO_43,JUGUETERÍA,CHILE,XIAOMI,2020,11.32
PRODUCTO_43,JUGUETERÍA,CHILE,LG,2021,44.5
PRODUCTO_43,JUGUETERÍA,CHILE,DELL,2022,68.78
PRODUCTO_43,JUGUETERÍA,CHILE,LG,2023,72.44
PRODUCTO_43,JUGUETERÍA,CHILE,SONY,2024,71.4
PRODUCTO_43,JUGUETERÍA,PERU,APPLE,2018,24.62
PRODUCTO_43,JUGUETERÍA,PERU,SAMSUNG,2019,58.43
PRODUCTO_43,JUGUETERÍA,PERU,LG,2020,41.24
PRODUCTO_43,JUGUETERÍA,PERU,HP,2021,38.16
PRODUCTO_43,JUGUETERÍA,PERU,HP,2022,47.61
PRODUCTO_43,JUGUETERÍA,PERU,DELL,2023,59.85
PRODUCTO_43,JUGUETERÍA,PERU,LG,2024,80.74
PRODUCTO_43,JUGUETERÍA,COLOMBIA,XIAOMI,2018,68.51
PRODUCTO_43,JUGUETERÍA,COLOMBIA,DELL,2019,65.78
PRODUCTO_43,JUGUETERÍA,COLOMBIA,XIAOMI,2020,104.96
PRODUCTO_43,JUGUETERÍA,COLOMBIA,HUAWEI,2021,67.32
PRODUCTO_43,JUGUETERÍA,COLOMBIA,APPLE,2022,79.15
PRODUCTO_43,JUGUETERÍA,COLOMBIA,SONY,2023,8.12
PRODUCTO_43,JUGUETERÍA,COLOMBIA,LG,2024,11.43
PRODUCTO_43,JUGUETERÍA,MEXICO,HUAWEI,2018,88.21
PRODUCTO_43,JUGUETERÍA,MEXICO,HUAWEI,2019,36.41
PRODUCTO_43,JUGUETERÍA,MEXICO,DELL,2020,65.12
PRODUCTO_43,JUGUETERÍA,MEXICO,XIAOMI,2021,115.09
PRODUCTO_43,JUGUETERÍA,MEXICO,XIAOMI,2022,99.69
PRODUCTO_43,JUGUETERÍA,MEXICO,HUAWEI,2023,65.39
PRODUCTO_43,JUGUETERÍA,MEXICO,DELL,2024,47.18
PRODUCTO_43,JUGUETERÍA,ARGENTINA,SONY,2018,119.26
PRODUCTO_43,JUGUETERÍA,ARGENTINA,DELL,2019,41.59
PRODUCTO_43,JUGUETERÍA,ARGENTINA,DELL,2020,58.05
PRODUCTO_43,JUGUETERÍA,ARGENTINA,HP,2021,32.6
PRODUCTO_43,JUGUETERÍA,ARGENTINA,XIAOMI,2022,80.64
PRODUCTO_43,JUGUETERÍA,ARGENTINA,DELL,2023,33.76
PRODUCTO_43,JUGUETERÍA,ARGENTINA,SAMSUNG,2024,116.56
PRODUCTO_43,JUGUETERÍA,BRASIL,LG,2018,56.96
PRODUCTO_43,JUGUETERÍA,BRASIL,SONY,2019,97.61
PRODUCTO_43,JUGUETERÍA,BRASIL,HP,2020,51.33
PRODUCTO_43,JUGUETERÍA,BRASIL,SAMSUNG,2021,112.02
PRODUCTO_43,JUGUETERÍA,BRASIL,SAMSUNG,2022,9.21
PRODUCTO_43,JUGUETERÍA,BRASIL,HP,2023,77.15
PRODUCTO_43,JUGUETERÍA,BRASIL,LG,2024,97.45
PRODUCTO_44,ELECTRÓNICA,CHILE,DELL,2018,350.47
PRODUCTO_44,ELECTRÓNICA,CHILE,APPLE,2019,1478.08
PRODUCTO_44,ELECTRÓNICA,CHILE,SAMSUNG,2020,365.86
PRODUCTO_44,ELECTRÓNICA,CHILE,HP,2021,1121.38
PRODUCTO_44,ELECTRÓNICA,CHILE,HP,2022,1127.19
PRODUCTO_44,ELECTRÓNICA,CHILE,APPLE,2023,585.82
PRODUCTO_44,ELECTRÓNICA,CHILE,SAMSUNG,2024,551.76
PRODUCTO_44,ELECTRÓNICA,PERU,HUAWEI,2018,828.89
PRODUCTO_44,ELECTRÓNICA,PERU,DELL,2019,845.94
PRODUCTO_44,ELECTRÓNICA,PERU,HUAWEI,2020,1322.84
PRODUCTO_44,ELECTRÓNICA,PERU,SAMSUNG,2021,256.67
PRODUCTO_44,ELECTRÓNICA,PERU,XIAOMI,2022,247.3
PRODUCTO_44,ELECTRÓNICA,PERU,LG,2023,400.05
PRODUCTO_44,ELECTRÓNICA,PERU,LG,2024,1052.37
PRODUCTO_44,ELECTRÓNICA,COLOMBIA,HP,2018,426.38
PRODUCTO_44,ELECTRÓNICA,COLOMBIA,XIAOMI,2019,435.05
PRODUCTO_44,ELECTRÓNICA,COLOMBIA,HP,2020,653.33
PRODUCTO_44,ELECTRÓNICA,COLOMBIA,SAMSUNG,2021,545.46
PRODUCTO_44,ELECTRÓNICA,COLOMBIA,HP,2022,1214.67
PRODUCTO_44,ELECTRÓNICA,COLOMBIA,HP,2023,343.72
PRODUCTO_44,ELECTRÓNICA,COLOMBIA,HUAWEI,2024,404.05
PRODUCTO_44,ELECTRÓNICA,MEXICO,APPLE,2018,971.6
PRODUCTO_44,ELECTRÓNICA,MEXICO,HUAWEI,2019,154.52
PRODUCTO_44,ELECTRÓNICA,MEXICO,XIAOMI,2020,225.13
PRODUCTO_44,ELECTRÓNICA,MEXICO,DELL,2021,1098.62
PRODUCTO_44,ELECTRÓNICA,MEXICO,HUAWEI,2022,968.24
PRODUCTO_44,ELECTRÓNICA,MEXICO,APPLE,2023,509.54
PRODUCTO_44,ELECTRÓNICA,MEXICO,HP,2024,1218.55
PRODUCTO_44,ELECTRÓNICA,ARGENTINA,SAMSUNG,2018,1040.3
PRODUCTO_44,ELECTRÓNICA,ARGENTINA,HUAWEI,2019,618.76
PRODUCTO_44,ELECTRÓNICA,ARGENTINA,HUAWEI,2020,1084.89
PRODUCTO_44,ELECTRÓNICA,ARGENTINA,HUAWEI,2021,424.89
PRODUCTO_44,ELECTRÓNICA,ARGENTINA,SONY,2022,991.57
PRODUCTO_44,ELECTRÓNICA,ARGENTINA,SAMSUNG,2023,1084.91
PRODUCTO_44,ELECTRÓNICA,ARGENTINA,HUAWEI,2024,1286.52
PRODUCTO_44,ELECTRÓNICA,BRASIL,SAMSUNG,2018,349.51
PRODUCTO_44,ELECTRÓNICA,BRASIL,HP,2019,625.35
PRODUCTO_44,ELECTRÓNICA,BRASIL,SAMSUNG,2020,1463.6
PRODUCTO_44,ELECTRÓNICA,BRASIL,HP,2021,1263.81
PRODUCTO_44,ELECTRÓNICA,BRASIL,XIAOMI,2022,593.84
PRODUCTO_44,ELECTRÓNICA,BRASIL,HP,2023,633.11
PRODUCTO_44,ELECTRÓNICA,BRASIL,SAMSUNG,2024,159.29
PRODUCTO_45,COMPUTACIÓN,CHILE,DELL,2018,1461.44
PRODUCTO_45,COMPUTACIÓN,CHILE,SAMSUNG,2019,1677.24
PRODUCTO_45,COMPUTACIÓN,CHILE,LG,2020,1132.38
PRODUCTO_45,COMPUTACIÓN,CHILE,SONY,2021,1880.26
PRODUCTO_45,COMPUTACIÓN,CHILE,APPLE,2022,332.38
PRODUCTO_45,COMPUTACIÓN,CHILE,HP,2023,881.05
PRODUCTO_45,COMPUTACIÓN,CHILE,HUAWEI,2024,813.47
PRODUCTO_45,COMPUTACIÓN,PERU,SONY,2018,772.96
PRODUCTO_45,COMPUTACIÓN,PERU,LG,2019,205.85
PRODUCTO_45,COMPUTACIÓN,PERU,APPLE,2020,1342.28
PRODUCTO_45,COMPUTACIÓN,PERU,HP,2021,1938.08
PRODUCTO_45,COMPUTACIÓN,PERU,HP,2022,312.15
PRODUCTO_45,COMPUTACIÓN,PERU,DELL,2023,1529.46
PRODUCTO_45,COMPUTACIÓN,PERU,SONY,2024,1346.14
PRODUCTO_45,COMPUTACIÓN,COLOMBIA,DELL,2018,584.82
PRODUCTO_45,COMPUTACIÓN,COLOMBIA,HUAWEI,2019,883.25
PRODUCTO_45,COMPUTACIÓN,COLOMBIA,SAMSUNG,2020,1541.69
PRODUCTO_45,COMPUTACIÓN,COLOMBIA,HUAWEI,2021,1002.61
PRODUCTO_45,COMPUTACIÓN,COLOMBIA,XIAOMI,2022,1438.02
PRODUCTO_45,COMPUTACIÓN,COLOMBIA,SAMSUNG,2023,918.89
PRODUCTO_45,COMPUTACIÓN,COLOMBIA,DELL,2024,323.85
PRODUCTO_45,COMPUTACIÓN,MEXICO,XIAOMI,2018,1582.52
PRODUCTO_45,COMPUTACIÓN,MEXICO,LG,2019,1666.25
PRODUCTO_45,COMPUTACIÓN,MEXICO,XIAOMI,2020,1550.84
PRODUCTO_45,COMPUTACIÓN,MEXICO,XIAOMI,2021,1352.64
PRODUCTO_45,COMPUTACIÓN,MEXICO,XIAOMI,2022,168.71
PRODUCTO_45,COMPUTACIÓN,MEXICO,SAMSUNG,2023,310.51
PRODUCTO_45,COMPUTACIÓN,MEXICO,LG,2024,136.85
PRODUCTO_45,COMPUTACIÓN,ARGENTINA,HP,2018,820.44
PRODUCTO_45,COMPUTACIÓN,ARGENTINA,APPLE,2019,1844.74
PRODUCTO_45,COMPUTACIÓN,ARGENTINA,HP,2020,462.42
PRODUCTO_45,COMPUTACIÓN,ARGENTINA,LG,2021,638.68
PRODUCTO_45,COMPUTACIÓN,ARGENTINA,DELL,2022,1114.61
PRODUCTO_45,COMPUTACIÓN,ARGENTINA,HUAWEI,2023,1165.83
PRODUCTO_45,COMPUTACIÓN,ARGENTINA,LG,2024,1701.5
PRODUCTO_45,COMPUTACIÓN,BRASIL,APPLE,2018,343.29
PRODUCTO_45,COMPUTACIÓN,BRASIL,XIAOMI,2019,1943.88
PRODUCTO_45,COMPUTACIÓN,BRASIL,XIAOMI,2020,382.57
PRODUCTO_45,COMPUTACIÓN,BRASIL,SAMSUNG,2021,1609.38
PRODUCTO_45,COMPUTACIÓN,BRASIL,DELL,2022,702.81
PRODUCTO_45,COMPUTACIÓN,BRASIL,APPLE,2023,172.8
PRODUCTO_45,COMPUTACIÓN,BRASIL,DELL,2024,1008.25
PRODUCTO_46,BELLEZA,CHILE,XIAOMI,2018,7.2
PRODUCTO_46,BELLEZA,CHILE,DELL,2019,114.3
PRODUCTO_46,BELLEZA,CHILE,HP,2020,10.01
PRODUCTO_46,BELLEZA,CHILE,DELL,2021,81.53
PRODUCTO_46,BELLEZA,CHILE,SAMSUNG,2022,146.69
PRODUCTO_46,BELLEZA,CHILE,SONY,2023,103.04
PRODUCTO_46,BELLEZA,CHILE,HUAWEI,2024,79.37
PRODUCTO_46,BELLEZA,PERU,HP,2018,189.14
PRODUCTO_46,BELLEZA,PERU,LG,2019,179.76
PRODUCTO_46,BELLEZA,PERU,SAMSUNG,2020,172.17
PRODUCTO_46,BELLEZA,PERU,LG,2021,73.29
PRODUCTO_46,BELLEZA,PERU,HUAWEI,2022,163.04
PRODUCTO_46,BELLEZA,PERU,HUAWEI,2023,76.06
PRODUCTO_46,BELLEZA,PERU,DELL,2024,56.58
PRODUCTO_46,BELLEZA,COLOMBIA,HUAWEI,2018,169.57
PRODUCTO_46,BELLEZA,COLOMBIA,HP,2019,15.27
PRODUCTO_46,BELLEZA,COLOMBIA,DELL,2020,99.44
PRODUCTO_46,BELLEZA,COLOMBIA,APPLE,2021,152.65
PRODUCTO_46,BELLEZA,COLOMBIA,XIAOMI,2022,64.36
PRODUCTO_46,BELLEZA,COLOMBIA,HUAWEI,2023,78.63
PRODUCTO_46,BELLEZA,COLOMBIA,HP,2024,84.58
PRODUCTO_46,BELLEZA,MEXICO,LG,2018,158.1
PRODUCTO_46,BELLEZA,MEXICO,SONY,2019,143.68
PRODUCTO_46,BELLEZA,MEXICO,APPLE,2020,85.97
PRODUCTO_46,BELLEZA,MEXICO,XIAOMI,2021,148.76
PRODUCTO_46,BELLEZA,MEXICO,XIAOMI,2022,148.29
PRODUCTO_46,BELLEZA,MEXICO,HUAWEI,2023,61.03
PRODUCTO_46,BELLEZA,MEXICO,HP,2024,8.52
PRODUCTO_46,BELLEZA,ARGENTINA,SAMSUNG,2018,72.05
PRODUCTO_46,BELLEZA,ARGENTINA,SAMSUNG,2019,18.05
PRODUCTO_46,BELLEZA,ARGENTINA,LG,2020,182.82
PRODUCTO_46,BELLEZA,ARGENTINA,APPLE,2021,187.87
PRODUCTO_46,BELLEZA,ARGENTINA,SONY,2022,55.49
PRODUCTO_46,BELLEZA,ARGENTINA,XIAOMI,2023,110.27
PRODUCTO_46,BELLEZA,ARGENTINA,LG,2024,178.48
PRODUCTO_46,BELLEZA,BRASIL,XIAOMI,2018,31.82
PRODUCTO_46,BELLEZA,BRASIL,LG,2019,89.33
PRODUCTO_46,BELLEZA,BRASIL,APPLE,2020,139.43
PRODUCTO_46,BELLEZA,BRASIL,SAMSUNG,2021,137.26
PRODUCTO_46,BELLEZA,BRASIL,SONY,2022,86.34
PRODUCTO_46,BELLEZA,BRASIL,SAMSUNG,2023,6.81
PRODUCTO_46,BELLEZA,BRASIL,HUAWEI,2024,65.12
PRODUCTO_47,COMPUTACIÓN,CHILE,XIAOMI,2018,547.67
PRODUCTO_47,COMPUTACIÓN,CHILE,DELL,2019,1482.59
PRODUCTO_47,COMPUTACIÓN,CHILE,SONY,2020,1525.4
PRODUCTO_47,COMPUTACIÓN,CHILE,XIAOMI,2021,1193.48
PRODUCTO_47,COMPUTACIÓN,CHILE,APPLE,2022,499.58
PRODUCTO_47,COMPUTACIÓN,CHILE,HUAWEI,2023,1682.36
PRODUCTO_47,COMPUTACIÓN,CHILE,LG,2024,1553.04
PRODUCTO_47,COMPUTACIÓN,PERU,SAMSUNG,2018,1624.76
PRODUCTO_47,COMPUTACIÓN,PERU,XIAOMI,2019,1779.63
PRODUCTO_47,COMPUTACIÓN,PERU,XIAOMI,2020,1565.78
PRODUCTO_47,COMPUTACIÓN,PERU,LG,2021,824.79
PRODUCTO_47,COMPUTACIÓN,PERU,SAMSUNG,2022,518.41
PRODUCTO_47,COMPUTACIÓN,PERU,HUAWEI,2023,215.74
PRODUCTO_47,COMPUTACIÓN,PERU,DELL,2024,150.06
PRODUCTO_47,COMPUTACIÓN,COLOMBIA,HUAWEI,2018,844.39
PRODUCTO_47,COMPUTACIÓN,COLOMBIA,XIAOMI,2019,1027.38
PRODUCTO_47,COMPUTACIÓN,COLOMBIA,XIAOMI,2020,1991.86
PRODUCTO_47,COMPUTACIÓN,COLOMBIA,APPLE,2021,141.59
PRODUCTO_47,COMPUTACIÓN,COLOMBIA,DELL,2022,281.78
PRODUCTO_47,COMPUTACIÓN,COLOMBIA,SAMSUNG,2023,507.73
PRODUCTO_47,COMPUTACIÓN,COLOMBIA,HUAWEI,2024,1471.18
PRODUCTO_47,COMPUTACIÓN,MEXICO,SAMSUNG,2018,832.39
PRODUCTO_47,COMPUTACIÓN,MEXICO,DELL,2019,921.9
PRODUCTO_47,COMPUTACIÓN,MEXICO,APPLE,2020,1133.48
PRODUCTO_47,COMPUTACIÓN,MEXICO,SAMSUNG,2021,127.25
PRODUCTO_47,COMPUTACIÓN,MEXICO,APPLE,2022,1139.83
PRODUCTO_47,COMPUTACIÓN,MEXICO,SONY,2023,990.16
PRODUCTO_47,COMPUTACIÓN,MEXICO,SAMSUNG,2024,762.77
PRODUCTO_47,COMPUTACIÓN,ARGENTINA,APPLE,2018,1345.59
PRODUCTO_47,COMPUTACIÓN,ARGENTINA,LG,2019,481.07
PRODUCTO_47,COMPUTACIÓN,ARGENTINA,APPLE,2020,1916.69
PRODUCTO_47,COMPUTACIÓN,ARGENTINA,SONY,2021,1193.75
PRODUCTO_47,COMPUTACIÓN,ARGENTINA,SONY,2022,676.08
PRODUCTO_47,COMPUTACIÓN,ARGENTINA,LG,2023,116.84
PRODUCTO_47,COMPUTACIÓN,ARGENTINA,SAMSUNG,2024,454.01
PRODUCTO_47,COMPUTACIÓN,BRASIL,DELL,2018,1617.38
PRODUCTO_47,COMPUTACIÓN,BRASIL,SONY,2019,367.76
PRODUCTO_47,COMPUTACIÓN,BRASIL,HP,2020,1234.98
PRODUCTO_47,COMPUTACIÓN,BRASIL,HP,2021,1266.32
PRODUCTO_47,COMPUTACIÓN,BRASIL,DELL,2022,1429.91
PRODUCTO_47,COMPUTACIÓN,BRASIL,LG,2023,1405.55
PRODUCTO_47,COMPUTACIÓN,BRASIL,APPLE,2024,460.1
PRODUCTO_48,AUTOMOTRIZ,CHILE,LG,2018,200.68
PRODUCTO_48,AUTOMOTRIZ,CHILE,DELL,2019,500.29
PRODUCTO_48,AUTOMOTRIZ,CHILE,HP,2020,578.26
PRODUCTO_48,AUTOMOTRIZ,CHILE,DELL,2021,43.43
PRODUCTO_48,AUTOMOTRIZ,CHILE,LG,2022,570.53
PRODUCTO_48,AUTOMOTRIZ,CHILE,DELL,2023,654.14
PRODUCTO_48,AUTOMOTRIZ,CHILE,SAMSUNG,2024,289.85
PRODUCTO_48,AUTOMOTRIZ,PERU,DELL,2018,789.87
PRODUCTO_48,AUTOMOTRIZ,PERU,HP,2019,557.2
PRODUCTO_48,AUTOMOTRIZ,PERU,APPLE,2020,516.27
PRODUCTO_48,AUTOMOTRIZ,PERU,APPLE,2021,159.68
PRODUCTO_48,AUTOMOTRIZ,PERU,LG,2022,647.43
PRODUCTO_48,AUTOMOTRIZ,PERU,XIAOMI,2023,365.3
PRODUCTO_48,AUTOMOTRIZ,PERU,DELL,2024,595.31
PRODUCTO_48,AUTOMOTRIZ,COLOMBIA,SAMSUNG,2018,430.56
PRODUCTO_48,AUTOMOTRIZ,COLOMBIA,SONY,2019,687.97
PRODUCTO_48,AUTOMOTRIZ,COLOMBIA,DELL,2020,557.34
PRODUCTO_48,AUTOMOTRIZ,COLOMBIA,SONY,2021,651.58
PRODUCTO_48,AUTOMOTRIZ,COLOMBIA,XIAOMI,2022,143.06
PRODUCTO_48,AUTOMOTRIZ,COLOMBIA,SONY,2023,74.08
PRODUCTO_48,AUTOMOTRIZ,COLOMBIA,APPLE,2024,410.93
PRODUCTO_48,AUTOMOTRIZ,MEXICO,SONY,2018,219.86
PRODUCTO_48,AUTOMOTRIZ,MEXICO,XIAOMI,2019,559.17
PRODUCTO_48,AUTOMOTRIZ,MEXICO,SONY,2020,382.64
PRODUCTO_48,AUTOMOTRIZ,MEXICO,SONY,2021,687.22
PRODUCTO_48,AUTOMOTRIZ,MEXICO,HP,2022,113.69
PRODUCTO_48,AUTOMOTRIZ,MEXICO,SAMSUNG,2023,766.77
PRODUCTO_48,AUTOMOTRIZ,MEXICO,XIAOMI,2024,703.83
PRODUCTO_48,AUTOMOTRIZ,ARGENTINA,SONY,2018,307.88
PRODUCTO_48,AUTOMOTRIZ,ARGENTINA,LG,2019,38.7
PRODUCTO_48,AUTOMOTRIZ,ARGENTINA,DELL,2020,481.72
PRODUCTO_48,AUTOMOTRIZ,ARGENTINA,DELL,2021,142.23
PRODUCTO_48,AUTOMOTRIZ,ARGENTINA,SAMSUNG,2022,644.56
PRODUCTO_48,AUTOMOTRIZ,ARGENTINA,LG,2023,174.43
PRODUCTO_48,AUTOMOTRIZ,ARGENTINA,APPLE,2024,635.82
PRODUCTO_48,AUTOMOTRIZ,BRASIL,SAMSUNG,2018,523.96
PRODUCTO_48,AUTOMOTRIZ,BRASIL,XIAOMI,2019,274.76
PRODUCTO_48,AUTOMOTRIZ,BRASIL,LG,2020,455.33
PRODUCTO_48,AUTOMOTRIZ,BRASIL,APPLE,2021,730.92
PRODUCTO_48,AUTOMOTRIZ,BRASIL,HUAWEI,2022,773.43
PRODUCTO_48,AUTOMOTRIZ,BRASIL,HP,2023,153.19
PRODUCTO_48,AUTOMOTRIZ,BRASIL,XIAOMI,2024,176.3
PRODUCTO_49,HOGAR,CHILE,LG,2018,63.91
PRODUCTO_49,HOGAR,CHILE,LG,2019,222.76
PRODUCTO_49,HOGAR,CHILE,SAMSUNG,2020,193.84
PRODUCTO_49,HOGAR,CHILE,LG,2021,56.17
PRODUCTO_49,HOGAR,CHILE,LG,2022,68.45
PRODUCTO_49,HOGAR,CHILE,HUAWEI,2023,103.06
PRODUCTO_49,HOGAR,CHILE,APPLE,2024,163.22
PRODUCTO_49,HOGAR,PERU,HUAWEI,2018,279.59
PRODUCTO_49,HOGAR,PERU,HP,2019,233.37
PRODUCTO_49,HOGAR,PERU,HP,2020,248.85
PRODUCTO_49,HOGAR,PERU,SAMSUNG,2021,170.81
PRODUCTO_49,HOGAR,PERU,SAMSUNG,2022,170.49
PRODUCTO_49,HOGAR,PERU,HUAWEI,2023,195.05
PRODUCTO_49,HOGAR,PERU,APPLE,2024,180.09
PRODUCTO_49,HOGAR,COLOMBIA,LG,2018,196.2
PRODUCTO_49,HOGAR,COLOMBIA,SAMSUNG,2019,167.96
PRODUCTO_49,HOGAR,COLOMBIA,SONY,2020,292.18
PRODUCTO_49,HOGAR,COLOMBIA,APPLE,2021,90.43
PRODUCTO_49,HOGAR,COLOMBIA,APPLE,2022,182.75
PRODUCTO_49,HOGAR,COLOMBIA,HUAWEI,2023,218.68
PRODUCTO_49,HOGAR,COLOMBIA,APPLE,2024,257.03
PRODUCTO_49,HOGAR,MEXICO,SONY,2018,139.94
PRODUCTO_49,HOGAR,MEXICO,SONY,2019,134.35
PRODUCTO_49,HOGAR,MEXICO,APPLE,2020,241.79
PRODUCTO_49,HOGAR,MEXICO,APPLE,2021,204.84
PRODUCTO_49,HOGAR,MEXICO,APPLE,2022,175.09
PRODUCTO_49,HOGAR,MEXICO,APPLE,2023,22.92
PRODUCTO_49,HOGAR,MEXICO,DELL,2024,25.34
PRODUCTO_49,HOGAR,ARGENTINA,LG,2018,195.4
PRODUCTO_49,HOGAR,ARGENTINA,XIAOMI,2019,139.24
PRODUCTO_49,HOGAR,ARGENTINA,LG,2020,225.23
PRODUCTO_49,HOGAR,ARGENTINA,SAMSUNG,2021,269.91
PRODUCTO_49,HOGAR,ARGENTINA,DELL,2022,94.21
PRODUCTO_49,HOGAR,ARGENTINA,SAMSUNG,2023,99.47
PRODUCTO_49,HOGAR,ARGENTINA,LG,2024,135.0
PRODUCTO_49,HOGAR,BRASIL,SAMSUNG,2018,170.21
PRODUCTO_49,HOGAR,BRASIL,LG,2019,206.71
PRODUCTO_49,HOGAR,BRASIL,DELL,2020,149.9
PRODUCTO_49,HOGAR,BRASIL,LG,2021,119.25
PRODUCTO_49,HOGAR,BRASIL,APPLE,2022,189.72
PRODUCTO_49,HOGAR,BRASIL,HUAWEI,2023,47.86
PRODUCTO_49,HOGAR,BRASIL,SONY,2024,31.52
PRODUCTO_50,JUGUETERÍA,CHILE,APPLE,2018,33.11
PRODUCTO_50,JUGUETERÍA,CHILE,SAMSUNG,2019,110.12
PRODUCTO_50,JUGUETERÍA,CHILE,DELL,2020,31.16
PRODUCTO_50,JUGUETERÍA,CHILE,SAMSUNG,2021,48.73
PRODUCTO_50,JUGUETERÍA,CHILE,LG,2022,69.85
PRODUCTO_50,JUGUETERÍA,CHILE,SONY,2023,104.39
PRODUCTO_50,JUGUETERÍA,CHILE,APPLE,2024,13.37
PRODUCTO_50,JUGUETERÍA,PERU,APPLE,2018,13.13
PRODUCTO_50,JUGUETERÍA,PERU,HUAWEI,2019,78.62
PRODUCTO_50,JUGUETERÍA,PERU,SONY,2020,84.27
PRODUCTO_50,JUGUETERÍA,PERU,SONY,2021,16.31
PRODUCTO_50,JUGUETERÍA,PERU,XIAOMI,2022,74.61
PRODUCTO_50,JUGUETERÍA,PERU,XIAOMI,2023,86.02
PRODUCTO_50,JUGUETERÍA,PERU,APPLE,2024,7.89
PRODUCTO_50,JUGUETERÍA,COLOMBIA,HUAWEI,2018,25.73
PRODUCTO_50,JUGUETERÍA,COLOMBIA,LG,2019,62.34
PRODUCTO_50,JUGUETERÍA,COLOMBIA,SONY,2020,35.82
PRODUCTO_50,JUGUETERÍA,COLOMBIA,HP,2021,27.61
PRODUCTO_50,JUGUETERÍA,COLOMBIA,APPLE,2022,34.06
PRODUCTO_50,JUGUETERÍA,COLOMBIA,HP,2023,93.4
PRODUCTO_50,JUGUETERÍA,COLOMBIA,LG,2024,94.26
PRODUCTO_50,JUGUETERÍA,MEXICO,APPLE,2018,62.48
PRODUCTO_50,JUGUETERÍA,MEXICO,DELL,2019,54.38
PRODUCTO_50,JUGUETERÍA,MEXICO,APPLE,2020,64.34
PRODUCTO_50,JUGUETERÍA,MEXICO,HP,2021,101.72
PRODUCTO_50,JUGUETERÍA,MEXICO,HP,2022,5.98
PRODUCTO_50,JUGUETERÍA,MEXICO,HUAWEI,2023,98.08
PRODUCTO_50,JUGUETERÍA,MEXICO,SONY,2024,5.86
PRODUCTO_50,JUGUETERÍA,ARGENTINA,LG,2018,64.74
PRODUCTO_50,JUGUETERÍA,ARGENTINA,LG,2019,69.08
PRODUCTO_50,JUGUETERÍA,ARGENTINA,XIAOMI,2020,15.6
PRODUCTO_50,JUGUETERÍA,ARGENTINA,SONY,2021,100.08
PRODUCTO_50,JUGUETERÍA,ARGENTINA,APPLE,2022,37.01
PRODUCTO_50,JUGUETERÍA,ARGENTINA,HP,2023,13.6
PRODUCTO_50,JUGUETERÍA,ARGENTINA,DELL,2024,107.77
PRODUCTO_50,JUGUETERÍA,BRASIL,APPLE,2018,28.77
PRODUCTO_50,JUGUETERÍA,BRASIL,SAMSUNG,2019,13.86
PRODUCTO_50,JUGUETERÍA,BRASIL,SONY,2020,13.28
PRODUCTO_50,JUGUETERÍA,BRASIL,SAMSUNG,2021,101.53
PRODUCTO_50,JUGUETERÍA,BRASIL,HUAWEI,2022,110.12
PRODUCTO_50,JUGUETERÍA,BRASIL,DELL,2023,24.39
PRODUCTO_50,JUGUETERÍA,BRASIL,APPLE,2024,118.86
